Workbook

Sheet Summary
A1: Test Results Summary – Gazebo Baseline + ArUco Simulation
A3: Overall KPI | B3: Value | C3: N / formula basis | D3: Notes | H3: Failure reason | I3: Count | J3: % of failed | K3: Notes
A4: Total mission runs | B4: =COUNTA('Combined Mission Data'!$C$2:$C$76) -> 75 | C4: =B4 -> 75 | D4: Baseline and ArUco sheets counted together | H4: local_target_timeout | I4: =COUNTIF('Combined Mission Data'!$E$2:$E$76,H4) -> 13 | J4: =IFERROR(I4/$B$6,0) -> 0.59090909
A5: Successful runs | B5: =COUNTIF('Combined Mission Data'!$D$2:$D$76,TRUE) -> 53 | C5: =B4 -> 75 | D5: Success flag = 1 | H5: run_timeout | I5: =COUNTIF('Combined Mission Data'!$E$2:$E$76,H5) -> 6 | J5: =IFERROR(I5/$B$6,0) -> 0.27272727
A6: Failed runs | B6: =COUNTIF('Combined Mission Data'!$D$2:$D$76,FALSE) -> 22 | C6: =B4 -> 75 | D6: Success flag = 0 | H6: holonomic_goal_timeout | I6: =COUNTIF('Combined Mission Data'!$E$2:$E$76,H6) -> 1 | J6: =IFERROR(I6/$B$6,0) -> 0.045454545
A7: Success rate | B7: =IFERROR(B5/B4,0) -> 0.70666667 | C7: =B5&" / "&B4 -> 53 / 75 | D7: Successful runs divided by total runs | H7: aruco_no_markers_timeout | I7: =COUNTIF('Combined Mission Data'!$E$2:$E$76,H7) -> 1 | J7: =IFERROR(I7/$B$6,0) -> 0.045454545
A8: Average successful mission duration (s) | B8: =AVERAGEIF('Combined Mission Data'!D:D,TRUE,'Combined Mission Data'!G2:G76) -> 275.42475 | C8: =B$5 -> 53 | D8: Successful runs only | H8: detach_failed | I8: =COUNTIF('Combined Mission Data'!$E$2:$E$76,H8) -> 1 | J8: =IFERROR(I8/$B$6,0) -> 0.045454545
A9: Median successful mission duration (s) | B9: =MEDIAN('Combined Mission Data'!D:D,TRUE,'Combined Mission Data'!G2:G76) -> 276.861 | C9: =B$5 -> 53 | D9: Successful runs only | H9: Total | I9: =SUM(I4:I8) -> 22 | J9: =SUM(J4:J8) -> 1 | K9: All combined runs
A10: Minimum successful mission duration (s) | B10: =_xlfn.MINIFS('Combined Mission Data'!G:G,'Combined Mission Data'!D:D,TRUE) -> 253.126 | C10: =B$5 -> 53 | D10: Successful runs only
A11: Maximum successful mission duration (s) | B11: =_xlfn.MAXIFS('Combined Mission Data'!G:G,'Combined Mission Data'!D:D,TRUE) -> 311.838 | C11: =B$5 -> 53 | D11: Successful runs only
H12: Source | I12: Runs | J12: Successful | K12: Success rate
H13: Baseline | I13: =COUNTIF('Combined Mission Data'!$A$2:$A$76,H13) -> 50 | J13: =COUNTIFS('Combined Mission Data'!$A$2:$A$76,H13,'Combined Mission Data'!$D$2:$D$76,TRUE) -> 37 | K13: =IFERROR(J13/I13,0) -> 0.74
A14: Timing details sucessfull | B14: Average in s | C14: Median in s | D14: Min in s | E14: Max in s | H14: Baseline with ArUco | I14: =COUNTIF('Combined Mission Data'!$A$2:$A$76,H14) -> 25 | J14: =COUNTIFS('Combined Mission Data'!$A$2:$A$76,H14,'Combined Mission Data'!$D$2:$D$76,TRUE) -> 16 | K14: =IFERROR(J14/I14,0) -> 0.64
A15: Startup duration | B15: =AVERAGEIF('Combined Mission Data'!D:D,TRUE,'Combined Mission Data'!H:H) -> 9.5456604 | C15: {=MEDIAN(_xlfn._xlws.FILTER('Combined Mission Data'!H2:H76,'Combined Mission Data'!$D2:$D76=TRUE))} -> 9.487 | D15: =_xlfn.MINIFS('Combined Mission Data'!H2:H76,'Combined Mission Data'!$D2:$D76,TRUE) -> 9.181 | E15: =_xlfn.MAXIFS('Combined Mission Data'!H2:H76,'Combined Mission Data'!$D2:$D76,TRUE) -> 10.193
A16: Mission start time | B16: =AVERAGEIF('Combined Mission Data'!$D:$D,TRUE,'Combined Mission Data'!J:J) -> 13.36317 | C16: {=MEDIAN(_xlfn._xlws.FILTER('Combined Mission Data'!J2:J76,'Combined Mission Data'!$D2:$D76=TRUE))} -> 12.603 | D16: =_xlfn.MINIFS('Combined Mission Data'!J2:J76,'Combined Mission Data'!$D2:$D76,TRUE) -> 11.598 | E16: =_xlfn.MAXIFS('Combined Mission Data'!J2:J76,'Combined Mission Data'!$D2:$D76,TRUE) -> 17.405
A17: Pickup / attach time | B17: =AVERAGEIF('Combined Mission Data'!$D:$D,TRUE,'Combined Mission Data'!K:K) -> 119.07985 | C17: {=MEDIAN(_xlfn._xlws.FILTER('Combined Mission Data'!K2:K76,'Combined Mission Data'!$D2:$D76=TRUE))} -> 117.687 | D17: =_xlfn.MINIFS('Combined Mission Data'!K2:K76,'Combined Mission Data'!$D2:$D76,TRUE) -> 107.392 | E17: =_xlfn.MAXIFS('Combined Mission Data'!K2:K76,'Combined Mission Data'!$D2:$D76,TRUE) -> 139.538
A18: Attached driving to drop-off | B18: =AVERAGEIF('Combined Mission Data'!$D:$D,TRUE,'Combined Mission Data'!L:L) -> 211.37238 | C18: {=MEDIAN(_xlfn._xlws.FILTER('Combined Mission Data'!L2:L76,'Combined Mission Data'!$D2:$D76=TRUE))} -> 211.928 | D18: =_xlfn.MINIFS('Combined Mission Data'!L2:L76,'Combined Mission Data'!$D2:$D76,TRUE) -> 186.053 | E18: =_xlfn.MAXIFS('Combined Mission Data'!L2:L76,'Combined Mission Data'!$D2:$D76,TRUE) -> 244.051
A19: Drop-off release / detach time | B19: =AVERAGEIF('Combined Mission Data'!$D:$D,TRUE,'Combined Mission Data'!M:M) -> 183.02223 | C19: {=MEDIAN(_xlfn._xlws.FILTER('Combined Mission Data'!M2:M76,'Combined Mission Data'!$D2:$D76=TRUE))} -> 184.497 | D19: =_xlfn.MINIFS('Combined Mission Data'!M2:M76,'Combined Mission Data'!$D2:$D76,TRUE) -> 159.962 | E19: =_xlfn.MAXIFS('Combined Mission Data'!M2:M76,'Combined Mission Data'!$D2:$D76,TRUE) -> 208.243
A20: Return to charging time | B20: =AVERAGEIF('Combined Mission Data'!$D:$D,TRUE,'Combined Mission Data'!N:N) -> 277.19491 | C20: {=MEDIAN(_xlfn._xlws.FILTER('Combined Mission Data'!N2:N76,'Combined Mission Data'!$D2:$D76=TRUE))} -> 278.053 | D20: =_xlfn.MINIFS('Combined Mission Data'!N2:N76,'Combined Mission Data'!$D2:$D76,TRUE) -> 252.116 | E20: =_xlfn.MAXIFS('Combined Mission Data'!N2:N76,'Combined Mission Data'!$D2:$D76,TRUE) -> 310.831
A21: Command-to-success time | B21: =AVERAGEIF('Combined Mission Data'!$D:$D,TRUE,'Combined Mission Data'!O:O) -> 278.20108 | C21: {=MEDIAN(_xlfn._xlws.FILTER('Combined Mission Data'!O2:O76,'Combined Mission Data'!$D2:$D76=TRUE))} -> 279.059 | D21: =_xlfn.MINIFS('Combined Mission Data'!O2:O76,'Combined Mission Data'!$D2:$D76,TRUE) -> 253.123 | E21: =_xlfn.MAXIFS('Combined Mission Data'!O2:O76,'Combined Mission Data'!$D2:$D76,TRUE) -> 311.837
A22: Total mission duration
A25: Result group / thesis table | B25: Result name
A26: Gazebo mission success and timing results | B26: Total runs | C26: =COUNTA(sim_a[run]) -> 25
A27: Gazebo mission success and timing results | B27: Successful runs | C27: =COUNTIF(sim_a[success],TRUE) -> 16
A28: Gazebo mission success and timing results | B28: Failed runs | C28: =COUNTIF(sim_a[success],FALSE) -> 9
A29: Gazebo mission success and timing results | B29: Success rate | C29: =COUNTIF(sim_a[success],TRUE)/COUNTA(sim_a[run]) -> 0.64
A30: Gazebo mission success and timing results | B30: Average successful duration | C30: =AVERAGEIF(sim_a[success],TRUE,sim_a[duration_sec]) -> 263.0595
A31: Gazebo mission success and timing results | B31: Median successful duration | C31: {=MEDIAN(_xlfn._xlws.FILTER(sim_a[duration_sec],sim_a[success]=TRUE))} -> 262.525
A32: Gazebo mission success and timing results | B32: Minimum successful duration | C32: {=MIN(_xlfn._xlws.FILTER(sim_a[duration_sec],sim_a[success]=TRUE))} -> 253.126
A33: Gazebo mission success and timing results | B33: Maximum successful duration | C33: {=MAX(_xlfn._xlws.FILTER(sim_a[duration_sec],sim_a[success]=TRUE))} -> 274.303
A34: Gazebo mission success and timing results | B34: Average command-to-success time | C34: =AVERAGEIF(sim_a[success],TRUE,sim_a[command_to_success_sec]) -> 263.05713
A35: Simulation failure reasons | B35: Count per failure reason | C35: =COUNTIFS(sim_a[success],FALSE,sim_a[failure_reason],A2) -> 0
A36: Simulation failure reasons | B36: Percentage of failed runs | C36: =B2/COUNTIF(sim_a[success],FALSE) -> 0
A37: Final trolley and robot position errors | B37: Average trolley drop-off X error | C37: =AVERAGEIF(sim_a[success],TRUE,sim_a[abs_final_trolley_dropoff_x_mm]) -> 5.81875
A38: Final trolley and robot position errors | B38: Average trolley drop-off Y error | C38: =AVERAGEIF(sim_a[success],TRUE,sim_a[abs_final_trolley_dropoff_y_mm]) -> 63.40625
A39: Final trolley and robot position errors | B39: Average trolley drop-off distance error | C39: =AVERAGEIF(sim_a[success],TRUE,sim_a[final_trolley_dropoff_dist_mm]) -> 64.025
A40: Final trolley and robot position errors | B40: Average robot charging X error | C40: =AVERAGEIF(sim_a[success],TRUE,sim_a[abs_final_robot_charging_x_mm]) -> 0.39375
A41: Final trolley and robot position errors | B41: Average robot charging Y error | C41: =AVERAGEIF(sim_a[success],TRUE,sim_a[abs_final_robot_charging_y_mm]) -> 104.3875
A42: Final trolley and robot position errors | B42: Average robot charging distance error | C42: =AVERAGEIF(sim_a[success],TRUE,sim_a[final_robot_charging_dist_mm]) -> 104.3875
A43: Side-alignment completion | B43: Side alignment completed | C43: =COUNT(sim_a[side_align_complete_sec]) -> 24
A44: Side-alignment completion | B44: Side alignment completion rate | C44: =COUNT(sim_a[side_align_complete_sec])/COUNTA(sim_a[run]) -> 0.96
A45: Side-alignment completion | B45: Average side-alignment completion time | C45: =AVERAGE(sim_a[side_align_complete_sec]) -> 78.868417
A46: Side-alignment completion | B46: Average marker count | C46: =AVERAGE(sim_a[side_align_aruco_est_marker_count]) -> 5.7083333
A47: ArUco-reported side-alignment result | B47: Average X error | C47: =AVERAGE(sim_a[abs_side_est_x_mm]) -> 4.2083333
A48: ArUco-reported side-alignment result | B48: Median X error | C48: =MEDIAN(sim_a[abs_side_est_x_mm]) -> 4
A49: ArUco-reported side-alignment result | B49: Minimum X error | C49: =MIN(sim_a[abs_side_est_x_mm]) -> 0
A50: ArUco-reported side-alignment result | B50: Maximum X error | C50: =MAX(sim_a[abs_side_est_x_mm]) -> 8
A51: ArUco-reported side-alignment result | B51: Average Y value/error | C51: =AVERAGE(sim_a[abs_side_est_y_mm]) -> 0
A52: ArUco-reported side-alignment result | B52: Median Y value/error | C52: =MEDIAN(sim_a[abs_side_est_y_mm]) -> 0
A53: ArUco-reported side-alignment result | B53: Minimum Y value/error | C53: =MIN(sim_a[abs_side_est_y_mm]) -> 0
A54: ArUco-reported side-alignment result | B54: Maximum Y value/error | C54: =MAX(sim_a[abs_side_est_y_mm]) -> 0
A55: ArUco-reported side-alignment result | B55: Average yaw error | C55: =AVERAGE(sim_a[abs_side_est_yaw_deg]) -> 0.48083333
A56: ArUco-reported side-alignment result | B56: Median yaw error | C56: =MEDIAN(sim_a[abs_side_est_yaw_deg]) -> 0.47
A57: ArUco-reported side-alignment result | B57: Minimum yaw error | C57: =MIN(sim_a[abs_side_est_yaw_deg]) -> 0.03
A58: ArUco-reported side-alignment result | B58: Maximum yaw error | C58: =MAX(sim_a[abs_side_est_yaw_deg]) -> 0.96
A59: Gazebo-based actual side-alignment result | B59: Average X error | C59: =AVERAGE(sim_a[abs_side_actual_x_mm]) -> 3.5041667
A60: Gazebo-based actual side-alignment result | B60: Median X error | C60: =MEDIAN(sim_a[abs_side_actual_x_mm]) -> 3.45
A61: Gazebo-based actual side-alignment result | B61: Minimum X error | C61: =MIN(sim_a[abs_side_actual_x_mm]) -> 0.3
A62: Gazebo-based actual side-alignment result | B62: Maximum X error | C62: =MAX(sim_a[abs_side_actual_x_mm]) -> 9.6
A63: Gazebo-based actual side-alignment result | B63: Average Y value/error | C63: =AVERAGE(sim_a[abs_side_actual_y_mm]) -> 1056.6333
A64: Gazebo-based actual side-alignment result | B64: Median Y value/error | C64: =MEDIAN(sim_a[abs_side_actual_y_mm]) -> 1055.1
A65: Gazebo-based actual side-alignment result | B65: Minimum Y value/error | C65: =MIN(sim_a[abs_side_actual_y_mm]) -> 1042.2
A66: Gazebo-based actual side-alignment result | B66: Maximum Y value/error | C66: =MAX(sim_a[abs_side_actual_y_mm]) -> 1087.8
A67: Gazebo-based actual side-alignment result | B67: Average yaw error | C67: =AVERAGE(sim_a[abs_side_actual_yaw_deg]) -> 0.75116667
A68: Gazebo-based actual side-alignment result | B68: Median yaw error | C68: =MEDIAN(sim_a[abs_side_actual_yaw_deg]) -> 0.589
A69: Gazebo-based actual side-alignment result | B69: Minimum yaw error | C69: =MIN(sim_a[abs_side_actual_yaw_deg]) -> 0.019
A70: Gazebo-based actual side-alignment result | B70: Maximum yaw error | C70: =MAX(sim_a[abs_side_actual_yaw_deg]) -> 2.338
A71: ArUco-vs-Gazebo side-alignment difference | B71: Average X difference | C71: =AVERAGE(sim_a[abs_side_vs_actual_x_mm]) -> 3.3625
A72: ArUco-vs-Gazebo side-alignment difference | B72: Median X difference | C72: =MEDIAN(sim_a[abs_side_vs_actual_x_mm]) -> 3.1
A73: ArUco-vs-Gazebo side-alignment difference | B73: Minimum X difference | C73: =MIN(sim_a[abs_side_vs_actual_x_mm]) -> 0.4
A74: ArUco-vs-Gazebo side-alignment difference | B74: Maximum X difference | C74: =MAX(sim_a[abs_side_vs_actual_x_mm]) -> 10.5
A75: ArUco-vs-Gazebo side-alignment difference | B75: Average Y difference | C75: =AVERAGE(sim_a[abs_side_vs_actual_y_mm]) -> 1056.6333
A76: ArUco-vs-Gazebo side-alignment difference | B76: Median Y difference | C76: =MEDIAN(sim_a[abs_side_vs_actual_y_mm]) -> 1055.1
A77: ArUco-vs-Gazebo side-alignment difference | B77: Minimum Y difference | C77: =MIN(sim_a[abs_side_vs_actual_y_mm]) -> 1042.2
A78: ArUco-vs-Gazebo side-alignment difference | B78: Maximum Y difference | C78: =MAX(sim_a[abs_side_vs_actual_y_mm]) -> 1087.8
A79: ArUco-vs-Gazebo side-alignment difference | B79: Average yaw difference | C79: =AVERAGE(sim_a[abs_side_vs_actual_yaw_deg]) -> 0.76516667
A80: ArUco-vs-Gazebo side-alignment difference | B80: Median yaw difference | C80: =MEDIAN(sim_a[abs_side_vs_actual_yaw_deg]) -> 0.704
A81: ArUco-vs-Gazebo side-alignment difference | B81: Minimum yaw difference | C81: =MIN(sim_a[abs_side_vs_actual_yaw_deg]) -> 0.031
A82: ArUco-vs-Gazebo side-alignment difference | B82: Maximum yaw difference | C82: =MAX(sim_a[abs_side_vs_actual_yaw_deg]) -> 2.018
A83: Fine-alignment completion | B83: Fine alignment completed | C83: =COUNT(sim_a[fine_align_complete_sec]) -> 24
A84: Fine-alignment completion | B84: Fine alignment completion rate | C84: =COUNT(sim_a[fine_align_complete_sec])/COUNTA(sim_a[run]) -> 0.96
A85: Fine-alignment completion | B85: Average fine-alignment completion time | C85: =AVERAGE(sim_a[fine_align_complete_sec]) -> 129.74371
A86: Fine-alignment completion | B86: Average marker count | C86: =AVERAGE(sim_a[fine_align_aruco_est_marker_count]) -> 10.666667
A87: ArUco-reported fine-alignment result | B87: Average X error | C87: =AVERAGE(sim_a[abs_fine_est_x_mm]) -> 6.0416667
A88: ArUco-reported fine-alignment result | B88: Median X error | C88: =MEDIAN(sim_a[abs_fine_est_x_mm]) -> 7
A89: ArUco-reported fine-alignment result | B89: Minimum X error | C89: =MIN(sim_a[abs_fine_est_x_mm]) -> 2
A90: ArUco-reported fine-alignment result | B90: Maximum X error | C90: =MAX(sim_a[abs_fine_est_x_mm]) -> 10
A91: ArUco-reported fine-alignment result | B91: Average Y error | C91: =AVERAGE(sim_a[abs_fine_est_y_mm]) -> 25
A92: ArUco-reported fine-alignment result | B92: Median Y error | C92: =MEDIAN(sim_a[abs_fine_est_y_mm]) -> 25
A93: ArUco-reported fine-alignment result | B93: Minimum Y error | C93: =MIN(sim_a[abs_fine_est_y_mm]) -> 25
A94: ArUco-reported fine-alignment result | B94: Maximum Y error | C94: =MAX(sim_a[abs_fine_est_y_mm]) -> 25
A95: ArUco-reported fine-alignment result | B95: Average yaw error | C95: =AVERAGE(sim_a[abs_fine_est_yaw_deg]) -> 0.11833333
A96: ArUco-reported fine-alignment result | B96: Median yaw error | C96: =MEDIAN(sim_a[abs_fine_est_yaw_deg]) -> 0.055
A97: ArUco-reported fine-alignment result | B97: Minimum yaw error | C97: =MIN(sim_a[abs_fine_est_yaw_deg]) -> 0
A98: ArUco-reported fine-alignment result | B98: Maximum yaw error | C98: =MAX(sim_a[abs_fine_est_yaw_deg]) -> 1.23
A99: Gazebo-based actual fine-alignment result | B99: Average X error | C99: =AVERAGE(sim_a[abs_fine_actual_x_mm]) -> 5.8875
A100: Gazebo-based actual fine-alignment result | B100: Median X error | C100: =MEDIAN(sim_a[abs_fine_actual_x_mm]) -> 6.15
A101: Gazebo-based actual fine-alignment result | B101: Minimum X error | C101: =MIN(sim_a[abs_fine_actual_x_mm]) -> 1.7
A102: Gazebo-based actual fine-alignment result | B102: Maximum X error | C102: =MAX(sim_a[abs_fine_actual_x_mm]) -> 10.7
A103: Gazebo-based actual fine-alignment result | B103: Average Y error | C103: =AVERAGE(sim_a[abs_fine_actual_y_mm]) -> 24.854167
...

Sheet baseline_mission_results (2)
A1: run | B1: success | C1: failure_reason | D1: failure_detail | E1: duration_sec | F1: startup_duration_sec | G1: command_to_success_sec | H1: mission_started_sec | I1: attach_sec | J1: detach_sec | K1: dropoff_detected_sec | L1: charging_detected_sec | M1: last_trolley_x | N1: last_trolley_y | O1: last_robot_x | P1: last_robot_y | Q1: mission_param_overrides | R1: holonomic_param_overrides | S1: last_log_line
A2: 1 | B2: TRUE | E2: 289.854 | F2: 9.28 | G2: 289.852 | H2: 12.446 | I2: 120.994 | J2: 222.805 | K2: 195.203 | L2: 288.845 | M2: 5.2033 | N2: -0.0778 | O2: 0.0002 | P2: 0.0994 | S2: [python3-22] [INFO] [1779400767,120909397] [nav2_trolley_mission_controller]: Local target 'return lane above drop zones' reached,
A3: 2 | B3: TRUE | E3: 291.981 | F3: 9.24 | G3: 291.98 | H3: 16.905 | I3: 125.127 | J3: 225.603 | K3: 197.946 | L3: 290.975 | M3: 5.2031 | N3: -0.0351 | O3: -0.0011 | P3: 0.0927 | S3: [python3-22] [INFO] [1779401059,774966934] [nav2_trolley_mission_controller]: Local target 'return lane above drop zones' reached,
A4: 3 | B4: TRUE | E4: 280.732 | F4: 9.535 | G4: 280.731 | H4: 17.203 | I4: 113.714 | J4: 213.904 | K4: 185.688 | L4: 279.725 | M4: 5.2223 | N4: -0.1732 | O4: -0.0002 | P4: 0.0982 | S4: [python3-22] [INFO] [1779401341,476298780] [nav2_trolley_mission_controller]: Local target 'return lane above drop zones' reached,
A5: 4 | B5: TRUE | E5: 282.655 | F5: 9.435 | G5: 282.653 | H5: 13.601 | I5: 112.831 | J5: 215.974 | K5: 186.603 | L5: 281.648 | M5: 5.1864 | N5: -0.0187 | O5: -0.001 | P5: 0.1001 | S5: [python3-22] [INFO] [1779401625,139209710] [nav2_trolley_mission_controller]: Local target 'return lane above drop zones' reached,
A6: 5 | B6: FALSE | C6: local_target_timeout | D6: [python3-22] [ERROR] [1779401884,165594121] [nav2_trolley_mission_controller]: Local target 'drop-off center' timed out: distance=0,029, yaw=+0,33 deg | E6: 247.577 | F6: 9.337 | H6: 17.002 | I6: 139.453 | K6: 211.612 | M6: 5.199 | N6: 0.0129 | O6: 5.2003 | P6: 0.0291 | S6: [python3-23] [INFO] [1779401884,166443925] [holonomic_goal_controller]: Holonomic lidar ignore radius set to 0,00 m,
A7: 6 | B7: TRUE | E7: 293.527 | F7: 9.232 | G7: 293.526 | H7: 12.397 | I7: 118.964 | J7: 226.886 | K7: 196.455 | L7: 292.52 | M7: 5.1962 | N7: -0.0311 | O7: 0.0003 | P7: 0.0968 | S7: [python3-22] [INFO] [1779402172,403670692] [nav2_trolley_mission_controller]: Local target 'return lane above drop zones' reached,
A8: 7 | B8: TRUE | E8: 311.838 | F8: 9.443 | G8: 311.837 | H8: 14.11 | I8: 132.508 | J8: 244.051 | K8: 208.243 | L8: 310.831 | M8: 5.2132 | N8: -0.1616 | O8: 0.0009 | P8: 0.0972 | S8: [python3-22] [INFO] [1779402484,713304423] [nav2_trolley_mission_controller]: Local target 'return lane above drop zones' reached,
A9: 8 | B9: TRUE | E9: 281.635 | F9: 9.333 | G9: 281.633 | H9: 13.093 | I9: 115.185 | J9: 215.36 | K9: 186.59 | L9: 280.628 | M9: 5.2208 | N9: -0.0441 | O9: 0.0006 | P9: 0.0994 | S9: [python3-22] [INFO] [1779402767,554791470] [nav2_trolley_mission_controller]: Local target 'return lane above drop zones' reached,
A10: 9 | B10: TRUE | E10: 280.591 | F10: 9.181 | G10: 280.589 | H10: 12.348 | I10: 114.71 | J10: 212.951 | K10: 188.499 | L10: 279.582 | M10: 5.2085 | N10: -0.0318 | O10: -0.0009 | P10: 0.0939 | S10: [python3-22] [INFO] [1779403049,123255652] [nav2_trolley_mission_controller]: Local target 'return lane above drop zones' reached,
A11: 10 | B11: TRUE | E11: 282.183 | F11: 9.183 | G11: 282.182 | H11: 12.632 | I11: 115.927 | J11: 215.549 | K11: 188.135 | L11: 281.176 | M11: 5.1912 | N11: -0.0215 | O11: -0.0001 | P11: 0.104 | S11: [python3-22] [INFO] [1779403332,698544269] [nav2_trolley_mission_controller]: Local target 'return lane above drop zones' reached,
A12: 11 | B12: TRUE | E12: 278.131 | F12: 9.433 | G12: 278.129 | H12: 11.598 | I12: 109.611 | J12: 211.197 | K12: 185.597 | L12: 277.124 | M12: 5.1533 | N12: -0.0183 | O12: -0.0003 | P12: 0.1054 | S12: [python3-22] [INFO] [1779403611,394082521] [nav2_trolley_mission_controller]: Local target 'return lane above drop zones' reached,
A13: 12 | B13: FALSE | C13: run_timeout | D13: Robot did not return to charging while trolley remained in orange drop-off before timeout, | E13: 420.004 | F13: 9.585 | H13: 11.749 | I13: 114.452 | J13: 215.891 | K13: 186.762 | L13: 281.82 | M13: 5.1687 | N13: -0.5982 | O13: 0.0011 | P13: 0.027 | S13: [python3-23] [INFO] [1779403913,978006695] [holonomic_goal_controller]: Holonomic lidar ignore radius set to 0,00 m,
A14: 13 | B14: FALSE | C14: run_timeout | D14: Robot did not return to charging while trolley remained in orange drop-off before timeout, | E14: 420.037 | F14: 9.535 | H14: 14.452 | I14: 133.088 | J14: 236.641 | K14: 207.574 | L14: 303.118 | M14: 5.229 | N14: -0.7873 | O14: 0.0009 | P14: 0.0274 | S14: [python3-23] [INFO] [1779404355,542661361] [holonomic_goal_controller]: Holonomic lidar ignore radius set to 0,00 m,
A15: 14 | B15: TRUE | E15: 291.776 | F15: 9.485 | G15: 291.774 | H15: 11.65 | I15: 118.22 | J15: 224.642 | K15: 194.208 | L15: 290.768 | M15: 5.1974 | N15: -0.0308 | O15: 0.001 | P15: 0.1015 | S15: [python3-22] [INFO] [1779404745,301644056] [nav2_trolley_mission_controller]: Local target 'return lane above drop zones' reached,
A16: 15 | B16: TRUE | E16: 277.183 | F16: 9.483 | G16: 277.181 | H16: 11.648 | I16: 112.288 | J16: 210.148 | K16: 185.659 | L16: 276.175 | M16: 5.2095 | N16: -0.1142 | O16: 0.001 | P16: 0.104 | S16: [python3-22] [INFO] [1779405023,026550787] [nav2_trolley_mission_controller]: Local target 'return lane above drop zones' reached,
A17: 16 | B17: TRUE | E17: 291.783 | F17: 9.487 | G17: 291.782 | H17: 11.658 | I17: 122.856 | J17: 224.591 | K17: 195.721 | L17: 290.776 | M17: 5.1808 | N17: -0.1716 | O17: -0.0001 | P17: 0.1072 | S17: [python3-22] [INFO] [1779405315,434277759] [nav2_trolley_mission_controller]: Local target 'return lane above drop zones' reached,
A18: 17 | B18: TRUE | E18: 294.059 | F18: 9.484 | G18: 294.057 | H18: 12.429 | I18: 119.446 | J18: 226.771 | K18: 198.505 | L18: 293.052 | M18: 5.2008 | N18: -0.035 | O18: 0.0002 | P18: 0.1032 | S18: [python3-22] [INFO] [1779405609,793560650] [nav2_trolley_mission_controller]: Local target 'return lane above drop zones' reached,
A19: 18 | B19: TRUE | E19: 275.956 | F19: 9.531 | G19: 275.955 | H19: 12.446 | I19: 108.544 | J19: 208.828 | K19: 180.408 | L19: 274.949 | M19: 5.1904 | N19: -0.0263 | O19: 0 | P19: 0.0935 | S19: [python3-22] [INFO] [1779405886,188781421] [nav2_trolley_mission_controller]: Local target 'return lane above drop zones' reached,
A20: 19 | B20: TRUE | E20: 277.511 | F20: 9.532 | G20: 277.509 | H20: 13.997 | I20: 109.649 | J20: 210.179 | K20: 181.45 | L20: 276.503 | M20: 5.1994 | N20: -0.0245 | O20: 0.0002 | P20: 0.095 | S20: [python3-22] [INFO] [1779406164,520318367] [nav2_trolley_mission_controller]: Local target 'return lane above drop zones' reached,
A21: 20 | B21: TRUE | E21: 283.205 | F21: 9.39 | G21: 283.203 | H21: 11.64 | I21: 113.076 | J21: 215.869 | K21: 186.142 | L21: 282.197 | M21: 5.207 | N21: -0.023 | O21: -0.0002 | P21: 0.0937 | S21: [python3-22] [INFO] [1779406448,550052743] [nav2_trolley_mission_controller]: Local target 'return lane above drop zones' reached,
A22: 21 | B22: FALSE | C22: local_target_timeout | D22: [python3-22] [ERROR] [1779406685,450673931] [nav2_trolley_mission_controller]: Local target 'drop-off center' timed out: distance=0,030, yaw=-4,28 deg | E22: 225.533 | F22: 9.434 | H22: 12.607 | I22: 113.987 | K22: 189.125 | M22: 5.2007 | N22: 0.012 | O22: 5.1981 | P22: 0.0299 | S22: [python3-23] [INFO] [1779406685,451428658] [holonomic_goal_controller]: Holonomic lidar ignore radius set to 0,00 m,
A23: 22 | B23: TRUE | E23: 278.681 | F23: 9.489 | G23: 278.679 | H23: 11.655 | I23: 111.581 | J23: 211.897 | K23: 184.141 | L23: 277.674 | M23: 5.1886 | N23: -0.0221 | O23: -0.0001 | P23: 0.1004 | S23: [python3-22] [INFO] [1779406954,883848531] [nav2_trolley_mission_controller]: Local target 'return lane above drop zones' reached,
A24: 23 | B24: TRUE | E24: 290.337 | F24: 9.48 | G24: 290.335 | H24: 13.229 | I24: 115.623 | J24: 224.406 | K24: 192.765 | L24: 289.33 | M24: 5.1455 | N24: -0.1591 | O24: -0.0003 | P24: 0.0933 | S24: [python3-22] [INFO] [1779407246,112403451] [nav2_trolley_mission_controller]: Local target 'return lane above drop zones' reached,
A25: 24 | B25: TRUE | E25: 280.47 | F25: 9.487 | G25: 280.468 | H25: 13.422 | I25: 112.041 | J25: 214.176 | K25: 184.406 | L25: 279.463 | M25: 5.1929 | N25: -0.1324 | O25: -0.0002 | P25: 0.1068 | S25: [python3-22] [INFO] [1779407527,352570769] [nav2_trolley_mission_controller]: Local target 'return lane above drop zones' reached,
A26: 25 | B26: FALSE | C26: local_target_timeout | D26: [python3-22] [ERROR] [1779407760,816316232] [nav2_trolley_mission_controller]: Local target 'drop-off center' timed out: distance=0,031, yaw=+5,39 deg | E26: 222.775 | F26: 9.487 | H26: 11.651 | I26: 112.786 | K26: 186.165 | M26: 5.2037 | N26: 0.0141 | O26: 5.2026 | P26: 0.0307 | S26: [python3-23] [INFO] [1779407760,817166000] [holonomic_goal_controller]: Holonomic lidar ignore radius set to 0,00 m,
A27: 26 | B27: TRUE | E27: 275.22 | F27: 9.433 | G27: 275.218 | H27: 12.716 | I27: 109.121 | J27: 208.137 | K27: 180.178 | L27: 274.213 | M27: 5.1919 | N27: -0.0225 | O27: 0.0002 | P27: 0.1075 | S27: [python3-22] [INFO] [1779408026,858227011] [nav2_trolley_mission_controller]: Local target 'return lane above drop zones' reached,
A28: 27 | B28: FALSE | C28: local_target_timeout | D28: [python3-22] [ERROR] [1779408204,902850771] [nav2_trolley_mission_controller]: Local target 'pickup exit lane' timed out: distance=0,025, yaw=-0,84 deg | E28: 167.263 | F28: 9.384 | H28: 17.051 | I28: 122.11 | M28: 2.512 | N28: 1.3087 | O28: 2.5155 | P28: 1.3249 | S28: [python3-23] [INFO] [1779408204,903748410] [holonomic_goal_controller]: Holonomic lidar ignore radius set to 0,00 m,
A29: 28 | B29: FALSE | C29: local_target_timeout | D29: [python3-22] [ERROR] [1779408422,851393718] [nav2_trolley_mission_controller]: Local target 'drop-off center' timed out: distance=0,031, yaw=+5,44 deg | E29: 217.188 | F29: 9.386 | H29: 11.551 | I29: 109.672 | K29: 180.525 | M29: 5.2036 | N29: 0.0126 | O29: 5.2026 | P29: 0.0307 | S29: [python3-23] [INFO] [1779408422,852442142] [holonomic_goal_controller]: Holonomic lidar ignore radius set to 0,00 m,
A30: 29 | B30: TRUE | E30: 291.261 | F30: 9.486 | G30: 291.26 | H30: 14.153 | I30: 121.532 | J30: 224.426 | K30: 199.737 | L30: 290.254 | M30: 5.2105 | N30: -0.1022 | O30: -0.0001 | P30: 0.1053 | S30: [python3-22] [INFO] [1779408704,469834293] [nav2_trolley_mission_controller]: Local target 'return lane above drop zones' reached,
A31: 30 | B31: TRUE | E31: 292.796 | F31: 9.538 | G31: 292.794 | H31: 17.204 | I31: 117.687 | J31: 225.962 | K31: 194.224 | L31: 291.789 | M31: 5.1948 | N31: -0.0243 | O31: 0.0002 | P31: 0.0924 | S31: [python3-22] [INFO] [1779408997,517295828] [nav2_trolley_mission_controller]: Local target 'return lane above drop zones' reached,
A32: 31 | B32: FALSE | C32: local_target_timeout | D32: [python3-22] [ERROR] [1779409229,846244368] [nav2_trolley_mission_controller]: Local target 'drop-off center' timed out: distance=0,025, yaw=-4,82 deg | E32: 221.043 | F32: 9.484 | H32: 13.779 | I32: 112.658 | K32: 184.778 | M32: 5.2037 | N32: 0.0092 | O32: 5.1981 | P32: 0.0252 | S32: [python3-23] [INFO] [1779409229,847084174] [holonomic_goal_controller]: Holonomic lidar ignore radius set to 0,00 m,
A33: 32 | B33: TRUE | E33: 276.539 | F33: 9.532 | G33: 276.537 | H33: 14.012 | I33: 109.511 | J33: 209.298 | K33: 184.497 | L33: 275.532 | M33: 5.2036 | N33: -0.0747 | O33: -0.0001 | P33: 0.0943 | S33: [python3-22] [INFO] [1779409496,576593356] [nav2_trolley_mission_controller]: Local target 'return lane above drop zones' reached,
A34: 33 | B34: TRUE | E34: 279.061 | F34: 9.383 | G34: 279.059 | H34: 17.05 | I34: 114.009 | J34: 211.928 | K34: 188.033 | L34: 278.053 | M34: 5.207 | N34: -0.0277 | O34: -0.0001 | P34: 0.0973 | S34: [python3-22] [INFO] [1779409776,201681101] [nav2_trolley_mission_controller]: Local target 'return lane above drop zones' reached,
A35: 34 | B35: TRUE | E35: 272.62 | F35: 9.438 | G35: 272.618 | H35: 12.603 | I35: 108.52 | J35: 206.539 | K35: 179.584 | L35: 271.611 | M35: 5.2014 | N35: -0.0294 | O35: -0.0005 | P35: 0.0962 | S35: [python3-22] [INFO] [1779410049,492180342] [nav2_trolley_mission_controller]: Local target 'return lane above drop zones' reached,
A36: 35 | B36: TRUE | E36: 280.242 | F36: 9.516 | G36: 280.24 | H36: 11.682 | I36: 109.452 | J36: 213.256 | K36: 183.179 | L36: 279.234 | M36: 5.1909 | N36: -0.0211 | O36: -0.0008 | P36: 0.0927 | S36: [python3-22] [INFO] [1779410330,097743149] [nav2_trolley_mission_controller]: Local target 'return lane above drop zones' reached,
A37: 36 | B37: TRUE | E37: 302.205 | F37: 9.387 | G37: 302.203 | H37: 17.054 | I37: 126.141 | J37: 234.97 | K37: 202.632 | L37: 301.198 | M37: 5.1952 | N37: -0.0226 | O37: 0.0002 | P37: 0.0954 | S37: [python3-22] [INFO] [1779410632,941458095] [nav2_trolley_mission_controller]: Local target 'return lane above drop zones' reached,
A38: 37 | B38: TRUE | E38: 281.587 | F38: 9.388 | G38: 281.586 | H38: 17.054 | I38: 114.466 | J38: 214.501 | K38: 186.029 | L38: 280.58 | M38: 5.2081 | N38: -0.0358 | O38: -0.0003 | P38: 0.0969 | S38: [python3-22] [INFO] [1779410915,036969336] [nav2_trolley_mission_controller]: Local target 'return lane above drop zones' reached,
A39: 38 | B39: TRUE | E39: 281.727 | F39: 9.491 | G39: 281.725 | H39: 11.655 | I39: 114.516 | J39: 215.244 | K39: 186.678 | L39: 280.719 | M39: 5.1878 | N39: -0.019 | O39: 0.0005 | P39: 0.113 | S39: [python3-22] [INFO] [1779411197,601325212] [nav2_trolley_mission_controller]: Local target 'return lane above drop zones' reached,
A40: 39 | B40: FALSE | C40: run_timeout | D40: Robot did not return to charging while trolley remained in orange drop-off before timeout, | E40: 420.001 | F40: 9.588 | H40: 11.752 | I40: 112.593 | J40: 214.227 | K40: 185.255 | L40: 280.81 | M40: 5.1316 | N40: -0.8426 | O40: 0.0013 | P40: 0.0274 | S40: [python3-23] [INFO] [1779411498,914204898] [holonomic_goal_controller]: Holonomic lidar ignore radius set to 0,00 m,
A41: 40 | B41: TRUE | E41: 297.781 | F41: 9.483 | G41: 297.779 | H41: 17.15 | I41: 128.543 | J41: 230.491 | K41: 205.743 | L41: 296.774 | M41: 5.1973 | N41: -0.1081 | O41: 0.0009 | P41: 0.0922 | S41: [python3-22] [INFO] [1779411916,766000408] [nav2_trolley_mission_controller]: Local target 'return lane above drop zones' reached,
A42: 41 | B42: FALSE | C42: local_target_timeout | D42: [python3-22] [ERROR] [1779412158,882495005] [nav2_trolley_mission_controller]: Local target 'drop-off center' timed out: distance=0,028, yaw=+6,13 deg | E42: 226.427 | F42: 9.231 | H42: 12.189 | I42: 113.723 | K42: 190.212 | M42: 5.2023 | N42: 0.0096 | O42: 5.2027 | P42: 0.0277 | S42: [python3-23] [INFO] [1779412158,883298786] [holonomic_goal_controller]: Holonomic lidar ignore radius set to 0,00 m,
A43: 42 | B43: TRUE | E43: 278.386 | F43: 9.432 | G43: 278.385 | H43: 13.349 | I43: 111.317 | J43: 211.397 | K43: 182.824 | L43: 277.379 | M43: 5.1363 | N43: -0.0901 | O43: 0.0003 | P43: 0.1043 | S43: [python3-22] [INFO] [1779412427,452155802] [nav2_trolley_mission_controller]: Local target 'return lane above drop zones' reached,
A44: 43 | B44: TRUE | E44: 280.576 | F44: 9.385 | G44: 280.574 | H44: 13.553 | I44: 112.722 | J44: 213.745 | K44: 185.028 | L44: 279.569 | M44: 5.2131 | N44: -0.0225 | O44: -0.0004 | P44: 0.108 | S44: [python3-22] [INFO] [1779412708,611893980] [nav2_trolley_mission_controller]: Local target 'return lane above drop zones' reached,
A45: 44 | B45: FALSE | C45: run_timeout | D45: Robot did not return to charging while trolley remained in orange drop-off before timeout, | E45: 420.019 | F45: 9.535 | H45: 11.7 | I45: 107.051 | J45: 209.647 | K45: 180.173 | L45: 275.221 | M45: 5.2163 | N45: -0.7315 | O45: 0.0013 | P45: 0.0266 | S45: [python3-23] [INFO] [1779413005,453262791] [holonomic_goal_controller]: Holonomic lidar ignore radius set to 0,00 m,
A46: 45 | B46: TRUE | E46: 275.768 | F46: 9.281 | G46: 275.766 | H46: 12.231 | I46: 109.703 | J46: 209.031 | K46: 181.722 | L46: 274.76 | M46: 5.1899 | N46: -0.0231 | O46: 0.0005 | P46: 0.1079 | S46: [python3-22] [INFO] [1779413406,209320355] [nav2_trolley_mission_controller]: Local target 'return lane above drop zones' reached,
A47: 46 | B47: TRUE | E47: 290.41 | F47: 9.382 | G47: 290.408 | H47: 12.3 | I47: 116.9 | J47: 224.321 | K47: 193.841 | L47: 289.403 | M47: 5.198 | N47: -0.0199 | O47: -0.0003 | P47: 0.1037 | S47: [python3-22] [INFO] [1779413697,434283495] [nav2_trolley_mission_controller]: Local target 'return lane above drop zones' reached,
A48: 47 | B48: TRUE | E48: 280.512 | F48: 9.436 | G48: 280.51 | H48: 12.459 | I48: 111.285 | J48: 213.271 | K48: 184.45 | L48: 279.504 | M48: 5.2081 | N48: -0.0256 | O48: 0.0001 | P48: 0.0925 | S48: [python3-22] [INFO] [1779413978,219131852] [nav2_trolley_mission_controller]: Local target 'return lane above drop zones' reached,
A49: 48 | B49: FALSE | C49: local_target_timeout | D49: [python3-22] [ERROR] [1779414155,833962452] [nav2_trolley_mission_controller]: Local target 'pickup exit lane' timed out: distance=0,026, yaw=+0,31 deg | E49: 165.852 | F49: 9.538 | H49: 11.704 | I49: 120.696 | M49: 2.5146 | N49: 1.3058 | O49: 2.5148 | P49: 1.3238 | S49: [python3-23] [INFO] [1779414155,834768709] [holonomic_goal_controller]: Holonomic lidar ignore radius set to 0,00 m,
A50: 49 | B50: TRUE | E50: 285.027 | F50: 9.534 | G50: 285.026 | H50: 12.449 | I50: 107.392 | J50: 218.485 | K50: 188.458 | L50: 284.018 | M50: 5.1896 | N50: -0.0165 | O50: -0.0001 | P50: 0.109 | S50: [python3-22] [INFO] [1779414431,575056229] [nav2_trolley_mission_controller]: Local target 'return lane above drop zones' reached,
A51: 50 | B51: FALSE | C51: run_timeout | D51: Robot did not return to charging while trolley remained in orange drop-off before timeout, | E51: 420.036 | F51: 9.434 | H51: 13.169 | I51: 113.447 | J51: 217.792 | K51: 188.677 | L51: 282.713 | M51: 5.1108 | N51: -0.3271 | O51: 0.0011 | P51: 0.0266 | S51: [python3-23] [INFO] [1779414734,569575595] [holonomic_goal_controller]: Holonomic lidar ignore radius set to 0,00 m,

Sheet baseline_mission_results_with_a
A1: run | B1: success | C1: failure_reason | D1: failure_detail | E1: duration_sec | F1: startup_duration_sec | G1: command_to_success_sec | H1: mission_started_sec | I1: attach_sec | J1: detach_sec | K1: dropoff_detected_sec | L1: charging_detected_sec | M1: last_trolley_x | N1: last_trolley_y | O1: last_trolley_yaw_deg | P1: last_robot_x | Q1: last_robot_y | R1: last_robot_yaw_deg | S1: final_trolley_dropoff_error_x | T1: final_trolley_dropoff_error_y | U1: final_trolley_dropoff_error_dist | V1: final_robot_charging_error_x | W1: final_robot_charging_error_y | X1: final_robot_charging_error_dist | Y1: side_align_complete_sec | Z1: side_align_aruco_est_error_x | AA1: side_align_aruco_est_error_y | AB1: side_align_aruco_est_yaw_error_deg | AC1: side_align_aruco_est_marker_count | AD1: side_align_actual_trolley_base_x | AE1: side_align_actual_trolley_base_y | AF1: side_align_actual_trolley_yaw_error_deg | AG1: side_align_actual_aruco_error_x | AH1: side_align_actual_aruco_error_y | AI1: side_align_actual_aruco_error_dist | AJ1: side_align_actual_aruco_yaw_error_deg | AK1: side_align_aruco_vs_actual_error_x | AL1: side_align_aruco_vs_actual_error_y | AM1: side_align_aruco_vs_actual_yaw_error_deg | AN1: fine_align_complete_sec | AO1: fine_align_aruco_est_error_x | AP1: fine_align_aruco_est_error_y | AQ1: fine_align_aruco_est_yaw_error_deg | AR1: fine_align_aruco_est_marker_count | AS1: fine_align_actual_trolley_base_x | AT1: fine_align_actual_trolley_base_y | AU1: fine_align_actual_trolley_yaw_error_deg | AV1: fine_align_actual_aruco_error_x | AW1: fine_align_actual_aruco_error_y | AX1: fine_align_actual_aruco_error_dist | AY1: fine_align_actual_aruco_yaw_error_deg | AZ1: fine_align_aruco_vs_actual_error_x | BA1: fine_align_aruco_vs_actual_error_y | BB1: fine_align_aruco_vs_actual_yaw_error_deg | BC1: mission_param_overrides | BD1: holonomic_param_overrides | BE1: last_log_line | BF1: abs_final_trolley_dropoff_x_mm | BG1: abs_final_trolley_dropoff_y_mm | BH1: final_trolley_dropoff_dist_mm | BI1: abs_final_robot_charging_x_mm | BJ1: abs_final_robot_charging_y_mm | BK1: final_robot_charging_dist_mm | BL1: abs_side_est_x_mm | BM1: abs_side_est_y_mm | BN1: abs_side_est_yaw_deg | BO1: abs_side_actual_x_mm | BP1: abs_side_actual_y_mm | BQ1: abs_side_actual_yaw_deg | BR1: abs_side_vs_actual_x_mm | BS1: abs_side_vs_actual_y_mm | BT1: abs_side_vs_actual_yaw_deg | BU1: abs_fine_est_x_mm | BV1: abs_fine_est_y_mm | BW1: abs_fine_est_yaw_deg | BX1: abs_fine_actual_x_mm | BY1: abs_fine_actual_y_mm | BZ1: abs_fine_actual_yaw_deg | CA1: abs_fine_vs_actual_x_mm | CB1: abs_fine_vs_actual_y_mm | CC1: abs_fine_vs_actual_yaw_deg
A2: 1 | B2: TRUE | E2: 266.313 | F2: 9.833 | G2: 266.309 | H2: 12.001 | I2: 128.278 | J2: 199.247 | K2: 169.131 | L2: 265.3 | M2: 5.2019 | N2: -0.0401 | O2: -0.77 | P2: -0.0001 | Q2: 0.1066 | R2: 0.081 | S2: 0.0019 | T2: -0.0401 | U2: 0.0401 | V2: -0.0001 | W2: 0.1066 | X2: 0.1066 | Y2: 76.598 | Z2: 0.004 | AA2: 0 | AB2: -0.7 | AC2: 5 | AD2: 0.0178 | AE2: -1.057 | AF2: -0.607 | AG2: 0.0028 | AH2: -1.057 | AI2: 1.057 | AJ2: -0.607 | AK2: 0.0012 | AL2: 1.057 | AM2: -0.093 | AN2: 128.275 | AO2: 0.008 | AP2: -0.025 | AQ2: -0.05 | AR2: 11 | AS2: 0.0079 | AT2: -0.0251 | AU2: -0.094 | AV2: 0.0079 | AW2: -0.0251 | AX2: 0.0263 | AY2: -0.094 | AZ2: 0.0001 | BA2: 0.0001 | BB2: 0.044 | BE2: [python3-22] [INFO] [1783093089.174777147] [nav2_trolley_mission_controller]: Local target 'return lane above drop zones' reached. | BF2: =IF(sim_a[[#This Row],[final_trolley_dropoff_error_x]]="","",ABS(sim_a[[#This Row],[final_trolley_dropoff_error_x]])*1000) -> 1.9 | BG2: =IF(sim_a[[#This Row],[final_trolley_dropoff_error_y]]="","",ABS(sim_a[[#This Row],[final_trolley_dropoff_error_y]])*1000) -> 40.1 | BH2: =IF(sim_a[[#This Row],[final_trolley_dropoff_error_dist]]="","",sim_a[[#This Row],[final_trolley_dropoff_error_dist]]*1000) -> 40.1 | BI2: =IF(sim_a[[#This Row],[final_robot_charging_error_x]]="","",ABS(sim_a[[#This Row],[final_robot_charging_error_x]])*1000) -> 0.1 | BJ2: =IF(sim_a[[#This Row],[final_robot_charging_error_y]]="","",ABS(sim_a[[#This Row],[final_robot_charging_error_y]])*1000) -> 106.6 | BK2: =IF(sim_a[[#This Row],[final_robot_charging_error_dist]]="","",sim_a[[#This Row],[final_robot_charging_error_dist]]*1000) -> 106.6 | BL2: =IF(sim_a[[#This Row],[side_align_aruco_est_error_x]]="","",ABS(sim_a[[#This Row],[side_align_aruco_est_error_x]])*1000) -> 4 | BM2: =IF(sim_a[[#This Row],[side_align_aruco_est_error_y]]="","",ABS(sim_a[[#This Row],[side_align_aruco_est_error_y]])*1000) -> 0 | BN2: =IF(sim_a[[#This Row],[side_align_aruco_est_yaw_error_deg]]="","",ABS(sim_a[[#This Row],[side_align_aruco_est_yaw_error_deg]])) -> 0.7 | BO2: =IF(sim_a[[#This Row],[side_align_actual_aruco_error_x]]="","",ABS(sim_a[[#This Row],[side_align_actual_aruco_error_x]])*1000) -> 2.8 | BP2: =IF(sim_a[[#This Row],[side_align_actual_aruco_error_y]]="","",ABS(sim_a[[#This Row],[side_align_actual_aruco_error_y]])*1000) -> 1057 | BQ2: =IF(sim_a[[#This Row],[side_align_actual_aruco_yaw_error_deg]]="","",ABS(sim_a[[#This Row],[side_align_actual_aruco_yaw_error_deg]])) -> 0.607 | BR2: =IF(sim_a[[#This Row],[side_align_aruco_vs_actual_error_x]]="","",ABS(sim_a[[#This Row],[side_align_aruco_vs_actual_error_x]])*1000) -> 1.2 | BS2: =IF(sim_a[[#This Row],[side_align_aruco_vs_actual_error_y]]="","",ABS(sim_a[[#This Row],[side_align_aruco_vs_actual_error_y]])*1000) -> 1057 | BT2: =IF(sim_a[[#This Row],[side_align_aruco_vs_actual_yaw_error_deg]]="","",ABS(sim_a[[#This Row],[side_align_aruco_vs_actual_yaw_error_deg]])) -> 0.093 | BU2: =IF(sim_a[[#This Row],[fine_align_aruco_est_error_x]]="","",ABS(sim_a[[#This Row],[fine_align_aruco_est_error_x]])*1000) -> 8 | BV2: =IF(sim_a[[#This Row],[fine_align_aruco_est_error_y]]="","",ABS(sim_a[[#This Row],[fine_align_aruco_est_error_y]])*1000) -> 25 | BW2: =IF(sim_a[[#This Row],[fine_align_aruco_est_yaw_error_deg]]="","",ABS(sim_a[[#This Row],[fine_align_aruco_est_yaw_error_deg]])) -> 0.05 | BX2: =IF(sim_a[[#This Row],[fine_align_actual_aruco_error_x]]="","",ABS(sim_a[[#This Row],[fine_align_actual_aruco_error_x]])*1000) -> 7.9 | BY2: =IF(sim_a[[#This Row],[fine_align_actual_aruco_error_y]]="","",ABS(sim_a[[#This Row],[fine_align_actual_aruco_error_y]])*1000) -> 25.1 | BZ2: =IF(sim_a[[#This Row],[fine_align_actual_aruco_yaw_error_deg]]="","",ABS(sim_a[[#This Row],[fine_align_actual_aruco_yaw_error_deg]])) -> 0.094 | CA2: =IF(sim_a[[#This Row],[fine_align_aruco_vs_actual_error_x]]="","",ABS(sim_a[[#This Row],[fine_align_aruco_vs_actual_error_x]])*1000) -> 0.1 | CB2: =IF(sim_a[[#This Row],[fine_align_aruco_vs_actual_error_y]]="","",ABS(sim_a[[#This Row],[fine_align_aruco_vs_actual_error_y]])*1000) -> 0.1 | CC2: =IF(sim_a[[#This Row],[fine_align_aruco_vs_actual_yaw_error_deg]]="","",ABS(sim_a[[#This Row],[fine_align_aruco_vs_actual_yaw_error_deg]])) -> 0.044
A3: 2 | B3: TRUE | E3: 261.538 | F3: 9.785 | G3: 261.535 | H3: 14.758 | I3: 127.565 | J3: 194.599 | K3: 168.358 | L3: 260.528 | M3: 5.2042 | N3: -0.0376 | O3: 0.341 | P3: 0 | Q3: 0.1092 | R3: -0.026 | S3: 0.0042 | T3: -0.0376 | U3: 0.0378 | V3: 0 | W3: 0.1092 | X3: 0.1092 | Y3: 75.39 | Z3: -0.002 | AA3: 0 | AB3: 0.48 | AC3: 5 | AD3: 0.0102 | AE3: -1.0453 | AF3: 0.019 | AG3: -0.0048 | AH3: -1.0453 | AI3: 1.0453 | AJ3: 0.019 | AK3: 0.0028 | AL3: 1.0453 | AM3: 0.461 | AN3: 127.563 | AO3: 0.007 | AP3: -0.025 | AQ3: -0.18 | AR3: 10 | AS3: 0.0068 | AT3: -0.0251 | AU3: -0.261 | AV3: 0.0068 | AW3: -0.0251 | AX3: 0.026 | AY3: -0.261 | AZ3: 0.0002 | BA3: 0.0001 | BB3: 0.081 | BE3: [python3-22] [INFO] [1783093351.359922148] [nav2_trolley_mission_controller]: Local target 'return lane above drop zones' reached. | BF3: =IF(sim_a[[#This Row],[final_trolley_dropoff_error_x]]="","",ABS(sim_a[[#This Row],[final_trolley_dropoff_error_x]])*1000) -> 4.2 | BG3: =IF(sim_a[[#This Row],[final_trolley_dropoff_error_y]]="","",ABS(sim_a[[#This Row],[final_trolley_dropoff_error_y]])*1000) -> 37.6 | BH3: =IF(sim_a[[#This Row],[final_trolley_dropoff_error_dist]]="","",sim_a[[#This Row],[final_trolley_dropoff_error_dist]]*1000) -> 37.8 | BI3: =IF(sim_a[[#This Row],[final_robot_charging_error_x]]="","",ABS(sim_a[[#This Row],[final_robot_charging_error_x]])*1000) -> 0 | BJ3: =IF(sim_a[[#This Row],[final_robot_charging_error_y]]="","",ABS(sim_a[[#This Row],[final_robot_charging_error_y]])*1000) -> 109.2 | BK3: =IF(sim_a[[#This Row],[final_robot_charging_error_dist]]="","",sim_a[[#This Row],[final_robot_charging_error_dist]]*1000) -> 109.2 | BL3: =IF(sim_a[[#This Row],[side_align_aruco_est_error_x]]="","",ABS(sim_a[[#This Row],[side_align_aruco_est_error_x]])*1000) -> 2 | BM3: =IF(sim_a[[#This Row],[side_align_aruco_est_error_y]]="","",ABS(sim_a[[#This Row],[side_align_aruco_est_error_y]])*1000) -> 0 | BN3: =IF(sim_a[[#This Row],[side_align_aruco_est_yaw_error_deg]]="","",ABS(sim_a[[#This Row],[side_align_aruco_est_yaw_error_deg]])) -> 0.48 | BO3: =IF(sim_a[[#This Row],[side_align_actual_aruco_error_x]]="","",ABS(sim_a[[#This Row],[side_align_actual_aruco_error_x]])*1000) -> 4.8 | BP3: =IF(sim_a[[#This Row],[side_align_actual_aruco_error_y]]="","",ABS(sim_a[[#This Row],[side_align_actual_aruco_error_y]])*1000) -> 1045.3 | BQ3: =IF(sim_a[[#This Row],[side_align_actual_aruco_yaw_error_deg]]="","",ABS(sim_a[[#This Row],[side_align_actual_aruco_yaw_error_deg]])) -> 0.019 | BR3: =IF(sim_a[[#This Row],[side_align_aruco_vs_actual_error_x]]="","",ABS(sim_a[[#This Row],[side_align_aruco_vs_actual_error_x]])*1000) -> 2.8 | BS3: =IF(sim_a[[#This Row],[side_align_aruco_vs_actual_error_y]]="","",ABS(sim_a[[#This Row],[side_align_aruco_vs_actual_error_y]])*1000) -> 1045.3 | BT3: =IF(sim_a[[#This Row],[side_align_aruco_vs_actual_yaw_error_deg]]="","",ABS(sim_a[[#This Row],[side_align_aruco_vs_actual_yaw_error_deg]])) -> 0.461 | BU3: =IF(sim_a[[#This Row],[fine_align_aruco_est_error_x]]="","",ABS(sim_a[[#This Row],[fine_align_aruco_est_error_x]])*1000) -> 7 | BV3: =IF(sim_a[[#This Row],[fine_align_aruco_est_error_y]]="","",ABS(sim_a[[#This Row],[fine_align_aruco_est_error_y]])*1000) -> 25 | BW3: =IF(sim_a[[#This Row],[fine_align_aruco_est_yaw_error_deg]]="","",ABS(sim_a[[#This Row],[fine_align_aruco_est_yaw_error_deg]])) -> 0.18 | BX3: =IF(sim_a[[#This Row],[fine_align_actual_aruco_error_x]]="","",ABS(sim_a[[#This Row],[fine_align_actual_aruco_error_x]])*1000) -> 6.8 | BY3: =IF(sim_a[[#This Row],[fine_align_actual_aruco_error_y]]="","",ABS(sim_a[[#This Row],[fine_align_actual_aruco_error_y]])*1000) -> 25.1 | BZ3: =IF(sim_a[[#This Row],[fine_align_actual_aruco_yaw_error_deg]]="","",ABS(sim_a[[#This Row],[fine_align_actual_aruco_yaw_error_deg]])) -> 0.261 | CA3: =IF(sim_a[[#This Row],[fine_align_aruco_vs_actual_error_x]]="","",ABS(sim_a[[#This Row],[fine_align_aruco_vs_actual_error_x]])*1000) -> 0.2 | CB3: =IF(sim_a[[#This Row],[fine_align_aruco_vs_actual_error_y]]="","",ABS(sim_a[[#This Row],[fine_align_aruco_vs_actual_error_y]])*1000) -> 0.1 | CC3: =IF(sim_a[[#This Row],[fine_align_aruco_vs_actual_yaw_error_deg]]="","",ABS(sim_a[[#This Row],[fine_align_aruco_vs_actual_yaw_error_deg]])) -> 0.081
A4: 3 | B4: TRUE | E4: 265.001 | F4: 9.735 | G4: 264.999 | H4: 12.156 | I4: 127.807 | J4: 198.572 | K4: 168.802 | L4: 263.991 | M4: 5.1867 | N4: -0.0298 | O4: -2.993 | P4: 0.001 | Q4: 0.1072 | R4: -0.235 | S4: -0.0133 | T4: -0.0298 | U4: 0.0327 | V4: 0.001 | W4: 0.1072 | X4: 0.1072 | Y4: 75.209 | Z4: -0.001 | AA4: 0 | AB4: -0.12 | AC4: 6 | AD4: 0.0085 | AE4: -1.0553 | AF4: 0.512 | AG4: -0.0065 | AH4: -1.0553 | AI4: 1.0553 | AJ4: 0.512 | AK4: 0.0055 | AL4: 1.0553 | AM4: -0.632 | AN4: 127.754 | AO4: -0.007 | AP4: -0.025 | AQ4: 0 | AR4: 11 | AS4: -0.0065 | AT4: -0.0252 | AU4: -0.098 | AV4: -0.0065 | AW4: -0.0252 | AX4: 0.0261 | AY4: -0.098 | AZ4: -0.0005 | BA4: 0.0002 | BB4: 0.098 | BE4: [python3-22] [INFO] [1783093621.465201077] [nav2_trolley_mission_controller]: Local target 'return lane above drop zones' reached. | BF4: =IF(sim_a[[#This Row],[final_trolley_dropoff_error_x]]="","",ABS(sim_a[[#This Row],[final_trolley_dropoff_error_x]])*1000) -> 13.3 | BG4: =IF(sim_a[[#This Row],[final_trolley_dropoff_error_y]]="","",ABS(sim_a[[#This Row],[final_trolley_dropoff_error_y]])*1000) -> 29.8 | BH4: =IF(sim_a[[#This Row],[final_trolley_dropoff_error_dist]]="","",sim_a[[#This Row],[final_trolley_dropoff_error_dist]]*1000) -> 32.7 | BI4: =IF(sim_a[[#This Row],[final_robot_charging_error_x]]="","",ABS(sim_a[[#This Row],[final_robot_charging_error_x]])*1000) -> 1 | BJ4: =IF(sim_a[[#This Row],[final_robot_charging_error_y]]="","",ABS(sim_a[[#This Row],[final_robot_charging_error_y]])*1000) -> 107.2 | BK4: =IF(sim_a[[#This Row],[final_robot_charging_error_dist]]="","",sim_a[[#This Row],[final_robot_charging_error_dist]]*1000) -> 107.2 | BL4: =IF(sim_a[[#This Row],[side_align_aruco_est_error_x]]="","",ABS(sim_a[[#This Row],[side_align_aruco_est_error_x]])*1000) -> 1 | BM4: =IF(sim_a[[#This Row],[side_align_aruco_est_error_y]]="","",ABS(sim_a[[#This Row],[side_align_aruco_est_error_y]])*1000) -> 0 | BN4: =IF(sim_a[[#This Row],[side_align_aruco_est_yaw_error_deg]]="","",ABS(sim_a[[#This Row],[side_align_aruco_est_yaw_error_deg]])) -> 0.12 | BO4: =IF(sim_a[[#This Row],[side_align_actual_aruco_error_x]]="","",ABS(sim_a[[#This Row],[side_align_actual_aruco_error_x]])*1000) -> 6.5 | BP4: =IF(sim_a[[#This Row],[side_align_actual_aruco_error_y]]="","",ABS(sim_a[[#This Row],[side_align_actual_aruco_error_y]])*1000) -> 1055.3 | BQ4: =IF(sim_a[[#This Row],[side_align_actual_aruco_yaw_error_deg]]="","",ABS(sim_a[[#This Row],[side_align_actual_aruco_yaw_error_deg]])) -> 0.512 | BR4: =IF(sim_a[[#This Row],[side_align_aruco_vs_actual_error_x]]="","",ABS(sim_a[[#This Row],[side_align_aruco_vs_actual_error_x]])*1000) -> 5.5 | BS4: =IF(sim_a[[#This Row],[side_align_aruco_vs_actual_error_y]]="","",ABS(sim_a[[#This Row],[side_align_aruco_vs_actual_error_y]])*1000) -> 1055.3 | BT4: =IF(sim_a[[#This Row],[side_align_aruco_vs_actual_yaw_error_deg]]="","",ABS(sim_a[[#This Row],[side_align_aruco_vs_actual_yaw_error_deg]])) -> 0.632 | BU4: =IF(sim_a[[#This Row],[fine_align_aruco_est_error_x]]="","",ABS(sim_a[[#This Row],[fine_align_aruco_est_error_x]])*1000) -> 7 | BV4: =IF(sim_a[[#This Row],[fine_align_aruco_est_error_y]]="","",ABS(sim_a[[#This Row],[fine_align_aruco_est_error_y]])*1000) -> 25 | BW4: =IF(sim_a[[#This Row],[fine_align_aruco_est_yaw_error_deg]]="","",ABS(sim_a[[#This Row],[fine_align_aruco_est_yaw_error_deg]])) -> 0 | BX4: =IF(sim_a[[#This Row],[fine_align_actual_aruco_error_x]]="","",ABS(sim_a[[#This Row],[fine_align_actual_aruco_error_x]])*1000) -> 6.5 | BY4: =IF(sim_a[[#This Row],[fine_align_actual_aruco_error_y]]="","",ABS(sim_a[[#This Row],[fine_align_actual_aruco_error_y]])*1000) -> 25.2 | BZ4: =IF(sim_a[[#This Row],[fine_align_actual_aruco_yaw_error_deg]]="","",ABS(sim_a[[#This Row],[fine_align_actual_aruco_yaw_error_deg]])) -> 0.098 | CA4: =IF(sim_a[[#This Row],[fine_align_aruco_vs_actual_error_x]]="","",ABS(sim_a[[#This Row],[fine_align_aruco_vs_actual_error_x]])*1000) -> 0.5 | CB4: =IF(sim_a[[#This Row],[fine_align_aruco_vs_actual_error_y]]="","",ABS(sim_a[[#This Row],[fine_align_aruco_vs_actual_error_y]])*1000) -> 0.2 | CC4: =IF(sim_a[[#This Row],[fine_align_aruco_vs_actual_yaw_error_deg]]="","",ABS(sim_a[[#This Row],[fine_align_aruco_vs_actual_yaw_error_deg]])) -> 0.098
A5: 4 | B5: FALSE | C5: local_target_timeout | D5: [python3-22] [ERROR] [1783093847.752841244] [nav2_trolley_mission_controller]: Local target 'drop-off center' timed out: distance=0.029, yaw=+5.26 deg | E5: 215.213 | F5: 9.789 | H5: 17.462 | I5: 131.306 | K5: 175.62 | M5: 5.1943 | N5: 0.0048 | O5: -5.484 | P5: 5.2026 | Q5: 0.0291 | R5: -5.265 | S5: -0.0057 | T5: 0.0048 | U5: 0.0074 | V5: 5.2026 | W5: 0.0291 | X5: 5.2027 | Y5: 79.209 | Z5: 0 | AA5: 0 | AB5: -0.8 | AC5: 6 | AD5: 0.0144 | AE5: -1.0524 | AF5: 0.817 | AG5: -0.0006 | AH5: -1.0524 | AI5: 1.0524 | AJ5: 0.817 | AK5: 0.0006 | AL5: 1.0524 | AM5: -1.617 | AN5: 131.254 | AO5: -0.006 | AP5: -0.025 | AQ5: -0.1 | AR5: 11 | AS5: -0.006 | AT5: -0.025 | AU5: -0.219 | AV5: -0.006 | AW5: -0.025 | AX5: 0.0257 | AY5: -0.219 | AZ5: 0 | BA5: 0 | BB5: 0.119 | BE5: [python3-23] [INFO] [1783093847.753690416] [holonomic_goal_controller]: Holonomic lidar ignore radius set to 0.00 m. | BF5: =IF(sim_a[[#This Row],[final_trolley_dropoff_error_x]]="","",ABS(sim_a[[#This Row],[final_trolley_dropoff_error_x]])*1000) -> 5.7 | BG5: =IF(sim_a[[#This Row],[final_trolley_dropoff_error_y]]="","",ABS(sim_a[[#This Row],[final_trolley_dropoff_error_y]])*1000) -> 4.8 | BH5: =IF(sim_a[[#This Row],[final_trolley_dropoff_error_dist]]="","",sim_a[[#This Row],[final_trolley_dropoff_error_dist]]*1000) -> 7.4 | BI5: =IF(sim_a[[#This Row],[final_robot_charging_error_x]]="","",ABS(sim_a[[#This Row],[final_robot_charging_error_x]])*1000) -> 5202.6 | BJ5: =IF(sim_a[[#This Row],[final_robot_charging_error_y]]="","",ABS(sim_a[[#This Row],[final_robot_charging_error_y]])*1000) -> 29.1 | BK5: =IF(sim_a[[#This Row],[final_robot_charging_error_dist]]="","",sim_a[[#This Row],[final_robot_charging_error_dist]]*1000) -> 5202.7 | BL5: =IF(sim_a[[#This Row],[side_align_aruco_est_error_x]]="","",ABS(sim_a[[#This Row],[side_align_aruco_est_error_x]])*1000) -> 0 | BM5: =IF(sim_a[[#This Row],[side_align_aruco_est_error_y]]="","",ABS(sim_a[[#This Row],[side_align_aruco_est_error_y]])*1000) -> 0 | BN5: =IF(sim_a[[#This Row],[side_align_aruco_est_yaw_error_deg]]="","",ABS(sim_a[[#This Row],[side_align_aruco_est_yaw_error_deg]])) -> 0.8 | BO5: =IF(sim_a[[#This Row],[side_align_actual_aruco_error_x]]="","",ABS(sim_a[[#This Row],[side_align_actual_aruco_error_x]])*1000) -> 0.6 | BP5: =IF(sim_a[[#This Row],[side_align_actual_aruco_error_y]]="","",ABS(sim_a[[#This Row],[side_align_actual_aruco_error_y]])*1000) -> 1052.4 | BQ5: =IF(sim_a[[#This Row],[side_align_actual_aruco_yaw_error_deg]]="","",ABS(sim_a[[#This Row],[side_align_actual_aruco_yaw_error_deg]])) -> 0.817 | BR5: =IF(sim_a[[#This Row],[side_align_aruco_vs_actual_error_x]]="","",ABS(sim_a[[#This Row],[side_align_aruco_vs_actual_error_x]])*1000) -> 0.6 | BS5: =IF(sim_a[[#This Row],[side_align_aruco_vs_actual_error_y]]="","",ABS(sim_a[[#This Row],[side_align_aruco_vs_actual_error_y]])*1000) -> 1052.4 | BT5: =IF(sim_a[[#This Row],[side_align_aruco_vs_actual_yaw_error_deg]]="","",ABS(sim_a[[#This Row],[side_align_aruco_vs_actual_yaw_error_deg]])) -> 1.617 | BU5: =IF(sim_a[[#This Row],[fine_align_aruco_est_error_x]]="","",ABS(sim_a[[#This Row],[fine_align_aruco_est_error_x]])*1000) -> 6 | BV5: =IF(sim_a[[#This Row],[fine_align_aruco_est_error_y]]="","",ABS(sim_a[[#This Row],[fine_align_aruco_est_error_y]])*1000) -> 25 | BW5: =IF(sim_a[[#This Row],[fine_align_aruco_est_yaw_error_deg]]="","",ABS(sim_a[[#This Row],[fine_align_aruco_est_yaw_error_deg]])) -> 0.1 | BX5: =IF(sim_a[[#This Row],[fine_align_actual_aruco_error_x]]="","",ABS(sim_a[[#This Row],[fine_align_actual_aruco_error_x]])*1000) -> 6 | BY5: =IF(sim_a[[#This Row],[fine_align_actual_aruco_error_y]]="","",ABS(sim_a[[#This Row],[fine_align_actual_aruco_error_y]])*1000) -> 25 | BZ5: =IF(sim_a[[#This Row],[fine_align_actual_aruco_yaw_error_deg]]="","",ABS(sim_a[[#This Row],[fine_align_actual_aruco_yaw_error_deg]])) -> 0.219 | CA5: =IF(sim_a[[#This Row],[fine_align_aruco_vs_actual_error_x]]="","",ABS(sim_a[[#This Row],[fine_align_aruco_vs_actual_error_x]])*1000) -> 0 | CB5: =IF(sim_a[[#This Row],[fine_align_aruco_vs_actual_error_y]]="","",ABS(sim_a[[#This Row],[fine_align_aruco_vs_actual_error_y]])*1000) -> 0 | CC5: =IF(sim_a[[#This Row],[fine_align_aruco_vs_actual_yaw_error_deg]]="","",ABS(sim_a[[#This Row],[fine_align_aruco_vs_actual_yaw_error_deg]])) -> 0.119
A6: 5 | B6: FALSE | C6: local_target_timeout | D6: [python3-22] [ERROR] [1783094053.707800312] [nav2_trolley_mission_controller]: Local target 'drop-off center' timed out: distance=0.028, yaw=+1.86 deg | E6: 205.101 | F6: 9.884 | H6: 12.05 | I6: 125.726 | K6: 165.662 | M6: 5.1949 | N6: 0.0026 | O6: -1.987 | P6: 5.2009 | Q6: 0.0276 | R6: -1.859 | S6: -0.0051 | T6: 0.0026 | U6: 0.0057 | V6: 5.2009 | W6: 0.0276 | X6: 5.201 | Y6: 74.643 | Z6: -0.001 | AA6: 0 | AB6: -0.96 | AC6: 6 | AD6: 0.0147 | AE6: -1.0558 | AF6: 0.191 | AG6: -0.0003 | AH6: -1.0558 | AI6: 1.0558 | AJ6: 0.191 | AK6: -0.0007 | AL6: 1.0558 | AM6: -1.151 | AN6: 125.724 | AO6: -0.005 | AP6: -0.025 | AQ6: -0.03 | AR6: 11 | AS6: -0.0052 | AT6: -0.0251 | AU6: -0.128 | AV6: -0.0052 | AW6: -0.0251 | AX6: 0.0256 | AY6: -0.128 | AZ6: 0.0002 | BA6: 0.0001 | BB6: 0.098 | BE6: [python3-23] [INFO] [1783094053.708565484] [holonomic_goal_controller]: Holonomic lidar ignore radius set to 0.00 m. | BF6: =IF(sim_a[[#This Row],[final_trolley_dropoff_error_x]]="","",ABS(sim_a[[#This Row],[final_trolley_dropoff_error_x]])*1000) -> 5.1 | BG6: =IF(sim_a[[#This Row],[final_trolley_dropoff_error_y]]="","",ABS(sim_a[[#This Row],[final_trolley_dropoff_error_y]])*1000) -> 2.6 | BH6: =IF(sim_a[[#This Row],[final_trolley_dropoff_error_dist]]="","",sim_a[[#This Row],[final_trolley_dropoff_error_dist]]*1000) -> 5.7 | BI6: =IF(sim_a[[#This Row],[final_robot_charging_error_x]]="","",ABS(sim_a[[#This Row],[final_robot_charging_error_x]])*1000) -> 5200.9 | BJ6: =IF(sim_a[[#This Row],[final_robot_charging_error_y]]="","",ABS(sim_a[[#This Row],[final_robot_charging_error_y]])*1000) -> 27.6 | BK6: =IF(sim_a[[#This Row],[final_robot_charging_error_dist]]="","",sim_a[[#This Row],[final_robot_charging_error_dist]]*1000) -> 5201 | BL6: =IF(sim_a[[#This Row],[side_align_aruco_est_error_x]]="","",ABS(sim_a[[#This Row],[side_align_aruco_est_error_x]])*1000) -> 1 | BM6: =IF(sim_a[[#This Row],[side_align_aruco_est_error_y]]="","",ABS(sim_a[[#This Row],[side_align_aruco_est_error_y]])*1000) -> 0 | BN6: =IF(sim_a[[#This Row],[side_align_aruco_est_yaw_error_deg]]="","",ABS(sim_a[[#This Row],[side_align_aruco_est_yaw_error_deg]])) -> 0.96 | BO6: =IF(sim_a[[#This Row],[side_align_actual_aruco_error_x]]="","",ABS(sim_a[[#This Row],[side_align_actual_aruco_error_x]])*1000) -> 0.3 | BP6: =IF(sim_a[[#This Row],[side_align_actual_aruco_error_y]]="","",ABS(sim_a[[#This Row],[side_align_actual_aruco_error_y]])*1000) -> 1055.8 | BQ6: =IF(sim_a[[#This Row],[side_align_actual_aruco_yaw_error_deg]]="","",ABS(sim_a[[#This Row],[side_align_actual_aruco_yaw_error_deg]])) -> 0.191 | BR6: =IF(sim_a[[#This Row],[side_align_aruco_vs_actual_error_x]]="","",ABS(sim_a[[#This Row],[side_align_aruco_vs_actual_error_x]])*1000) -> 0.7 | BS6: =IF(sim_a[[#This Row],[side_align_aruco_vs_actual_error_y]]="","",ABS(sim_a[[#This Row],[side_align_aruco_vs_actual_error_y]])*1000) -> 1055.8 | BT6: =IF(sim_a[[#This Row],[side_align_aruco_vs_actual_yaw_error_deg]]="","",ABS(sim_a[[#This Row],[side_align_aruco_vs_actual_yaw_error_deg]])) -> 1.151 | BU6: =IF(sim_a[[#This Row],[fine_align_aruco_est_error_x]]="","",ABS(sim_a[[#This Row],[fine_align_aruco_est_error_x]])*1000) -> 5 | BV6: =IF(sim_a[[#This Row],[fine_align_aruco_est_error_y]]="","",ABS(sim_a[[#This Row],[fine_align_aruco_est_error_y]])*1000) -> 25 | BW6: =IF(sim_a[[#This Row],[fine_align_aruco_est_yaw_error_deg]]="","",ABS(sim_a[[#This Row],[fine_align_aruco_est_yaw_error_deg]])) -> 0.03 | BX6: =IF(sim_a[[#This Row],[fine_align_actual_aruco_error_x]]="","",ABS(sim_a[[#This Row],[fine_align_actual_aruco_error_x]])*1000) -> 5.2 | BY6: =IF(sim_a[[#This Row],[fine_align_actual_aruco_error_y]]="","",ABS(sim_a[[#This Row],[fine_align_actual_aruco_error_y]])*1000) -> 25.1 | BZ6: =IF(sim_a[[#This Row],[fine_align_actual_aruco_yaw_error_deg]]="","",ABS(sim_a[[#This Row],[fine_align_actual_aruco_yaw_error_deg]])) -> 0.128 | CA6: =IF(sim_a[[#This Row],[fine_align_aruco_vs_actual_error_x]]="","",ABS(sim_a[[#This Row],[fine_align_aruco_vs_actual_error_x]])*1000) -> 0.2 | CB6: =IF(sim_a[[#This Row],[fine_align_aruco_vs_actual_error_y]]="","",ABS(sim_a[[#This Row],[fine_align_aruco_vs_actual_error_y]])*1000) -> 0.1 | CC6: =IF(sim_a[[#This Row],[fine_align_aruco_vs_actual_yaw_error_deg]]="","",ABS(sim_a[[#This Row],[fine_align_aruco_vs_actual_yaw_error_deg]])) -> 0.098
A7: 6 | B7: TRUE | E7: 258.71 | F7: 9.885 | G7: 258.708 | H7: 14.411 | I7: 125.082 | J7: 191.971 | K7: 165.023 | L7: 257.701 | M7: 5.209 | N7: -0.075 | O7: 6.74 | P7: -0.0001 | Q7: 0.1063 | R7: 0.01 | S7: 0.009 | T7: -0.075 | U7: 0.0756 | V7: -0.0001 | W7: 0.1063 | X7: 0.1063 | Y7: 74.189 | Z7: 0.008 | AA7: 0 | AB7: 0.17 | AC7: 6 | AD7: 0.0125 | AE7: -1.0523 | AF7: -0.157 | AG7: -0.0025 | AH7: -1.0523 | AI7: 1.0523 | AJ7: -0.157 | AK7: 0.0105 | AL7: 1.0523 | AM7: 0.327 | AN7: 125.029 | AO7: 0.007 | AP7: -0.025 | AQ7: -0.1 | AR7: 10 | AS7: 0.0063 | AT7: -0.0251 | AU7: -0.168 | AV7: 0.0063 | AW7: -0.0251 | AX7: 0.0258 | AY7: -0.168 | AZ7: 0.0007 | BA7: 0.0001 | BB7: 0.068 | BE7: [python3-22] [INFO] [1783094302.881573410] [nav2_trolley_mission_controller]: Local target 'return lane above drop zones' reached. | BF7: =IF(sim_a[[#This Row],[final_trolley_dropoff_error_x]]="","",ABS(sim_a[[#This Row],[final_trolley_dropoff_error_x]])*1000) -> 9 | BG7: =IF(sim_a[[#This Row],[final_trolley_dropoff_error_y]]="","",ABS(sim_a[[#This Row],[final_trolley_dropoff_error_y]])*1000) -> 75 | BH7: =IF(sim_a[[#This Row],[final_trolley_dropoff_error_dist]]="","",sim_a[[#This Row],[final_trolley_dropoff_error_dist]]*1000) -> 75.6 | BI7: =IF(sim_a[[#This Row],[final_robot_charging_error_x]]="","",ABS(sim_a[[#This Row],[final_robot_charging_error_x]])*1000) -> 0.1 | BJ7: =IF(sim_a[[#This Row],[final_robot_charging_error_y]]="","",ABS(sim_a[[#This Row],[final_robot_charging_error_y]])*1000) -> 106.3 | BK7: =IF(sim_a[[#This Row],[final_robot_charging_error_dist]]="","",sim_a[[#This Row],[final_robot_charging_error_dist]]*1000) -> 106.3 | BL7: =IF(sim_a[[#This Row],[side_align_aruco_est_error_x]]="","",ABS(sim_a[[#This Row],[side_align_aruco_est_error_x]])*1000) -> 8 | BM7: =IF(sim_a[[#This Row],[side_align_aruco_est_error_y]]="","",ABS(sim_a[[#This Row],[side_align_aruco_est_error_y]])*1000) -> 0 | BN7: =IF(sim_a[[#This Row],[side_align_aruco_est_yaw_error_deg]]="","",ABS(sim_a[[#This Row],[side_align_aruco_est_yaw_error_deg]])) -> 0.17 | BO7: =IF(sim_a[[#This Row],[side_align_actual_aruco_error_x]]="","",ABS(sim_a[[#This Row],[side_align_actual_aruco_error_x]])*1000) -> 2.5 | BP7: =IF(sim_a[[#This Row],[side_align_actual_aruco_error_y]]="","",ABS(sim_a[[#This Row],[side_align_actual_aruco_error_y]])*1000) -> 1052.3 | BQ7: =IF(sim_a[[#This Row],[side_align_actual_aruco_yaw_error_deg]]="","",ABS(sim_a[[#This Row],[side_align_actual_aruco_yaw_error_deg]])) -> 0.157 | BR7: =IF(sim_a[[#This Row],[side_align_aruco_vs_actual_error_x]]="","",ABS(sim_a[[#This Row],[side_align_aruco_vs_actual_error_x]])*1000) -> 10.5 | BS7: =IF(sim_a[[#This Row],[side_align_aruco_vs_actual_error_y]]="","",ABS(sim_a[[#This Row],[side_align_aruco_vs_actual_error_y]])*1000) -> 1052.3 | BT7: =IF(sim_a[[#This Row],[side_align_aruco_vs_actual_yaw_error_deg]]="","",ABS(sim_a[[#This Row],[side_align_aruco_vs_actual_yaw_error_deg]])) -> 0.327 | BU7: =IF(sim_a[[#This Row],[fine_align_aruco_est_error_x]]="","",ABS(sim_a[[#This Row],[fine_align_aruco_est_error_x]])*1000) -> 7 | BV7: =IF(sim_a[[#This Row],[fine_align_aruco_est_error_y]]="","",ABS(sim_a[[#This Row],[fine_align_aruco_est_error_y]])*1000) -> 25 | BW7: =IF(sim_a[[#This Row],[fine_align_aruco_est_yaw_error_deg]]="","",ABS(sim_a[[#This Row],[fine_align_aruco_est_yaw_error_deg]])) -> 0.1 | BX7: =IF(sim_a[[#This Row],[fine_align_actual_aruco_error_x]]="","",ABS(sim_a[[#This Row],[fine_align_actual_aruco_error_x]])*1000) -> 6.3 | BY7: =IF(sim_a[[#This Row],[fine_align_actual_aruco_error_y]]="","",ABS(sim_a[[#This Row],[fine_align_actual_aruco_error_y]])*1000) -> 25.1 | BZ7: =IF(sim_a[[#This Row],[fine_align_actual_aruco_yaw_error_deg]]="","",ABS(sim_a[[#This Row],[fine_align_actual_aruco_yaw_error_deg]])) -> 0.168 | CA7: =IF(sim_a[[#This Row],[fine_align_aruco_vs_actual_error_x]]="","",ABS(sim_a[[#This Row],[fine_align_aruco_vs_actual_error_x]])*1000) -> 0.7 | CB7: =IF(sim_a[[#This Row],[fine_align_aruco_vs_actual_error_y]]="","",ABS(sim_a[[#This Row],[fine_align_aruco_vs_actual_error_y]])*1000) -> 0.1 | CC7: =IF(sim_a[[#This Row],[fine_align_aruco_vs_actual_yaw_error_deg]]="","",ABS(sim_a[[#This Row],[fine_align_aruco_vs_actual_yaw_error_deg]])) -> 0.068
A8: 7 | B8: TRUE | E8: 266.349 | F8: 9.84 | G8: 266.346 | H8: 12.006 | I8: 128.332 | J8: 199.37 | K8: 169.133 | L8: 265.338 | M8: 5.1966 | N8: -0.0322 | O8: -1.472 | P8: 0.0009 | Q8: 0.11 | R8: -0.28 | S8: -0.0034 | T8: -0.0322 | U8: 0.0324 | V8: 0.0009 | W8: 0.11 | X8: 0.11 | Y8: 74.642 | Z8: 0.006 | AA8: 0 | AB8: -0.45 | AC8: 6 | AD8: 0.0169 | AE8: -1.0532 | AF8: -0.057 | AG8: 0.0019 | AH8: -1.0532 | AI8: 1.0532 | AJ8: -0.057 | AK8: 0.0041 | AL8: 1.0532 | AM8: -0.393 | AN8: 128.33 | AO8: 0.005 | AP8: -0.025 | AQ8: -0.06 | AR8: 10 | AS8: 0.0053 | AT8: -0.0249 | AU8: -0.164 | AV8: 0.0053 | AW8: -0.0249 | AX8: 0.0255 | AY8: -0.164 | AZ8: -0.0003 | BA8: -0.0001 | BB8: 0.104 | BE8: [planner_server-16] [INFO] [1783094573.434418557] [global_costmap.global_costmap]: StaticLayer: Resizing costmap to 158 X 118 at 0.050000 m/pix | BF8: =IF(sim_a[[#This Row],[final_trolley_dropoff_error_x]]="","",ABS(sim_a[[#This Row],[final_trolley_dropoff_error_x]])*1000) -> 3.4 | BG8: =IF(sim_a[[#This Row],[final_trolley_dropoff_error_y]]="","",ABS(sim_a[[#This Row],[final_trolley_dropoff_error_y]])*1000) -> 32.2 | BH8: =IF(sim_a[[#This Row],[final_trolley_dropoff_error_dist]]="","",sim_a[[#This Row],[final_trolley_dropoff_error_dist]]*1000) -> 32.4 | BI8: =IF(sim_a[[#This Row],[final_robot_charging_error_x]]="","",ABS(sim_a[[#This Row],[final_robot_charging_error_x]])*1000) -> 0.9 | BJ8: =IF(sim_a[[#This Row],[final_robot_charging_error_y]]="","",ABS(sim_a[[#This Row],[final_robot_charging_error_y]])*1000) -> 110 | BK8: =IF(sim_a[[#This Row],[final_robot_charging_error_dist]]="","",sim_a[[#This Row],[final_robot_charging_error_dist]]*1000) -> 110 | BL8: =IF(sim_a[[#This Row],[side_align_aruco_est_error_x]]="","",ABS(sim_a[[#This Row],[side_align_aruco_est_error_x]])*1000) -> 6 | BM8: =IF(sim_a[[#This Row],[side_align_aruco_est_error_y]]="","",ABS(sim_a[[#This Row],[side_align_aruco_est_error_y]])*1000) -> 0 | BN8: =IF(sim_a[[#This Row],[side_align_aruco_est_yaw_error_deg]]="","",ABS(sim_a[[#This Row],[side_align_aruco_est_yaw_error_deg]])) -> 0.45 | BO8: =IF(sim_a[[#This Row],[side_align_actual_aruco_error_x]]="","",ABS(sim_a[[#This Row],[side_align_actual_aruco_error_x]])*1000) -> 1.9 | BP8: =IF(sim_a[[#This Row],[side_align_actual_aruco_error_y]]="","",ABS(sim_a[[#This Row],[side_align_actual_aruco_error_y]])*1000) -> 1053.2 | BQ8: =IF(sim_a[[#This Row],[side_align_actual_aruco_yaw_error_deg]]="","",ABS(sim_a[[#This Row],[side_align_actual_aruco_yaw_error_deg]])) -> 0.057 | BR8: =IF(sim_a[[#This Row],[side_align_aruco_vs_actual_error_x]]="","",ABS(sim_a[[#This Row],[side_align_aruco_vs_actual_error_x]])*1000) -> 4.1 | BS8: =IF(sim_a[[#This Row],[side_align_aruco_vs_actual_error_y]]="","",ABS(sim_a[[#This Row],[side_align_aruco_vs_actual_error_y]])*1000) -> 1053.2 | BT8: =IF(sim_a[[#This Row],[side_align_aruco_vs_actual_yaw_error_deg]]="","",ABS(sim_a[[#This Row],[side_align_aruco_vs_actual_yaw_error_deg]])) -> 0.393 | BU8: =IF(sim_a[[#This Row],[fine_align_aruco_est_error_x]]="","",ABS(sim_a[[#This Row],[fine_align_aruco_est_error_x]])*1000) -> 5 | BV8: =IF(sim_a[[#This Row],[fine_align_aruco_est_error_y]]="","",ABS(sim_a[[#This Row],[fine_align_aruco_est_error_y]])*1000) -> 25 | BW8: =IF(sim_a[[#This Row],[fine_align_aruco_est_yaw_error_deg]]="","",ABS(sim_a[[#This Row],[fine_align_aruco_est_yaw_error_deg]])) -> 0.06 | BX8: =IF(sim_a[[#This Row],[fine_align_actual_aruco_error_x]]="","",ABS(sim_a[[#This Row],[fine_align_actual_aruco_error_x]])*1000) -> 5.3 | BY8: =IF(sim_a[[#This Row],[fine_align_actual_aruco_error_y]]="","",ABS(sim_a[[#This Row],[fine_align_actual_aruco_error_y]])*1000) -> 24.9 | BZ8: =IF(sim_a[[#This Row],[fine_align_actual_aruco_yaw_error_deg]]="","",ABS(sim_a[[#This Row],[fine_align_actual_aruco_yaw_error_deg]])) -> 0.164 | CA8: =IF(sim_a[[#This Row],[fine_align_aruco_vs_actual_error_x]]="","",ABS(sim_a[[#This Row],[fine_align_aruco_vs_actual_error_x]])*1000) -> 0.3 | CB8: =IF(sim_a[[#This Row],[fine_align_aruco_vs_actual_error_y]]="","",ABS(sim_a[[#This Row],[fine_align_aruco_vs_actual_error_y]])*1000) -> 0.1 | CC8: =IF(sim_a[[#This Row],[fine_align_aruco_vs_actual_yaw_error_deg]]="","",ABS(sim_a[[#This Row],[fine_align_aruco_vs_actual_yaw_error_deg]])) -> 0.104
A9: 8 | B9: TRUE | E9: 258.055 | F9: 9.837 | G9: 258.053 | H9: 13.258 | I9: 123.789 | J9: 191.223 | K9: 163.873 | L9: 257.046 | M9: 5.2059 | N9: -0.0395 | O9: -3.078 | P9: -0.0005 | Q9: 0.1031 | R9: 0.067 | S9: 0.0059 | T9: -0.0395 | U9: 0.04 | V9: -0.0005 | W9: 0.1031 | X9: 0.1031 | Y9: 73.504 | Z9: 0.005 | AA9: 0 | AB9: -0.74 | AC9: 6 | AD9: 0.0175 | AE9: -1.0422 | AF9: 0.373 | AG9: 0.0025 | AH9: -1.0422 | AI9: 1.0422 | AJ9: 0.373 | AK9: 0.0025 | AL9: 1.0422 | AM9: -1.113 | AN9: 123.735 | AO9: 0.007 | AP9: -0.025 | AQ9: -0.03 | AR9: 11 | AS9: 0.0065 | AT9: -0.0245 | AU9: -0.141 | AV9: 0.0065 | AW9: -0.0245 | AX9: 0.0253 | AY9: -0.141 | AZ9: 0.0005 | BA9: -0.0005 | BB9: 0.111 | BE9: [python3-22] [INFO] [1783094828.342074230] [nav2_trolley_mission_controller]: Local target 'return lane above drop zones' reached. | BF9: =IF(sim_a[[#This Row],[final_trolley_dropoff_error_x]]="","",ABS(sim_a[[#This Row],[final_trolley_dropoff_error_x]])*1000) -> 5.9 | BG9: =IF(sim_a[[#This Row],[final_trolley_dropoff_error_y]]="","",ABS(sim_a[[#This Row],[final_trolley_dropoff_error_y]])*1000) -> 39.5 | BH9: =IF(sim_a[[#This Row],[final_trolley_dropoff_error_dist]]="","",sim_a[[#This Row],[final_trolley_dropoff_error_dist]]*1000) -> 40 | BI9: =IF(sim_a[[#This Row],[final_robot_charging_error_x]]="","",ABS(sim_a[[#This Row],[final_robot_charging_error_x]])*1000) -> 0.5 | BJ9: =IF(sim_a[[#This Row],[final_robot_charging_error_y]]="","",ABS(sim_a[[#This Row],[final_robot_charging_error_y]])*1000) -> 103.1 | BK9: =IF(sim_a[[#This Row],[final_robot_charging_error_dist]]="","",sim_a[[#This Row],[final_robot_charging_error_dist]]*1000) -> 103.1 | BL9: =IF(sim_a[[#This Row],[side_align_aruco_est_error_x]]="","",ABS(sim_a[[#This Row],[side_align_aruco_est_error_x]])*1000) -> 5 | BM9: =IF(sim_a[[#This Row],[side_align_aruco_est_error_y]]="","",ABS(sim_a[[#This Row],[side_align_aruco_est_error_y]])*1000) -> 0 | BN9: =IF(sim_a[[#This Row],[side_align_aruco_est_yaw_error_deg]]="","",ABS(sim_a[[#This Row],[side_align_aruco_est_yaw_error_deg]])) -> 0.74 | BO9: =IF(sim_a[[#This Row],[side_align_actual_aruco_error_x]]="","",ABS(sim_a[[#This Row],[side_align_actual_aruco_error_x]])*1000) -> 2.5 | BP9: =IF(sim_a[[#This Row],[side_align_actual_aruco_error_y]]="","",ABS(sim_a[[#This Row],[side_align_actual_aruco_error_y]])*1000) -> 1042.2 | BQ9: =IF(sim_a[[#This Row],[side_align_actual_aruco_yaw_error_deg]]="","",ABS(sim_a[[#This Row],[side_align_actual_aruco_yaw_error_deg]])) -> 0.373 | BR9: =IF(sim_a[[#This Row],[side_align_aruco_vs_actual_error_x]]="","",ABS(sim_a[[#This Row],[side_align_aruco_vs_actual_error_x]])*1000) -> 2.5 | BS9: =IF(sim_a[[#This Row],[side_align_aruco_vs_actual_error_y]]="","",ABS(sim_a[[#This Row],[side_align_aruco_vs_actual_error_y]])*1000) -> 1042.2 | BT9: =IF(sim_a[[#This Row],[side_align_aruco_vs_actual_yaw_error_deg]]="","",ABS(sim_a[[#This Row],[side_align_aruco_vs_actual_yaw_error_deg]])) -> 1.113 | BU9: =IF(sim_a[[#This Row],[fine_align_aruco_est_error_x]]="","",ABS(sim_a[[#This Row],[fine_align_aruco_est_error_x]])*1000) -> 7 | BV9: =IF(sim_a[[#This Row],[fine_align_aruco_est_error_y]]="","",ABS(sim_a[[#This Row],[fine_align_aruco_est_error_y]])*1000) -> 25 | BW9: =IF(sim_a[[#This Row],[fine_align_aruco_est_yaw_error_deg]]="","",ABS(sim_a[[#This Row],[fine_align_aruco_est_yaw_error_deg]])) -> 0.03 | BX9: =IF(sim_a[[#This Row],[fine_align_actual_aruco_error_x]]="","",ABS(sim_a[[#This Row],[fine_align_actual_aruco_error_x]])*1000) -> 6.5 | BY9: =IF(sim_a[[#This Row],[fine_align_actual_aruco_error_y]]="","",ABS(sim_a[[#This Row],[fine_align_actual_aruco_error_y]])*1000) -> 24.5 | BZ9: =IF(sim_a[[#This Row],[fine_align_actual_aruco_yaw_error_deg]]="","",ABS(sim_a[[#This Row],[fine_align_actual_aruco_yaw_error_deg]])) -> 0.141 | CA9: =IF(sim_a[[#This Row],[fine_align_aruco_vs_actual_error_x]]="","",ABS(sim_a[[#This Row],[fine_align_aruco_vs_actual_error_x]])*1000) -> 0.5 | CB9: =IF(sim_a[[#This Row],[fine_align_aruco_vs_actual_error_y]]="","",ABS(sim_a[[#This Row],[fine_align_aruco_vs_actual_error_y]])*1000) -> 0.5 | CC9: =IF(sim_a[[#This Row],[fine_align_aruco_vs_actual_yaw_error_deg]]="","",ABS(sim_a[[#This Row],[fine_align_aruco_vs_actual_yaw_error_deg]])) -> 0.111
A10: 9 | B10: FALSE | C10: run_timeout | D10: Robot did not return to charging while trolley remained in orange drop-off before timeout. | E10: 420.043 | F10: 9.691 | H10: 12.407 | I10: 176.668 | J10: 251.566 | K10: 222.454 | L10: 317.627 | M10: 5.2293 | N10: -0.5164 | O10: 0.413 | P10: 0.0008 | Q10: 0.0264 | R10: -0.444 | S10: 0.0293 | T10: -0.5164 | U10: 0.5172 | V10: 0.0008 | W10: 0.0264 | X10: 0.0264 | Y10: 123.509 | Z10: 0.003 | AA10: 0 | AB10: -0.8 | AC10: 5 | AD10: 0.0246 | AE10: -1.0878 | AF10: 0.456 | AG10: 0.0096 | AH10: -1.0878 | AI10: 1.0878 | AJ10: 0.456 | AK10: -0.0066 | AL10: 1.0878 | AM10: -1.256 | AN10: 176.614 | AO10: 0.01 | AP10: -0.025 | AQ10: 1.23 | AR10: 11 | AS10: 0.0107 | AT10: -0.0251 | AU10: 1.189 | AV10: 0.0107 | AW10: -0.0251 | AX10: 0.0273 | AY10: 1.189 | AZ10: -0.0007 | BA10: 0.0001 | BB10: 0.041 | BE10: [python3-23] [INFO] [1783095167.032223533] [holonomic_goal_controller]: Holonomic lidar ignore radius set to 0.00 m. | BF10: =IF(sim_a[[#This Row],[final_trolley_dropoff_error_x]]="","",ABS(sim_a[[#This Row],[final_trolley_dropoff_error_x]])*1000) -> 29.3 | BG10: =IF(sim_a[[#This Row],[final_trolley_dropoff_error_y]]="","",ABS(sim_a[[#This Row],[final_trolley_dropoff_error_y]])*1000) -> 516.4 | BH10: =IF(sim_a[[#This Row],[final_trolley_dropoff_error_dist]]="","",sim_a[[#This Row],[final_trolley_dropoff_error_dist]]*1000) -> 517.2 | BI10: =IF(sim_a[[#This Row],[final_robot_charging_error_x]]="","",ABS(sim_a[[#This Row],[final_robot_charging_error_x]])*1000) -> 0.8 | BJ10: =IF(sim_a[[#This Row],[final_robot_charging_error_y]]="","",ABS(sim_a[[#This Row],[final_robot_charging_error_y]])*1000) -> 26.4 | BK10: =IF(sim_a[[#This Row],[final_robot_charging_error_dist]]="","",sim_a[[#This Row],[final_robot_charging_error_dist]]*1000) -> 26.4 | BL10: =IF(sim_a[[#This Row],[side_align_aruco_est_error_x]]="","",ABS(sim_a[[#This Row],[side_align_aruco_est_error_x]])*1000) -> 3 | BM10: =IF(sim_a[[#This Row],[side_align_aruco_est_error_y]]="","",ABS(sim_a[[#This Row],[side_align_aruco_est_error_y]])*1000) -> 0 | BN10: =IF(sim_a[[#This Row],[side_align_aruco_est_yaw_error_deg]]="","",ABS(sim_a[[#This Row],[side_align_aruco_est_yaw_error_deg]])) -> 0.8 | BO10: =IF(sim_a[[#This Row],[side_align_actual_aruco_error_x]]="","",ABS(sim_a[[#This Row],[side_align_actual_aruco_error_x]])*1000) -> 9.6 | BP10: =IF(sim_a[[#This Row],[side_align_actual_aruco_error_y]]="","",ABS(sim_a[[#This Row],[side_align_actual_aruco_error_y]])*1000) -> 1087.8 | BQ10: =IF(sim_a[[#This Row],[side_align_actual_aruco_yaw_error_deg]]="","",ABS(sim_a[[#This Row],[side_align_actual_aruco_yaw_error_deg]])) -> 0.456 | BR10: =IF(sim_a[[#This Row],[side_align_aruco_vs_actual_error_x]]="","",ABS(sim_a[[#This Row],[side_align_aruco_vs_actual_error_x]])*1000) -> 6.6 | BS10: =IF(sim_a[[#This Row],[side_align_aruco_vs_actual_error_y]]="","",ABS(sim_a[[#This Row],[side_align_aruco_vs_actual_error_y]])*1000) -> 1087.8 | BT10: =IF(sim_a[[#This Row],[side_align_aruco_vs_actual_yaw_error_deg]]="","",ABS(sim_a[[#This Row],[side_align_aruco_vs_actual_yaw_error_deg]])) -> 1.256 | BU10: =IF(sim_a[[#This Row],[fine_align_aruco_est_error_x]]="","",ABS(sim_a[[#This Row],[fine_align_aruco_est_error_x]])*1000) -> 10 | BV10: =IF(sim_a[[#This Row],[fine_align_aruco_est_error_y]]="","",ABS(sim_a[[#This Row],[fine_align_aruco_est_error_y]])*1000) -> 25 | BW10: =IF(sim_a[[#This Row],[fine_align_aruco_est_yaw_error_deg]]="","",ABS(sim_a[[#This Row],[fine_align_aruco_est_yaw_error_deg]])) -> 1.23 | BX10: =IF(sim_a[[#This Row],[fine_align_actual_aruco_error_x]]="","",ABS(sim_a[[#This Row],[fine_align_actual_aruco_error_x]])*1000) -> 10.7 | BY10: =IF(sim_a[[#This Row],[fine_align_actual_aruco_error_y]]="","",ABS(sim_a[[#This Row],[fine_align_actual_aruco_error_y]])*1000) -> 25.1 | BZ10: =IF(sim_a[[#This Row],[fine_align_actual_aruco_yaw_error_deg]]="","",ABS(sim_a[[#This Row],[fine_align_actual_aruco_yaw_error_deg]])) -> 1.189 | CA10: =IF(sim_a[[#This Row],[fine_align_aruco_vs_actual_error_x]]="","",ABS(sim_a[[#This Row],[fine_align_aruco_vs_actual_error_x]])*1000) -> 0.7 | CB10: =IF(sim_a[[#This Row],[fine_align_aruco_vs_actual_error_y]]="","",ABS(sim_a[[#This Row],[fine_align_aruco_vs_actual_error_y]])*1000) -> 0.1 | CC10: =IF(sim_a[[#This Row],[fine_align_aruco_vs_actual_yaw_error_deg]]="","",ABS(sim_a[[#This Row],[fine_align_aruco_vs_actual_yaw_error_deg]])) -> 0.041
A11: 10 | B11: TRUE | E11: 261.863 | F11: 9.892 | G11: 261.861 | H11: 12.058 | I11: 125.377 | J11: 195.384 | K11: 165.164 | L11: 260.854 | M11: 5.2111 | N11: -0.0231 | O11: -5.045 | P11: 0 | Q11: 0.1029 | R11: -0.046 | S11: 0.0111 | T11: -0.0231 | U11: 0.0257 | V11: 0 | W11: 0.1029 | X11: 0.1029 | Y11: 73.538 | Z11: 0.004 | AA11: 0 | AB11: 0.8 | AC11: 6 | AD11: 0.0153 | AE11: -1.0528 | AF11: 0.837 | AG11: 0.0003 | AH11: -1.0528 | AI11: 1.0528 | AJ11: 0.837 | AK11: 0.0037 | AL11: 1.0528 | AM11: -0.037 | AN11: 125.325 | AO11: 0.004 | AP11: -0.025 | AQ11: -0.06 | AR11: 10 | AS11: 0.0045 | AT11: -0.0252 | AU11: -0.111 | AV11: 0.0045 | AW11: -0.0252 | AX11: 0.0256 | AY11: -0.111 | AZ11: -0.0005 | BA11: 0.0002 | BB11: 0.051 | BE11: [python3-22] [INFO] [1783095511.477123455] [nav2_trolley_mission_controller]: Local target 'return lane above drop zones' reached. | BF11: =IF(sim_a[[#This Row],[final_trolley_dropoff_error_x]]="","",ABS(sim_a[[#This Row],[final_trolley_dropoff_error_x]])*1000) -> 11.1 | BG11: =IF(sim_a[[#This Row],[final_trolley_dropoff_error_y]]="","",ABS(sim_a[[#This Row],[final_trolley_dropoff_error_y]])*1000) -> 23.1 | BH11: =IF(sim_a[[#This Row],[final_trolley_dropoff_error_dist]]="","",sim_a[[#This Row],[final_trolley_dropoff_error_dist]]*1000) -> 25.7 | BI11: =IF(sim_a[[#This Row],[final_robot_charging_error_x]]="","",ABS(sim_a[[#This Row],[final_robot_charging_error_x]])*1000) -> 0 | BJ11: =IF(sim_a[[#This Row],[final_robot_charging_error_y]]="","",ABS(sim_a[[#This Row],[final_robot_charging_error_y]])*1000) -> 102.9 | BK11: =IF(sim_a[[#This Row],[final_robot_charging_error_dist]]="","",sim_a[[#This Row],[final_robot_charging_error_dist]]*1000) -> 102.9 | BL11: =IF(sim_a[[#This Row],[side_align_aruco_est_error_x]]="","",ABS(sim_a[[#This Row],[side_align_aruco_est_error_x]])*1000) -> 4 | BM11: =IF(sim_a[[#This Row],[side_align_aruco_est_error_y]]="","",ABS(sim_a[[#This Row],[side_align_aruco_est_error_y]])*1000) -> 0 | BN11: =IF(sim_a[[#This Row],[side_align_aruco_est_yaw_error_deg]]="","",ABS(sim_a[[#This Row],[side_align_aruco_est_yaw_error_deg]])) -> 0.8 | BO11: =IF(sim_a[[#This Row],[side_align_actual_aruco_error_x]]="","",ABS(sim_a[[#This Row],[side_align_actual_aruco_error_x]])*1000) -> 0.3 | BP11: =IF(sim_a[[#This Row],[side_align_actual_aruco_error_y]]="","",ABS(sim_a[[#This Row],[side_align_actual_aruco_error_y]])*1000) -> 1052.8 | BQ11: =IF(sim_a[[#This Row],[side_align_actual_aruco_yaw_error_deg]]="","",ABS(sim_a[[#This Row],[side_align_actual_aruco_yaw_error_deg]])) -> 0.837 | BR11: =IF(sim_a[[#This Row],[side_align_aruco_vs_actual_error_x]]="","",ABS(sim_a[[#This Row],[side_align_aruco_vs_actual_error_x]])*1000) -> 3.7 | BS11: =IF(sim_a[[#This Row],[side_align_aruco_vs_actual_error_y]]="","",ABS(sim_a[[#This Row],[side_align_aruco_vs_actual_error_y]])*1000) -> 1052.8 | BT11: =IF(sim_a[[#This Row],[side_align_aruco_vs_actual_yaw_error_deg]]="","",ABS(sim_a[[#This Row],[side_align_aruco_vs_actual_yaw_error_deg]])) -> 0.037 | BU11: =IF(sim_a[[#This Row],[fine_align_aruco_est_error_x]]="","",ABS(sim_a[[#This Row],[fine_align_aruco_est_error_x]])*1000) -> 4 | BV11: =IF(sim_a[[#This Row],[fine_align_aruco_est_error_y]]="","",ABS(sim_a[[#This Row],[fine_align_aruco_est_error_y]])*1000) -> 25 | BW11: =IF(sim_a[[#This Row],[fine_align_aruco_est_yaw_error_deg]]="","",ABS(sim_a[[#This Row],[fine_align_aruco_est_yaw_error_deg]])) -> 0.06 | BX11: =IF(sim_a[[#This Row],[fine_align_actual_aruco_error_x]]="","",ABS(sim_a[[#This Row],[fine_align_actual_aruco_error_x]])*1000) -> 4.5 | BY11: =IF(sim_a[[#This Row],[fine_align_actual_aruco_error_y]]="","",ABS(sim_a[[#This Row],[fine_align_actual_aruco_error_y]])*1000) -> 25.2 | BZ11: =IF(sim_a[[#This Row],[fine_align_actual_aruco_yaw_error_deg]]="","",ABS(sim_a[[#This Row],[fine_align_actual_aruco_yaw_error_deg]])) -> 0.111 | CA11: =IF(sim_a[[#This Row],[fine_align_aruco_vs_actual_error_x]]="","",ABS(sim_a[[#This Row],[fine_align_aruco_vs_actual_error_x]])*1000) -> 0.5 | CB11: =IF(sim_a[[#This Row],[fine_align_aruco_vs_actual_error_y]]="","",ABS(sim_a[[#This Row],[fine_align_aruco_vs_actual_error_y]])*1000) -> 0.2 | CC11: =IF(sim_a[[#This Row],[fine_align_aruco_vs_actual_yaw_error_deg]]="","",ABS(sim_a[[#This Row],[fine_align_aruco_vs_actual_yaw_error_deg]])) -> 0.051
A12: 11 | B12: FALSE | C12: local_target_timeout | D12: [python3-22] [ERROR] [1783095725.510524969] [nav2_trolley_mission_controller]: Local target 'drop-off center' timed out: distance=0.029, yaw=+5.31 deg | E12: 203.163 | F12: 9.935 | H12: 12.102 | I12: 124.374 | K12: 163.72 | M12: 5.2062 | N12: 0.0043 | O12: -5.454 | P12: 5.2025 | Q12: 0.0293 | R12: -5.311 | S12: 0.0062 | T12: 0.0043 | U12: 0.0076 | V12: 5.2025 | W12: 0.0293 | X12: 5.2026 | Y12: 73.553 | Z12: 0.006 | AA12: 0 | AB12: 0.83 | AC12: 6 | AD12: 0.0154 | AE12: -1.0486 | AF12: 0.903 | AG12: 0.0004 | AH12: -1.0486 | AI12: 1.0486 | AJ12: 0.903 | AK12: 0.0056 | AL12: 1.0486 | AM12: -0.073 | AN12: 124.372 | AO12: 0.007 | AP12: -0.025 | AQ12: 0 | AR12: 11 | AS12: 0.006 | AT12: -0.0245 | AU12: -0.144 | AV12: 0.006 | AW12: -0.0245 | AX12: 0.0252 | AY12: -0.144 | AZ12: 0.001 | BA12: -0.0005 | BB12: 0.144 | BE12: [python3-22] [ERROR] [1783095725.510524969] [nav2_trolley_mission_controller]: Local target 'drop-off center' timed out: distance=0.029, yaw=+5.31 deg | BF12: =IF(sim_a[[#This Row],[final_trolley_dropoff_error_x]]="","",ABS(sim_a[[#This Row],[final_trolley_dropoff_error_x]])*1000) -> 6.2 | BG12: =IF(sim_a[[#This Row],[final_trolley_dropoff_error_y]]="","",ABS(sim_a[[#This Row],[final_trolley_dropoff_error_y]])*1000) -> 4.3 | BH12: =IF(sim_a[[#This Row],[final_trolley_dropoff_error_dist]]="","",sim_a[[#This Row],[final_trolley_dropoff_error_dist]]*1000) -> 7.6 | BI12: =IF(sim_a[[#This Row],[final_robot_charging_error_x]]="","",ABS(sim_a[[#This Row],[final_robot_charging_error_x]])*1000) -> 5202.5 | BJ12: =IF(sim_a[[#This Row],[final_robot_charging_error_y]]="","",ABS(sim_a[[#This Row],[final_robot_charging_error_y]])*1000) -> 29.3 | BK12: =IF(sim_a[[#This Row],[final_robot_charging_error_dist]]="","",sim_a[[#This Row],[final_robot_charging_error_dist]]*1000) -> 5202.6 | BL12: =IF(sim_a[[#This Row],[side_align_aruco_est_error_x]]="","",ABS(sim_a[[#This Row],[side_align_aruco_est_error_x]])*1000) -> 6 | BM12: =IF(sim_a[[#This Row],[side_align_aruco_est_error_y]]="","",ABS(sim_a[[#This Row],[side_align_aruco_est_error_y]])*1000) -> 0 | BN12: =IF(sim_a[[#This Row],[side_align_aruco_est_yaw_error_deg]]="","",ABS(sim_a[[#This Row],[side_align_aruco_est_yaw_error_deg]])) -> 0.83 | BO12: =IF(sim_a[[#This Row],[side_align_actual_aruco_error_x]]="","",ABS(sim_a[[#This Row],[side_align_actual_aruco_error_x]])*1000) -> 0.4 | BP12: =IF(sim_a[[#This Row],[side_align_actual_aruco_error_y]]="","",ABS(sim_a[[#This Row],[side_align_actual_aruco_error_y]])*1000) -> 1048.6 | BQ12: =IF(sim_a[[#This Row],[side_align_actual_aruco_yaw_error_deg]]="","",ABS(sim_a[[#This Row],[side_align_actual_aruco_yaw_error_deg]])) -> 0.903 | BR12: =IF(sim_a[[#This Row],[side_align_aruco_vs_actual_error_x]]="","",ABS(sim_a[[#This Row],[side_align_aruco_vs_actual_error_x]])*1000) -> 5.6 | BS12: =IF(sim_a[[#This Row],[side_align_aruco_vs_actual_error_y]]="","",ABS(sim_a[[#This Row],[side_align_aruco_vs_actual_error_y]])*1000) -> 1048.6 | BT12: =IF(sim_a[[#This Row],[side_align_aruco_vs_actual_yaw_error_deg]]="","",ABS(sim_a[[#This Row],[side_align_aruco_vs_actual_yaw_error_deg]])) -> 0.073 | BU12: =IF(sim_a[[#This Row],[fine_align_aruco_est_error_x]]="","",ABS(sim_a[[#This Row],[fine_align_aruco_est_error_x]])*1000) -> 7 | BV12: =IF(sim_a[[#This Row],[fine_align_aruco_est_error_y]]="","",ABS(sim_a[[#This Row],[fine_align_aruco_est_error_y]])*1000) -> 25 | BW12: =IF(sim_a[[#This Row],[fine_align_aruco_est_yaw_error_deg]]="","",ABS(sim_a[[#This Row],[fine_align_aruco_est_yaw_error_deg]])) -> 0 | BX12: =IF(sim_a[[#This Row],[fine_align_actual_aruco_error_x]]="","",ABS(sim_a[[#This Row],[fine_align_actual_aruco_error_x]])*1000) -> 6 | BY12: =IF(sim_a[[#This Row],[fine_align_actual_aruco_error_y]]="","",ABS(sim_a[[#This Row],[fine_align_actual_aruco_error_y]])*1000) -> 24.5 | BZ12: =IF(sim_a[[#This Row],[fine_align_actual_aruco_yaw_error_deg]]="","",ABS(sim_a[[#This Row],[fine_align_actual_aruco_yaw_error_deg]])) -> 0.144 | CA12: =IF(sim_a[[#This Row],[fine_align_aruco_vs_actual_error_x]]="","",ABS(sim_a[[#This Row],[fine_align_aruco_vs_actual_error_x]])*1000) -> 1 | CB12: =IF(sim_a[[#This Row],[fine_align_aruco_vs_actual_error_y]]="","",ABS(sim_a[[#This Row],[fine_align_aruco_vs_actual_error_y]])*1000) -> 0.5 | CC12: =IF(sim_a[[#This Row],[fine_align_aruco_vs_actual_yaw_error_deg]]="","",ABS(sim_a[[#This Row],[fine_align_aruco_vs_actual_yaw_error_deg]])) -> 0.144
A13: 12 | B13: FALSE | C13: holonomic_goal_timeout | D13: [python3-22] [ERROR] [1783095965.449069465] [nav2_trolley_mission_controller]: Holonomic goal 'drop-off approach' timed out: distance=0.043, yaw=117.7 deg | E13: 239.045 | F13: 9.784 | H13: 13.464 | I13: 128.983 | M13: 5.138 | N13: 1.378 | O13: -117.934 | P13: 5.1618 | Q13: 1.3697 | R13: -117.764 | S13: -0.062 | T13: 1.378 | U13: 1.3794 | V13: 5.1618 | W13: 1.3697 | X13: 5.3404 | Y13: 75.624 | Z13: -0.002 | AA13: 0 | AB13: -0.11 | AC13: 6 | AD13: 0.0098 | AE13: -1.0499 | AF13: 0.571 | AG13: -0.0052 | AH13: -1.0499 | AI13: 1.0499 | AJ13: 0.571 | AK13: 0.0032 | AL13: 1.0499 | AM13: -0.681 | AN13: 128.981 | AO13: 0.004 | AP13: -0.025 | AQ13: -0.08 | AR13: 10 | AS13: 0.0037 | AT13: -0.0249 | AU13: -0.169 | AV13: 0.0037 | AW13: -0.0249 | AX13: 0.0252 | AY13: -0.169 | AZ13: 0.0003 | BA13: -0.0001 | BB13: 0.089 | BE13: [python3-23] [INFO] [1783095965.449999876] [holonomic_goal_controller]: Holonomic lidar ignore radius set to 0.00 m. | BF13: =IF(sim_a[[#This Row],[final_trolley_dropoff_error_x]]="","",ABS(sim_a[[#This Row],[final_trolley_dropoff_error_x]])*1000) -> 62 | BG13: =IF(sim_a[[#This Row],[final_trolley_dropoff_error_y]]="","",ABS(sim_a[[#This Row],[final_trolley_dropoff_error_y]])*1000) -> 1378 | BH13: =IF(sim_a[[#This Row],[final_trolley_dropoff_error_dist]]="","",sim_a[[#This Row],[final_trolley_dropoff_error_dist]]*1000) -> 1379.4 | BI13: =IF(sim_a[[#This Row],[final_robot_charging_error_x]]="","",ABS(sim_a[[#This Row],[final_robot_charging_error_x]])*1000) -> 5161.8 | BJ13: =IF(sim_a[[#This Row],[final_robot_charging_error_y]]="","",ABS(sim_a[[#This Row],[final_robot_charging_error_y]])*1000) -> 1369.7 | BK13: =IF(sim_a[[#This Row],[final_robot_charging_error_dist]]="","",sim_a[[#This Row],[final_robot_charging_error_dist]]*1000) -> 5340.4 | BL13: =IF(sim_a[[#This Row],[side_align_aruco_est_error_x]]="","",ABS(sim_a[[#This Row],[side_align_aruco_est_error_x]])*1000) -> 2 | BM13: =IF(sim_a[[#This Row],[side_align_aruco_est_error_y]]="","",ABS(sim_a[[#This Row],[side_align_aruco_est_error_y]])*1000) -> 0 | BN13: =IF(sim_a[[#This Row],[side_align_aruco_est_yaw_error_deg]]="","",ABS(sim_a[[#This Row],[side_align_aruco_est_yaw_error_deg]])) -> 0.11 | BO13: =IF(sim_a[[#This Row],[side_align_actual_aruco_error_x]]="","",ABS(sim_a[[#This Row],[side_align_actual_aruco_error_x]])*1000) -> 5.2 | BP13: =IF(sim_a[[#This Row],[side_align_actual_aruco_error_y]]="","",ABS(sim_a[[#This Row],[side_align_actual_aruco_error_y]])*1000) -> 1049.9 | BQ13: =IF(sim_a[[#This Row],[side_align_actual_aruco_yaw_error_deg]]="","",ABS(sim_a[[#This Row],[side_align_actual_aruco_yaw_error_deg]])) -> 0.571 | BR13: =IF(sim_a[[#This Row],[side_align_aruco_vs_actual_error_x]]="","",ABS(sim_a[[#This Row],[side_align_aruco_vs_actual_error_x]])*1000) -> 3.2 | BS13: =IF(sim_a[[#This Row],[side_align_aruco_vs_actual_error_y]]="","",ABS(sim_a[[#This Row],[side_align_aruco_vs_actual_error_y]])*1000) -> 1049.9 | BT13: =IF(sim_a[[#This Row],[side_align_aruco_vs_actual_yaw_error_deg]]="","",ABS(sim_a[[#This Row],[side_align_aruco_vs_actual_yaw_error_deg]])) -> 0.681 | BU13: =IF(sim_a[[#This Row],[fine_align_aruco_est_error_x]]="","",ABS(sim_a[[#This Row],[fine_align_aruco_est_error_x]])*1000) -> 4 | BV13: =IF(sim_a[[#This Row],[fine_align_aruco_est_error_y]]="","",ABS(sim_a[[#This Row],[fine_align_aruco_est_error_y]])*1000) -> 25 | BW13: =IF(sim_a[[#This Row],[fine_align_aruco_est_yaw_error_deg]]="","",ABS(sim_a[[#This Row],[fine_align_aruco_est_yaw_error_deg]])) -> 0.08 | BX13: =IF(sim_a[[#This Row],[fine_align_actual_aruco_error_x]]="","",ABS(sim_a[[#This Row],[fine_align_actual_aruco_error_x]])*1000) -> 3.7 | BY13: =IF(sim_a[[#This Row],[fine_align_actual_aruco_error_y]]="","",ABS(sim_a[[#This Row],[fine_align_actual_aruco_error_y]])*1000) -> 24.9 | BZ13: =IF(sim_a[[#This Row],[fine_align_actual_aruco_yaw_error_deg]]="","",ABS(sim_a[[#This Row],[fine_align_actual_aruco_yaw_error_deg]])) -> 0.169 | CA13: =IF(sim_a[[#This Row],[fine_align_aruco_vs_actual_error_x]]="","",ABS(sim_a[[#This Row],[fine_align_aruco_vs_actual_error_x]])*1000) -> 0.3 | CB13: =IF(sim_a[[#This Row],[fine_align_aruco_vs_actual_error_y]]="","",ABS(sim_a[[#This Row],[fine_align_aruco_vs_actual_error_y]])*1000) -> 0.1 | CC13: =IF(sim_a[[#This Row],[fine_align_aruco_vs_actual_yaw_error_deg]]="","",ABS(sim_a[[#This Row],[fine_align_aruco_vs_actual_yaw_error_deg]])) -> 0.089
A14: 13 | B14: TRUE | E14: 259.621 | F14: 9.684 | G14: 259.619 | H14: 12.35 | I14: 127.531 | J14: 192.503 | K14: 167.469 | L14: 258.612 | M14: 5.2072 | N14: -0.0895 | O14: 9.152 | P14: 0.0002 | Q14: 0.0975 | R14: -0.056 | S14: 0.0072 | T14: -0.0895 | U14: 0.0897 | V14: 0.0002 | W14: 0.0975 | X14: 0.0975 | Y14: 77.412 | Z14: 0.006 | AA14: 0 | AB14: -0.09 | AC14: 6 | AD14: 0.017 | AE14: -1.053 | AF14: 0.669 | AG14: 0.002 | AH14: -1.053 | AI14: 1.053 | AJ14: 0.669 | AK14: 0.004 | AL14: 1.053 | AM14: -0.759 | AN14: 127.529 | AO14: 0.008 | AP14: -0.025 | AQ14: -0.01 | AR14: 11 | AS14: 0.0078 | AT14: -0.0248 | AU14: -0.074 | AV14: 0.0078 | AW14: -0.0248 | AX14: 0.026 | AY14: -0.074 | AZ14: 0.0002 | BA14: -0.0002 | BB14: 0.064 | BE14: [python3-22] [INFO] [1783096219.763146100] [nav2_trolley_mission_controller]: Local target 'return lane above drop zones' reached. | BF14: =IF(sim_a[[#This Row],[final_trolley_dropoff_error_x]]="","",ABS(sim_a[[#This Row],[final_trolley_dropoff_error_x]])*1000) -> 7.2 | BG14: =IF(sim_a[[#This Row],[final_trolley_dropoff_error_y]]="","",ABS(sim_a[[#This Row],[final_trolley_dropoff_error_y]])*1000) -> 89.5 | BH14: =IF(sim_a[[#This Row],[final_trolley_dropoff_error_dist]]="","",sim_a[[#This Row],[final_trolley_dropoff_error_dist]]*1000) -> 89.7 | BI14: =IF(sim_a[[#This Row],[final_robot_charging_error_x]]="","",ABS(sim_a[[#This Row],[final_robot_charging_error_x]])*1000) -> 0.2 | BJ14: =IF(sim_a[[#This Row],[final_robot_charging_error_y]]="","",ABS(sim_a[[#This Row],[final_robot_charging_error_y]])*1000) -> 97.5 | BK14: =IF(sim_a[[#This Row],[final_robot_charging_error_dist]]="","",sim_a[[#This Row],[final_robot_charging_error_dist]]*1000) -> 97.5 | BL14: =IF(sim_a[[#This Row],[side_align_aruco_est_error_x]]="","",ABS(sim_a[[#This Row],[side_align_aruco_est_error_x]])*1000) -> 6 | BM14: =IF(sim_a[[#This Row],[side_align_aruco_est_error_y]]="","",ABS(sim_a[[#This Row],[side_align_aruco_est_error_y]])*1000) -> 0 | BN14: =IF(sim_a[[#This Row],[side_align_aruco_est_yaw_error_deg]]="","",ABS(sim_a[[#This Row],[side_align_aruco_est_yaw_error_deg]])) -> 0.09 | BO14: =IF(sim_a[[#This Row],[side_align_actual_aruco_error_x]]="","",ABS(sim_a[[#This Row],[side_align_actual_aruco_error_x]])*1000) -> 2 | BP14: =IF(sim_a[[#This Row],[side_align_actual_aruco_error_y]]="","",ABS(sim_a[[#This Row],[side_align_actual_aruco_error_y]])*1000) -> 1053 | BQ14: =IF(sim_a[[#This Row],[side_align_actual_aruco_yaw_error_deg]]="","",ABS(sim_a[[#This Row],[side_align_actual_aruco_yaw_error_deg]])) -> 0.669 | BR14: =IF(sim_a[[#This Row],[side_align_aruco_vs_actual_error_x]]="","",ABS(sim_a[[#This Row],[side_align_aruco_vs_actual_error_x]])*1000) -> 4 | BS14: =IF(sim_a[[#This Row],[side_align_aruco_vs_actual_error_y]]="","",ABS(sim_a[[#This Row],[side_align_aruco_vs_actual_error_y]])*1000) -> 1053 | BT14: =IF(sim_a[[#This Row],[side_align_aruco_vs_actual_yaw_error_deg]]="","",ABS(sim_a[[#This Row],[side_align_aruco_vs_actual_yaw_error_deg]])) -> 0.759 | BU14: =IF(sim_a[[#This Row],[fine_align_aruco_est_error_x]]="","",ABS(sim_a[[#This Row],[fine_align_aruco_est_error_x]])*1000) -> 8 | BV14: =IF(sim_a[[#This Row],[fine_align_aruco_est_error_y]]="","",ABS(sim_a[[#This Row],[fine_align_aruco_est_error_y]])*1000) -> 25 | BW14: =IF(sim_a[[#This Row],[fine_align_aruco_est_yaw_error_deg]]="","",ABS(sim_a[[#This Row],[fine_align_aruco_est_yaw_error_deg]])) -> 0.01 | BX14: =IF(sim_a[[#This Row],[fine_align_actual_aruco_error_x]]="","",ABS(sim_a[[#This Row],[fine_align_actual_aruco_error_x]])*1000) -> 7.8 | BY14: =IF(sim_a[[#This Row],[fine_align_actual_aruco_error_y]]="","",ABS(sim_a[[#This Row],[fine_align_actual_aruco_error_y]])*1000) -> 24.8 | BZ14: =IF(sim_a[[#This Row],[fine_align_actual_aruco_yaw_error_deg]]="","",ABS(sim_a[[#This Row],[fine_align_actual_aruco_yaw_error_deg]])) -> 0.074 | CA14: =IF(sim_a[[#This Row],[fine_align_aruco_vs_actual_error_x]]="","",ABS(sim_a[[#This Row],[fine_align_aruco_vs_actual_error_x]])*1000) -> 0.2 | CB14: =IF(sim_a[[#This Row],[fine_align_aruco_vs_actual_error_y]]="","",ABS(sim_a[[#This Row],[fine_align_aruco_vs_actual_error_y]])*1000) -> 0.2 | CC14: =IF(sim_a[[#This Row],[fine_align_aruco_vs_actual_yaw_error_deg]]="","",ABS(sim_a[[#This Row],[fine_align_aruco_vs_actual_yaw_error_deg]])) -> 0.064
A15: 14 | B15: TRUE | E15: 254.851 | F15: 9.936 | G15: 254.849 | H15: 12.104 | I15: 123.697 | J15: 188.064 | K15: 162.681 | L15: 253.843 | M15: 5.197 | N15: -0.1612 | O15: 0.089 | P15: -0.0012 | Q15: 0.0984 | R15: 0.337 | S15: -0.003 | T15: -0.1612 | U15: 0.1612 | V15: -0.0012 | W15: 0.0984 | X15: 0.0984 | Y15: 73.881 | Z15: 0.007 | AA15: 0 | AB15: -0.09 | AC15: 6 | AD15: 0.019 | AE15: -1.0619 | AF15: 1.696 | AG15: 0.004 | AH15: -1.0619 | AI15: 1.0619 | AJ15: 1.696 | AK15: 0.003 | AL15: 1.0619 | AM15: -1.786 | AN15: 123.645 | AO15: -0.006 | AP15: -0.025 | AQ15: -0.18 | AR15: 11 | AS15: -0.0066 | AT15: -0.0247 | AU15: -0.255 | AV15: -0.0066 | AW15: -0.0247 | AX15: 0.0256 | AY15: -0.255 | AZ15: 0.0006 | BA15: -0.0003 | BB15: 0.075 | BE15: [python3-22] [INFO] [1783096475.291141887] [nav2_trolley_mission_controller]: Local target 'return lane above drop zones' reached. | BF15: =IF(sim_a[[#This Row],[final_trolley_dropoff_error_x]]="","",ABS(sim_a[[#This Row],[final_trolley_dropoff_error_x]])*1000) -> 3 | BG15: =IF(sim_a[[#This Row],[final_trolley_dropoff_error_y]]="","",ABS(sim_a[[#This Row],[final_trolley_dropoff_error_y]])*1000) -> 161.2 | BH15: =IF(sim_a[[#This Row],[final_trolley_dropoff_error_dist]]="","",sim_a[[#This Row],[final_trolley_dropoff_error_dist]]*1000) -> 161.2 | BI15: =IF(sim_a[[#This Row],[final_robot_charging_error_x]]="","",ABS(sim_a[[#This Row],[final_robot_charging_error_x]])*1000) -> 1.2 | BJ15: =IF(sim_a[[#This Row],[final_robot_charging_error_y]]="","",ABS(sim_a[[#This Row],[final_robot_charging_error_y]])*1000) -> 98.4 | BK15: =IF(sim_a[[#This Row],[final_robot_charging_error_dist]]="","",sim_a[[#This Row],[final_robot_charging_error_dist]]*1000) -> 98.4 | BL15: =IF(sim_a[[#This Row],[side_align_aruco_est_error_x]]="","",ABS(sim_a[[#This Row],[side_align_aruco_est_error_x]])*1000) -> 7 | BM15: =IF(sim_a[[#This Row],[side_align_aruco_est_error_y]]="","",ABS(sim_a[[#This Row],[side_align_aruco_est_error_y]])*1000) -> 0 | BN15: =IF(sim_a[[#This Row],[side_align_aruco_est_yaw_error_deg]]="","",ABS(sim_a[[#This Row],[side_align_aruco_est_yaw_error_deg]])) -> 0.09 | BO15: =IF(sim_a[[#This Row],[side_align_actual_aruco_error_x]]="","",ABS(sim_a[[#This Row],[side_align_actual_aruco_error_x]])*1000) -> 4 | BP15: =IF(sim_a[[#This Row],[side_align_actual_aruco_error_y]]="","",ABS(sim_a[[#This Row],[side_align_actual_aruco_error_y]])*1000) -> 1061.9 | BQ15: =IF(sim_a[[#This Row],[side_align_actual_aruco_yaw_error_deg]]="","",ABS(sim_a[[#This Row],[side_align_actual_aruco_yaw_error_deg]])) -> 1.696 | BR15: =IF(sim_a[[#This Row],[side_align_aruco_vs_actual_error_x]]="","",ABS(sim_a[[#This Row],[side_align_aruco_vs_actual_error_x]])*1000) -> 3 | BS15: =IF(sim_a[[#This Row],[side_align_aruco_vs_actual_error_y]]="","",ABS(sim_a[[#This Row],[side_align_aruco_vs_actual_error_y]])*1000) -> 1061.9 | BT15: =IF(sim_a[[#This Row],[side_align_aruco_vs_actual_yaw_error_deg]]="","",ABS(sim_a[[#This Row],[side_align_aruco_vs_actual_yaw_error_deg]])) -> 1.786 | BU15: =IF(sim_a[[#This Row],[fine_align_aruco_est_error_x]]="","",ABS(sim_a[[#This Row],[fine_align_aruco_est_error_x]])*1000) -> 6 | BV15: =IF(sim_a[[#This Row],[fine_align_aruco_est_error_y]]="","",ABS(sim_a[[#This Row],[fine_align_aruco_est_error_y]])*1000) -> 25 | BW15: =IF(sim_a[[#This Row],[fine_align_aruco_est_yaw_error_deg]]="","",ABS(sim_a[[#This Row],[fine_align_aruco_est_yaw_error_deg]])) -> 0.18 | BX15: =IF(sim_a[[#This Row],[fine_align_actual_aruco_error_x]]="","",ABS(sim_a[[#This Row],[fine_align_actual_aruco_error_x]])*1000) -> 6.6 | BY15: =IF(sim_a[[#This Row],[fine_align_actual_aruco_error_y]]="","",ABS(sim_a[[#This Row],[fine_align_actual_aruco_error_y]])*1000) -> 24.7 | BZ15: =IF(sim_a[[#This Row],[fine_align_actual_aruco_yaw_error_deg]]="","",ABS(sim_a[[#This Row],[fine_align_actual_aruco_yaw_error_deg]])) -> 0.255 | CA15: =IF(sim_a[[#This Row],[fine_align_aruco_vs_actual_error_x]]="","",ABS(sim_a[[#This Row],[fine_align_aruco_vs_actual_error_x]])*1000) -> 0.6 | CB15: =IF(sim_a[[#This Row],[fine_align_aruco_vs_actual_error_y]]="","",ABS(sim_a[[#This Row],[fine_align_aruco_vs_actual_error_y]])*1000) -> 0.3 | CC15: =IF(sim_a[[#This Row],[fine_align_aruco_vs_actual_yaw_error_deg]]="","",ABS(sim_a[[#This Row],[fine_align_aruco_vs_actual_yaw_error_deg]])) -> 0.075
A16: 15 | B16: FALSE | C16: aruco_no_markers_timeout | D16: [python3-22] [ERROR] [1783096640.472751380] [nav2_trolley_mission_controller]: side ArUco pre-entry timed out waiting for ArUco markers. | E16: 154.221 | F16: 9.947 | H16: 12.614 | M16: 2.4849 | N16: -0.0779 | O16: -0.305 | P16: 2.3652 | Q16: 1.3196 | R16: -0.126 | S16: -2.7151 | T16: -0.0779 | U16: 2.7162 | V16: 2.3652 | W16: 1.3196 | X16: 2.7084 | BE16: [python3-23] [INFO] [1783096640.473716226] [holonomic_goal_controller]: Holonomic lidar ignore radius set to 0.00 m. | BF16: =IF(sim_a[[#This Row],[final_trolley_dropoff_error_x]]="","",ABS(sim_a[[#This Row],[final_trolley_dropoff_error_x]])*1000) -> 2715.1 | BG16: =IF(sim_a[[#This Row],[final_trolley_dropoff_error_y]]="","",ABS(sim_a[[#This Row],[final_trolley_dropoff_error_y]])*1000) -> 77.9 | BH16: =IF(sim_a[[#This Row],[final_trolley_dropoff_error_dist]]="","",sim_a[[#This Row],[final_trolley_dropoff_error_dist]]*1000) -> 2716.2 | BI16: =IF(sim_a[[#This Row],[final_robot_charging_error_x]]="","",ABS(sim_a[[#This Row],[final_robot_charging_error_x]])*1000) -> 2365.2 | BJ16: =IF(sim_a[[#This Row],[final_robot_charging_error_y]]="","",ABS(sim_a[[#This Row],[final_robot_charging_error_y]])*1000) -> 1319.6 | BK16: =IF(sim_a[[#This Row],[final_robot_charging_error_dist]]="","",sim_a[[#This Row],[final_robot_charging_error_dist]]*1000) -> 2708.4 | BL16: =IF(sim_a[[#This Row],[side_align_aruco_est_error_x]]="","",ABS(sim_a[[#This Row],[side_align_aruco_est_error_x]])*1000) | BM16: =IF(sim_a[[#This Row],[side_align_aruco_est_error_y]]="","",ABS(sim_a[[#This Row],[side_align_aruco_est_error_y]])*1000) | BN16: =IF(sim_a[[#This Row],[side_align_aruco_est_yaw_error_deg]]="","",ABS(sim_a[[#This Row],[side_align_aruco_est_yaw_error_deg]])) | BO16: =IF(sim_a[[#This Row],[side_align_actual_aruco_error_x]]="","",ABS(sim_a[[#This Row],[side_align_actual_aruco_error_x]])*1000) | BP16: =IF(sim_a[[#This Row],[side_align_actual_aruco_error_y]]="","",ABS(sim_a[[#This Row],[side_align_actual_aruco_error_y]])*1000) | BQ16: =IF(sim_a[[#This Row],[side_align_actual_aruco_yaw_error_deg]]="","",ABS(sim_a[[#This Row],[side_align_actual_aruco_yaw_error_deg]])) | BR16: =IF(sim_a[[#This Row],[side_align_aruco_vs_actual_error_x]]="","",ABS(sim_a[[#This Row],[side_align_aruco_vs_actual_error_x]])*1000) | BS16: =IF(sim_a[[#This Row],[side_align_aruco_vs_actual_error_y]]="","",ABS(sim_a[[#This Row],[side_align_aruco_vs_actual_error_y]])*1000) | BT16: =IF(sim_a[[#This Row],[side_align_aruco_vs_actual_yaw_error_deg]]="","",ABS(sim_a[[#This Row],[side_align_aruco_vs_actual_yaw_error_deg]])) | BU16: =IF(sim_a[[#This Row],[fine_align_aruco_est_error_x]]="","",ABS(sim_a[[#This Row],[fine_align_aruco_est_error_x]])*1000) | BV16: =IF(sim_a[[#This Row],[fine_align_aruco_est_error_y]]="","",ABS(sim_a[[#This Row],[fine_align_aruco_est_error_y]])*1000) | BW16: =IF(sim_a[[#This Row],[fine_align_aruco_est_yaw_error_deg]]="","",ABS(sim_a[[#This Row],[fine_align_aruco_est_yaw_error_deg]])) | BX16: =IF(sim_a[[#This Row],[fine_align_actual_aruco_error_x]]="","",ABS(sim_a[[#This Row],[fine_align_actual_aruco_error_x]])*1000) | BY16: =IF(sim_a[[#This Row],[fine_align_actual_aruco_error_y]]="","",ABS(sim_a[[#This Row],[fine_align_actual_aruco_error_y]])*1000) | BZ16: =IF(sim_a[[#This Row],[fine_align_actual_aruco_yaw_error_deg]]="","",ABS(sim_a[[#This Row],[fine_align_actual_aruco_yaw_error_deg]])) | CA16: =IF(sim_a[[#This Row],[fine_align_aruco_vs_actual_error_x]]="","",ABS(sim_a[[#This Row],[fine_align_aruco_vs_actual_error_x]])*1000) | CB16: =IF(sim_a[[#This Row],[fine_align_aruco_vs_actual_error_y]]="","",ABS(sim_a[[#This Row],[fine_align_aruco_vs_actual_error_y]])*1000) | CC16: =IF(sim_a[[#This Row],[fine_align_aruco_vs_actual_yaw_error_deg]]="","",ABS(sim_a[[#This Row],[fine_align_aruco_vs_actual_yaw_error_deg]]))
A17: 16 | B17: TRUE | E17: 267.326 | F17: 9.835 | G17: 267.324 | H17: 13.505 | I17: 130.345 | J17: 200.409 | K17: 170.627 | L17: 266.317 | M17: 5.2036 | N17: -0.0382 | O17: -2.735 | P17: -0.0005 | Q17: 0.0958 | R17: 0.01 | S17: 0.0036 | T17: -0.0382 | U17: 0.0384 | V17: -0.0005 | W17: 0.0958 | X17: 0.0958 | Y17: 79.768 | Z17: -0.005 | AA17: 0 | AB17: 0.5 | AC17: 6 | AD17: 0.0114 | AE17: -1.0549 | AF17: 1.585 | AG17: -0.0036 | AH17: -1.0549 | AI17: 1.0549 | AJ17: 1.585 | AK17: -0.0014 | AL17: 1.0549 | AM17: -1.085 | AN17: 130.343 | AO17: -0.002 | AP17: -0.025 | AQ17: -0.04 | AR17: 10 | AS17: -0.0017 | AT17: -0.0249 | AU17: -0.141 | AV17: -0.0017 | AW17: -0.0249 | AX17: 0.025 | AY17: -0.141 | AZ17: -0.0003 | BA17: -0.0001 | BB17: 0.101 | BE17: [python3-22] [INFO] [1783096898.302163189] [nav2_trolley_mission_controller]: Local target 'return lane above drop zones' reached. | BF17: =IF(sim_a[[#This Row],[final_trolley_dropoff_error_x]]="","",ABS(sim_a[[#This Row],[final_trolley_dropoff_error_x]])*1000) -> 3.6 | BG17: =IF(sim_a[[#This Row],[final_trolley_dropoff_error_y]]="","",ABS(sim_a[[#This Row],[final_trolley_dropoff_error_y]])*1000) -> 38.2 | BH17: =IF(sim_a[[#This Row],[final_trolley_dropoff_error_dist]]="","",sim_a[[#This Row],[final_trolley_dropoff_error_dist]]*1000) -> 38.4 | BI17: =IF(sim_a[[#This Row],[final_robot_charging_error_x]]="","",ABS(sim_a[[#This Row],[final_robot_charging_error_x]])*1000) -> 0.5 | BJ17: =IF(sim_a[[#This Row],[final_robot_charging_error_y]]="","",ABS(sim_a[[#This Row],[final_robot_charging_error_y]])*1000) -> 95.8 | BK17: =IF(sim_a[[#This Row],[final_robot_charging_error_dist]]="","",sim_a[[#This Row],[final_robot_charging_error_dist]]*1000) -> 95.8 | BL17: =IF(sim_a[[#This Row],[side_align_aruco_est_error_x]]="","",ABS(sim_a[[#This Row],[side_align_aruco_est_error_x]])*1000) -> 5 | BM17: =IF(sim_a[[#This Row],[side_align_aruco_est_error_y]]="","",ABS(sim_a[[#This Row],[side_align_aruco_est_error_y]])*1000) -> 0 | BN17: =IF(sim_a[[#This Row],[side_align_aruco_est_yaw_error_deg]]="","",ABS(sim_a[[#This Row],[side_align_aruco_est_yaw_error_deg]])) -> 0.5 | BO17: =IF(sim_a[[#This Row],[side_align_actual_aruco_error_x]]="","",ABS(sim_a[[#This Row],[side_align_actual_aruco_error_x]])*1000) -> 3.6 | BP17: =IF(sim_a[[#This Row],[side_align_actual_aruco_error_y]]="","",ABS(sim_a[[#This Row],[side_align_actual_aruco_error_y]])*1000) -> 1054.9 | BQ17: =IF(sim_a[[#This Row],[side_align_actual_aruco_yaw_error_deg]]="","",ABS(sim_a[[#This Row],[side_align_actual_aruco_yaw_error_deg]])) -> 1.585 | BR17: =IF(sim_a[[#This Row],[side_align_aruco_vs_actual_error_x]]="","",ABS(sim_a[[#This Row],[side_align_aruco_vs_actual_error_x]])*1000) -> 1.4 | BS17: =IF(sim_a[[#This Row],[side_align_aruco_vs_actual_error_y]]="","",ABS(sim_a[[#This Row],[side_align_aruco_vs_actual_error_y]])*1000) -> 1054.9 | BT17: =IF(sim_a[[#This Row],[side_align_aruco_vs_actual_yaw_error_deg]]="","",ABS(sim_a[[#This Row],[side_align_aruco_vs_actual_yaw_error_deg]])) -> 1.085 | BU17: =IF(sim_a[[#This Row],[fine_align_aruco_est_error_x]]="","",ABS(sim_a[[#This Row],[fine_align_aruco_est_error_x]])*1000) -> 2 | BV17: =IF(sim_a[[#This Row],[fine_align_aruco_est_error_y]]="","",ABS(sim_a[[#This Row],[fine_align_aruco_est_error_y]])*1000) -> 25 | BW17: =IF(sim_a[[#This Row],[fine_align_aruco_est_yaw_error_deg]]="","",ABS(sim_a[[#This Row],[fine_align_aruco_est_yaw_error_deg]])) -> 0.04 | BX17: =IF(sim_a[[#This Row],[fine_align_actual_aruco_error_x]]="","",ABS(sim_a[[#This Row],[fine_align_actual_aruco_error_x]])*1000) -> 1.7 | BY17: =IF(sim_a[[#This Row],[fine_align_actual_aruco_error_y]]="","",ABS(sim_a[[#This Row],[fine_align_actual_aruco_error_y]])*1000) -> 24.9 | BZ17: =IF(sim_a[[#This Row],[fine_align_actual_aruco_yaw_error_deg]]="","",ABS(sim_a[[#This Row],[fine_align_actual_aruco_yaw_error_deg]])) -> 0.141 | CA17: =IF(sim_a[[#This Row],[fine_align_aruco_vs_actual_error_x]]="","",ABS(sim_a[[#This Row],[fine_align_aruco_vs_actual_error_x]])*1000) -> 0.3 | CB17: =IF(sim_a[[#This Row],[fine_align_aruco_vs_actual_error_y]]="","",ABS(sim_a[[#This Row],[fine_align_aruco_vs_actual_error_y]])*1000) -> 0.1 | CC17: =IF(sim_a[[#This Row],[fine_align_aruco_vs_actual_yaw_error_deg]]="","",ABS(sim_a[[#This Row],[fine_align_aruco_vs_actual_yaw_error_deg]])) -> 0.101
A18: 17 | B18: TRUE | E18: 253.126 | F18: 9.736 | G18: 253.123 | H18: 12.404 | I18: 120.141 | J18: 186.053 | K18: 159.962 | L18: 252.116 | M18: 5.1988 | N18: -0.0872 | O18: 7.219 | P18: -0.0001 | Q18: 0.0991 | R18: 0.013 | S18: -0.0012 | T18: -0.0872 | U18: 0.0873 | V18: -0.0001 | W18: 0.0991 | X18: 0.0991 | Y18: 74.04 | Z18: 0.007 | AA18: 0 | AB18: -0.03 | AC18: 6 | AD18: 0.0164 | AE18: -1.0567 | AF18: 0.394 | AG18: 0.0014 | AH18: -1.0567 | AI18: 1.0567 | AJ18: 0.394 | AK18: 0.0056 | AL18: 1.0567 | AM18: -0.424 | AN18: 120.089 | AO18: -0.003 | AP18: -0.025 | AQ18: -0.23 | AR18: 11 | AS18: -0.0036 | AT18: -0.0248 | AU18: -0.284 | AV18: -0.0036 | AW18: -0.0248 | AX18: 0.0251 | AY18: -0.284 | AZ18: 0.0006 | BA18: -0.0002 | BB18: 0.054 | BE18: [python3-22] [INFO] [1783097152.238489415] [nav2_trolley_mission_controller]: Local target 'return lane above drop zones' reached. | BF18: =IF(sim_a[[#This Row],[final_trolley_dropoff_error_x]]="","",ABS(sim_a[[#This Row],[final_trolley_dropoff_error_x]])*1000) -> 1.2 | BG18: =IF(sim_a[[#This Row],[final_trolley_dropoff_error_y]]="","",ABS(sim_a[[#This Row],[final_trolley_dropoff_error_y]])*1000) -> 87.2 | BH18: =IF(sim_a[[#This Row],[final_trolley_dropoff_error_dist]]="","",sim_a[[#This Row],[final_trolley_dropoff_error_dist]]*1000) -> 87.3 | BI18: =IF(sim_a[[#This Row],[final_robot_charging_error_x]]="","",ABS(sim_a[[#This Row],[final_robot_charging_error_x]])*1000) -> 0.1 | BJ18: =IF(sim_a[[#This Row],[final_robot_charging_error_y]]="","",ABS(sim_a[[#This Row],[final_robot_charging_error_y]])*1000) -> 99.1 | BK18: =IF(sim_a[[#This Row],[final_robot_charging_error_dist]]="","",sim_a[[#This Row],[final_robot_charging_error_dist]]*1000) -> 99.1 | BL18: =IF(sim_a[[#This Row],[side_align_aruco_est_error_x]]="","",ABS(sim_a[[#This Row],[side_align_aruco_est_error_x]])*1000) -> 7 | BM18: =IF(sim_a[[#This Row],[side_align_aruco_est_error_y]]="","",ABS(sim_a[[#This Row],[side_align_aruco_est_error_y]])*1000) -> 0 | BN18: =IF(sim_a[[#This Row],[side_align_aruco_est_yaw_error_deg]]="","",ABS(sim_a[[#This Row],[side_align_aruco_est_yaw_error_deg]])) -> 0.03 | BO18: =IF(sim_a[[#This Row],[side_align_actual_aruco_error_x]]="","",ABS(sim_a[[#This Row],[side_align_actual_aruco_error_x]])*1000) -> 1.4 | BP18: =IF(sim_a[[#This Row],[side_align_actual_aruco_error_y]]="","",ABS(sim_a[[#This Row],[side_align_actual_aruco_error_y]])*1000) -> 1056.7 | BQ18: =IF(sim_a[[#This Row],[side_align_actual_aruco_yaw_error_deg]]="","",ABS(sim_a[[#This Row],[side_align_actual_aruco_yaw_error_deg]])) -> 0.394 | BR18: =IF(sim_a[[#This Row],[side_align_aruco_vs_actual_error_x]]="","",ABS(sim_a[[#This Row],[side_align_aruco_vs_actual_error_x]])*1000) -> 5.6 | BS18: =IF(sim_a[[#This Row],[side_align_aruco_vs_actual_error_y]]="","",ABS(sim_a[[#This Row],[side_align_aruco_vs_actual_error_y]])*1000) -> 1056.7 | BT18: =IF(sim_a[[#This Row],[side_align_aruco_vs_actual_yaw_error_deg]]="","",ABS(sim_a[[#This Row],[side_align_aruco_vs_actual_yaw_error_deg]])) -> 0.424 | BU18: =IF(sim_a[[#This Row],[fine_align_aruco_est_error_x]]="","",ABS(sim_a[[#This Row],[fine_align_aruco_est_error_x]])*1000) -> 3 | BV18: =IF(sim_a[[#This Row],[fine_align_aruco_est_error_y]]="","",ABS(sim_a[[#This Row],[fine_align_aruco_est_error_y]])*1000) -> 25 | BW18: =IF(sim_a[[#This Row],[fine_align_aruco_est_yaw_error_deg]]="","",ABS(sim_a[[#This Row],[fine_align_aruco_est_yaw_error_deg]])) -> 0.23 | BX18: =IF(sim_a[[#This Row],[fine_align_actual_aruco_error_x]]="","",ABS(sim_a[[#This Row],[fine_align_actual_aruco_error_x]])*1000) -> 3.6 | BY18: =IF(sim_a[[#This Row],[fine_align_actual_aruco_error_y]]="","",ABS(sim_a[[#This Row],[fine_align_actual_aruco_error_y]])*1000) -> 24.8 | BZ18: =IF(sim_a[[#This Row],[fine_align_actual_aruco_yaw_error_deg]]="","",ABS(sim_a[[#This Row],[fine_align_actual_aruco_yaw_error_deg]])) -> 0.284 | CA18: =IF(sim_a[[#This Row],[fine_align_aruco_vs_actual_error_x]]="","",ABS(sim_a[[#This Row],[fine_align_aruco_vs_actual_error_x]])*1000) -> 0.6 | CB18: =IF(sim_a[[#This Row],[fine_align_aruco_vs_actual_error_y]]="","",ABS(sim_a[[#This Row],[fine_align_aruco_vs_actual_error_y]])*1000) -> 0.2 | CC18: =IF(sim_a[[#This Row],[fine_align_aruco_vs_actual_yaw_error_deg]]="","",ABS(sim_a[[#This Row],[fine_align_aruco_vs_actual_yaw_error_deg]])) -> 0.054
A19: 18 | B19: TRUE | E19: 263.187 | F19: 9.839 | G19: 263.185 | H19: 13.365 | I19: 126.511 | J19: 197.107 | K19: 167.496 | L19: 262.179 | M19: 5.2022 | N19: -0.0287 | O19: -1.906 | P19: 0.0005 | Q19: 0.1083 | R19: -0.062 | S19: 0.0022 | T19: -0.0287 | U19: 0.0288 | V19: 0.0005 | W19: 0.1083 | X19: 0.1083 | Y19: 74.054 | Z19: 0.004 | AA19: 0 | AB19: -0.65 | AC19: 6 | AD19: 0.0128 | AE19: -1.0543 | AF19: 0.526 | AG19: -0.0022 | AH19: -1.0543 | AI19: 1.0543 | AJ19: 0.526 | AK19: 0.0062 | AL19: 1.0543 | AM19: -1.176 | AN19: 126.459 | AO19: 0.005 | AP19: -0.025 | AQ19: -0.14 | AR19: 10 | AS19: 0.0051 | AT19: -0.025 | AU19: -0.223 | AV19: 0.0051 | AW19: -0.025 | AX19: 0.0255 | AY19: -0.223 | AZ19: -0.0001 | BA19: 0 | BB19: 0.083 | BE19: [python3-22] [INFO] [1783097416.525520310] [nav2_trolley_mission_controller]: Local target 'return lane above drop zones' reached. | BF19: =IF(sim_a[[#This Row],[final_trolley_dropoff_error_x]]="","",ABS(sim_a[[#This Row],[final_trolley_dropoff_error_x]])*1000) -> 2.2 | BG19: =IF(sim_a[[#This Row],[final_trolley_dropoff_error_y]]="","",ABS(sim_a[[#This Row],[final_trolley_dropoff_error_y]])*1000) -> 28.7 | BH19: =IF(sim_a[[#This Row],[final_trolley_dropoff_error_dist]]="","",sim_a[[#This Row],[final_trolley_dropoff_error_dist]]*1000) -> 28.8 | BI19: =IF(sim_a[[#This Row],[final_robot_charging_error_x]]="","",ABS(sim_a[[#This Row],[final_robot_charging_error_x]])*1000) -> 0.5 | BJ19: =IF(sim_a[[#This Row],[final_robot_charging_error_y]]="","",ABS(sim_a[[#This Row],[final_robot_charging_error_y]])*1000) -> 108.3 | BK19: =IF(sim_a[[#This Row],[final_robot_charging_error_dist]]="","",sim_a[[#This Row],[final_robot_charging_error_dist]]*1000) -> 108.3 | BL19: =IF(sim_a[[#This Row],[side_align_aruco_est_error_x]]="","",ABS(sim_a[[#This Row],[side_align_aruco_est_error_x]])*1000) -> 4 | BM19: =IF(sim_a[[#This Row],[side_align_aruco_est_error_y]]="","",ABS(sim_a[[#This Row],[side_align_aruco_est_error_y]])*1000) -> 0 | BN19: =IF(sim_a[[#This Row],[side_align_aruco_est_yaw_error_deg]]="","",ABS(sim_a[[#This Row],[side_align_aruco_est_yaw_error_deg]])) -> 0.65 | BO19: =IF(sim_a[[#This Row],[side_align_actual_aruco_error_x]]="","",ABS(sim_a[[#This Row],[side_align_actual_aruco_error_x]])*1000) -> 2.2 | BP19: =IF(sim_a[[#This Row],[side_align_actual_aruco_error_y]]="","",ABS(sim_a[[#This Row],[side_align_actual_aruco_error_y]])*1000) -> 1054.3 | BQ19: =IF(sim_a[[#This Row],[side_align_actual_aruco_yaw_error_deg]]="","",ABS(sim_a[[#This Row],[side_align_actual_aruco_yaw_error_deg]])) -> 0.526 | BR19: =IF(sim_a[[#This Row],[side_align_aruco_vs_actual_error_x]]="","",ABS(sim_a[[#This Row],[side_align_aruco_vs_actual_error_x]])*1000) -> 6.2 | BS19: =IF(sim_a[[#This Row],[side_align_aruco_vs_actual_error_y]]="","",ABS(sim_a[[#This Row],[side_align_aruco_vs_actual_error_y]])*1000) -> 1054.3 | BT19: =IF(sim_a[[#This Row],[side_align_aruco_vs_actual_yaw_error_deg]]="","",ABS(sim_a[[#This Row],[side_align_aruco_vs_actual_yaw_error_deg]])) -> 1.176 | BU19: =IF(sim_a[[#This Row],[fine_align_aruco_est_error_x]]="","",ABS(sim_a[[#This Row],[fine_align_aruco_est_error_x]])*1000) -> 5 | BV19: =IF(sim_a[[#This Row],[fine_align_aruco_est_error_y]]="","",ABS(sim_a[[#This Row],[fine_align_aruco_est_error_y]])*1000) -> 25 | BW19: =IF(sim_a[[#This Row],[fine_align_aruco_est_yaw_error_deg]]="","",ABS(sim_a[[#This Row],[fine_align_aruco_est_yaw_error_deg]])) -> 0.14 | BX19: =IF(sim_a[[#This Row],[fine_align_actual_aruco_error_x]]="","",ABS(sim_a[[#This Row],[fine_align_actual_aruco_error_x]])*1000) -> 5.1 | BY19: =IF(sim_a[[#This Row],[fine_align_actual_aruco_error_y]]="","",ABS(sim_a[[#This Row],[fine_align_actual_aruco_error_y]])*1000) -> 25 | BZ19: =IF(sim_a[[#This Row],[fine_align_actual_aruco_yaw_error_deg]]="","",ABS(sim_a[[#This Row],[fine_align_actual_aruco_yaw_error_deg]])) -> 0.223 | CA19: =IF(sim_a[[#This Row],[fine_align_aruco_vs_actual_error_x]]="","",ABS(sim_a[[#This Row],[fine_align_aruco_vs_actual_error_x]])*1000) -> 0.1 | CB19: =IF(sim_a[[#This Row],[fine_align_aruco_vs_actual_error_y]]="","",ABS(sim_a[[#This Row],[fine_align_aruco_vs_actual_error_y]])*1000) -> 0 | CC19: =IF(sim_a[[#This Row],[fine_align_aruco_vs_actual_yaw_error_deg]]="","",ABS(sim_a[[#This Row],[fine_align_aruco_vs_actual_yaw_error_deg]])) -> 0.083
A20: 19 | B20: TRUE | E20: 260.402 | F20: 9.694 | G20: 260.4 | H20: 12.114 | I20: 128.311 | J20: 194.79 | K20: 169.254 | L20: 259.392 | M20: 5.1889 | N20: -0.0753 | O20: -6.478 | P20: 0.0008 | Q20: 0.1126 | R20: -0.268 | S20: -0.0111 | T20: -0.0753 | U20: 0.0761 | V20: 0.0008 | W20: 0.1126 | X20: 0.1126 | Y20: 79.95 | Z20: -0.004 | AA20: 0 | AB20: 0.46 | AC20: 6 | AD20: 0.0076 | AE20: -1.0596 | AF20: 0.429 | AG20: -0.0074 | AH20: -1.0596 | AI20: 1.0596 | AJ20: 0.429 | AK20: 0.0034 | AL20: 1.0596 | AM20: 0.031 | AN20: 128.309 | AO20: 0.002 | AP20: -0.025 | AQ20: 0.15 | AR20: 10 | AS20: 0.0025 | AT20: -0.0248 | AU20: 0.044 | AV20: 0.0025 | AW20: -0.0248 | AX20: 0.025 | AY20: 0.044 | AZ20: -0.0005 | BA20: -0.0002 | BB20: 0.106 | BE20: [python3-22] [INFO] [1783097682.139068879] [nav2_trolley_mission_controller]: Local target 'return lane above drop zones' reached. | BF20: =IF(sim_a[[#This Row],[final_trolley_dropoff_error_x]]="","",ABS(sim_a[[#This Row],[final_trolley_dropoff_error_x]])*1000) -> 11.1 | BG20: =IF(sim_a[[#This Row],[final_trolley_dropoff_error_y]]="","",ABS(sim_a[[#This Row],[final_trolley_dropoff_error_y]])*1000) -> 75.3 | BH20: =IF(sim_a[[#This Row],[final_trolley_dropoff_error_dist]]="","",sim_a[[#This Row],[final_trolley_dropoff_error_dist]]*1000) -> 76.1 | BI20: =IF(sim_a[[#This Row],[final_robot_charging_error_x]]="","",ABS(sim_a[[#This Row],[final_robot_charging_error_x]])*1000) -> 0.8 | BJ20: =IF(sim_a[[#This Row],[final_robot_charging_error_y]]="","",ABS(sim_a[[#This Row],[final_robot_charging_error_y]])*1000) -> 112.6 | BK20: =IF(sim_a[[#This Row],[final_robot_charging_error_dist]]="","",sim_a[[#This Row],[final_robot_charging_error_dist]]*1000) -> 112.6 | BL20: =IF(sim_a[[#This Row],[side_align_aruco_est_error_x]]="","",ABS(sim_a[[#This Row],[side_align_aruco_est_error_x]])*1000) -> 4 | BM20: =IF(sim_a[[#This Row],[side_align_aruco_est_error_y]]="","",ABS(sim_a[[#This Row],[side_align_aruco_est_error_y]])*1000) -> 0 | BN20: =IF(sim_a[[#This Row],[side_align_aruco_est_yaw_error_deg]]="","",ABS(sim_a[[#This Row],[side_align_aruco_est_yaw_error_deg]])) -> 0.46 | BO20: =IF(sim_a[[#This Row],[side_align_actual_aruco_error_x]]="","",ABS(sim_a[[#This Row],[side_align_actual_aruco_error_x]])*1000) -> 7.4 | BP20: =IF(sim_a[[#This Row],[side_align_actual_aruco_error_y]]="","",ABS(sim_a[[#This Row],[side_align_actual_aruco_error_y]])*1000) -> 1059.6 | BQ20: =IF(sim_a[[#This Row],[side_align_actual_aruco_yaw_error_deg]]="","",ABS(sim_a[[#This Row],[side_align_actual_aruco_yaw_error_deg]])) -> 0.429 | BR20: =IF(sim_a[[#This Row],[side_align_aruco_vs_actual_error_x]]="","",ABS(sim_a[[#This Row],[side_align_aruco_vs_actual_error_x]])*1000) -> 3.4 | BS20: =IF(sim_a[[#This Row],[side_align_aruco_vs_actual_error_y]]="","",ABS(sim_a[[#This Row],[side_align_aruco_vs_actual_error_y]])*1000) -> 1059.6 | BT20: =IF(sim_a[[#This Row],[side_align_aruco_vs_actual_yaw_error_deg]]="","",ABS(sim_a[[#This Row],[side_align_aruco_vs_actual_yaw_error_deg]])) -> 0.031 | BU20: =IF(sim_a[[#This Row],[fine_align_aruco_est_error_x]]="","",ABS(sim_a[[#This Row],[fine_align_aruco_est_error_x]])*1000) -> 2 | BV20: =IF(sim_a[[#This Row],[fine_align_aruco_est_error_y]]="","",ABS(sim_a[[#This Row],[fine_align_aruco_est_error_y]])*1000) -> 25 | BW20: =IF(sim_a[[#This Row],[fine_align_aruco_est_yaw_error_deg]]="","",ABS(sim_a[[#This Row],[fine_align_aruco_est_yaw_error_deg]])) -> 0.15 | BX20: =IF(sim_a[[#This Row],[fine_align_actual_aruco_error_x]]="","",ABS(sim_a[[#This Row],[fine_align_actual_aruco_error_x]])*1000) -> 2.5 | BY20: =IF(sim_a[[#This Row],[fine_align_actual_aruco_error_y]]="","",ABS(sim_a[[#This Row],[fine_align_actual_aruco_error_y]])*1000) -> 24.8 | BZ20: =IF(sim_a[[#This Row],[fine_align_actual_aruco_yaw_error_deg]]="","",ABS(sim_a[[#This Row],[fine_align_actual_aruco_yaw_error_deg]])) -> 0.044 | CA20: =IF(sim_a[[#This Row],[fine_align_aruco_vs_actual_error_x]]="","",ABS(sim_a[[#This Row],[fine_align_aruco_vs_actual_error_x]])*1000) -> 0.5 | CB20: =IF(sim_a[[#This Row],[fine_align_aruco_vs_actual_error_y]]="","",ABS(sim_a[[#This Row],[fine_align_aruco_vs_actual_error_y]])*1000) -> 0.2 | CC20: =IF(sim_a[[#This Row],[fine_align_aruco_vs_actual_yaw_error_deg]]="","",ABS(sim_a[[#This Row],[fine_align_aruco_vs_actual_yaw_error_deg]])) -> 0.106
A21: 20 | B21: FALSE | C21: local_target_timeout | D21: [python3-22] [ERROR] [1783097904.529839283] [nav2_trolley_mission_controller]: Local target 'drop-off center' timed out: distance=0.029, yaw=+5.72 deg | E21: 211.684 | F21: 9.786 | H21: 12.101 | I21: 124.835 | K21: 172.282 | M21: 5.1934 | N21: 0.0051 | O21: -5.8 | P21: 5.2027 | Q21: 0.0291 | R21: -5.723 | S21: -0.0066 | T21: 0.0051 | U21: 0.0083 | V21: 5.2027 | W21: 0.0291 | X21: 5.2028 | Y21: 76.065 | Z21: -0.002 | AA21: 0 | AB21: 0.81 | AC21: 6 | AD21: 0.0113 | AE21: -1.0567 | AF21: 1.537 | AG21: -0.0037 | AH21: -1.0567 | AI21: 1.0567 | AJ21: 1.537 | AK21: 0.0017 | AL21: 1.0567 | AM21: -0.727 | AN21: 124.834 | AO21: -0.007 | AP21: -0.025 | AQ21: 0 | AR21: 11 | AS21: -0.0068 | AT21: -0.0248 | AU21: -0.077 | AV21: -0.0068 | AW21: -0.0248 | AX21: 0.0257 | AY21: -0.077 | AZ21: -0.0002 | BA21: -0.0002 | BB21: 0.077 | BE21: [python3-23] [INFO] [1783097904.531162252] [holonomic_goal_controller]: Holonomic lidar ignore radius set to 0.00 m. | BF21: =IF(sim_a[[#This Row],[final_trolley_dropoff_error_x]]="","",ABS(sim_a[[#This Row],[final_trolley_dropoff_error_x]])*1000) -> 6.6 | BG21: =IF(sim_a[[#This Row],[final_trolley_dropoff_error_y]]="","",ABS(sim_a[[#This Row],[final_trolley_dropoff_error_y]])*1000) -> 5.1 | BH21: =IF(sim_a[[#This Row],[final_trolley_dropoff_error_dist]]="","",sim_a[[#This Row],[final_trolley_dropoff_error_dist]]*1000) -> 8.3 | BI21: =IF(sim_a[[#This Row],[final_robot_charging_error_x]]="","",ABS(sim_a[[#This Row],[final_robot_charging_error_x]])*1000) -> 5202.7 | BJ21: =IF(sim_a[[#This Row],[final_robot_charging_error_y]]="","",ABS(sim_a[[#This Row],[final_robot_charging_error_y]])*1000) -> 29.1 | BK21: =IF(sim_a[[#This Row],[final_robot_charging_error_dist]]="","",sim_a[[#This Row],[final_robot_charging_error_dist]]*1000) -> 5202.8 | BL21: =IF(sim_a[[#This Row],[side_align_aruco_est_error_x]]="","",ABS(sim_a[[#This Row],[side_align_aruco_est_error_x]])*1000) -> 2 | BM21: =IF(sim_a[[#This Row],[side_align_aruco_est_error_y]]="","",ABS(sim_a[[#This Row],[side_align_aruco_est_error_y]])*1000) -> 0 | BN21: =IF(sim_a[[#This Row],[side_align_aruco_est_yaw_error_deg]]="","",ABS(sim_a[[#This Row],[side_align_aruco_est_yaw_error_deg]])) -> 0.81 | BO21: =IF(sim_a[[#This Row],[side_align_actual_aruco_error_x]]="","",ABS(sim_a[[#This Row],[side_align_actual_aruco_error_x]])*1000) -> 3.7 | BP21: =IF(sim_a[[#This Row],[side_align_actual_aruco_error_y]]="","",ABS(sim_a[[#This Row],[side_align_actual_aruco_error_y]])*1000) -> 1056.7 | BQ21: =IF(sim_a[[#This Row],[side_align_actual_aruco_yaw_error_deg]]="","",ABS(sim_a[[#This Row],[side_align_actual_aruco_yaw_error_deg]])) -> 1.537 | BR21: =IF(sim_a[[#This Row],[side_align_aruco_vs_actual_error_x]]="","",ABS(sim_a[[#This Row],[side_align_aruco_vs_actual_error_x]])*1000) -> 1.7 | BS21: =IF(sim_a[[#This Row],[side_align_aruco_vs_actual_error_y]]="","",ABS(sim_a[[#This Row],[side_align_aruco_vs_actual_error_y]])*1000) -> 1056.7 | BT21: =IF(sim_a[[#This Row],[side_align_aruco_vs_actual_yaw_error_deg]]="","",ABS(sim_a[[#This Row],[side_align_aruco_vs_actual_yaw_error_deg]])) -> 0.727 | BU21: =IF(sim_a[[#This Row],[fine_align_aruco_est_error_x]]="","",ABS(sim_a[[#This Row],[fine_align_aruco_est_error_x]])*1000) -> 7 | BV21: =IF(sim_a[[#This Row],[fine_align_aruco_est_error_y]]="","",ABS(sim_a[[#This Row],[fine_align_aruco_est_error_y]])*1000) -> 25 | BW21: =IF(sim_a[[#This Row],[fine_align_aruco_est_yaw_error_deg]]="","",ABS(sim_a[[#This Row],[fine_align_aruco_est_yaw_error_deg]])) -> 0 | BX21: =IF(sim_a[[#This Row],[fine_align_actual_aruco_error_x]]="","",ABS(sim_a[[#This Row],[fine_align_actual_aruco_error_x]])*1000) -> 6.8 | BY21: =IF(sim_a[[#This Row],[fine_align_actual_aruco_error_y]]="","",ABS(sim_a[[#This Row],[fine_align_actual_aruco_error_y]])*1000) -> 24.8 | BZ21: =IF(sim_a[[#This Row],[fine_align_actual_aruco_yaw_error_deg]]="","",ABS(sim_a[[#This Row],[fine_align_actual_aruco_yaw_error_deg]])) -> 0.077 | CA21: =IF(sim_a[[#This Row],[fine_align_aruco_vs_actual_error_x]]="","",ABS(sim_a[[#This Row],[fine_align_aruco_vs_actual_error_x]])*1000) -> 0.2 | CB21: =IF(sim_a[[#This Row],[fine_align_aruco_vs_actual_error_y]]="","",ABS(sim_a[[#This Row],[fine_align_aruco_vs_actual_error_y]])*1000) -> 0.2 | CC21: =IF(sim_a[[#This Row],[fine_align_aruco_vs_actual_yaw_error_deg]]="","",ABS(sim_a[[#This Row],[fine_align_aruco_vs_actual_yaw_error_deg]])) -> 0.077
A22: 21 | B22: FALSE | C22: detach_failed | D22: [python3-22] [ERROR] [1783098105.639989293] [nav2_trolley_mission_controller]: Service 'detach trolley' timed out. | E22: 200.839 | F22: 9.888 | H22: 12.055 | I22: 122.806 | K22: 163.156 | M22: 5.1942 | N22: 0.0007 | O22: -1.989 | P22: 5.2009 | Q22: 0.0252 | R22: -1.905 | S22: -0.0058 | T22: 0.0007 | U22: 0.0058 | V22: 5.2009 | W22: 0.0252 | X22: 5.201 | Y22: 74.002 | Z22: -0.003 | AA22: 0 | AB22: -0.4 | AC22: 6 | AD22: 0.0115 | AE22: -1.0631 | AF22: 0.859 | AG22: -0.0035 | AH22: -1.0631 | AI22: 1.0631 | AJ22: 0.859 | AK22: 0.0005 | AL22: 1.0631 | AM22: -1.259 | AN22: 122.804 | AO22: -0.005 | AP22: -0.025 | AQ22: 0.02 | AR22: 11 | AS22: -0.0059 | AT22: -0.0247 | AU22: -0.084 | AV22: -0.0059 | AW22: -0.0247 | AX22: 0.0254 | AY22: -0.084 | AZ22: 0.0009 | BA22: -0.0003 | BB22: 0.104 | BE22: [python3-23] [INFO] [1783098105.641101534] [holonomic_goal_controller]: Holonomic lidar ignore radius set to 0.00 m. | BF22: =IF(sim_a[[#This Row],[final_trolley_dropoff_error_x]]="","",ABS(sim_a[[#This Row],[final_trolley_dropoff_error_x]])*1000) -> 5.8 | BG22: =IF(sim_a[[#This Row],[final_trolley_dropoff_error_y]]="","",ABS(sim_a[[#This Row],[final_trolley_dropoff_error_y]])*1000) -> 0.7 | BH22: =IF(sim_a[[#This Row],[final_trolley_dropoff_error_dist]]="","",sim_a[[#This Row],[final_trolley_dropoff_error_dist]]*1000) -> 5.8 | BI22: =IF(sim_a[[#This Row],[final_robot_charging_error_x]]="","",ABS(sim_a[[#This Row],[final_robot_charging_error_x]])*1000) -> 5200.9 | BJ22: =IF(sim_a[[#This Row],[final_robot_charging_error_y]]="","",ABS(sim_a[[#This Row],[final_robot_charging_error_y]])*1000) -> 25.2 | BK22: =IF(sim_a[[#This Row],[final_robot_charging_error_dist]]="","",sim_a[[#This Row],[final_robot_charging_error_dist]]*1000) -> 5201 | BL22: =IF(sim_a[[#This Row],[side_align_aruco_est_error_x]]="","",ABS(sim_a[[#This Row],[side_align_aruco_est_error_x]])*1000) -> 3 | BM22: =IF(sim_a[[#This Row],[side_align_aruco_est_error_y]]="","",ABS(sim_a[[#This Row],[side_align_aruco_est_error_y]])*1000) -> 0 | BN22: =IF(sim_a[[#This Row],[side_align_aruco_est_yaw_error_deg]]="","",ABS(sim_a[[#This Row],[side_align_aruco_est_yaw_error_deg]])) -> 0.4 | BO22: =IF(sim_a[[#This Row],[side_align_actual_aruco_error_x]]="","",ABS(sim_a[[#This Row],[side_align_actual_aruco_error_x]])*1000) -> 3.5 | BP22: =IF(sim_a[[#This Row],[side_align_actual_aruco_error_y]]="","",ABS(sim_a[[#This Row],[side_align_actual_aruco_error_y]])*1000) -> 1063.1 | BQ22: =IF(sim_a[[#This Row],[side_align_actual_aruco_yaw_error_deg]]="","",ABS(sim_a[[#This Row],[side_align_actual_aruco_yaw_error_deg]])) -> 0.859 | BR22: =IF(sim_a[[#This Row],[side_align_aruco_vs_actual_error_x]]="","",ABS(sim_a[[#This Row],[side_align_aruco_vs_actual_error_x]])*1000) -> 0.5 | BS22: =IF(sim_a[[#This Row],[side_align_aruco_vs_actual_error_y]]="","",ABS(sim_a[[#This Row],[side_align_aruco_vs_actual_error_y]])*1000) -> 1063.1 | BT22: =IF(sim_a[[#This Row],[side_align_aruco_vs_actual_yaw_error_deg]]="","",ABS(sim_a[[#This Row],[side_align_aruco_vs_actual_yaw_error_deg]])) -> 1.259 | BU22: =IF(sim_a[[#This Row],[fine_align_aruco_est_error_x]]="","",ABS(sim_a[[#This Row],[fine_align_aruco_est_error_x]])*1000) -> 5 | BV22: =IF(sim_a[[#This Row],[fine_align_aruco_est_error_y]]="","",ABS(sim_a[[#This Row],[fine_align_aruco_est_error_y]])*1000) -> 25 | BW22: =IF(sim_a[[#This Row],[fine_align_aruco_est_yaw_error_deg]]="","",ABS(sim_a[[#This Row],[fine_align_aruco_est_yaw_error_deg]])) -> 0.02 | BX22: =IF(sim_a[[#This Row],[fine_align_actual_aruco_error_x]]="","",ABS(sim_a[[#This Row],[fine_align_actual_aruco_error_x]])*1000) -> 5.9 | BY22: =IF(sim_a[[#This Row],[fine_align_actual_aruco_error_y]]="","",ABS(sim_a[[#This Row],[fine_align_actual_aruco_error_y]])*1000) -> 24.7 | BZ22: =IF(sim_a[[#This Row],[fine_align_actual_aruco_yaw_error_deg]]="","",ABS(sim_a[[#This Row],[fine_align_actual_aruco_yaw_error_deg]])) -> 0.084 | CA22: =IF(sim_a[[#This Row],[fine_align_aruco_vs_actual_error_x]]="","",ABS(sim_a[[#This Row],[fine_align_aruco_vs_actual_error_x]])*1000) -> 0.9 | CB22: =IF(sim_a[[#This Row],[fine_align_aruco_vs_actual_error_y]]="","",ABS(sim_a[[#This Row],[fine_align_aruco_vs_actual_error_y]])*1000) -> 0.3 | CC22: =IF(sim_a[[#This Row],[fine_align_aruco_vs_actual_yaw_error_deg]]="","",ABS(sim_a[[#This Row],[fine_align_aruco_vs_actual_yaw_error_deg]])) -> 0.104
A23: 22 | B23: TRUE | E23: 274.303 | F23: 10.193 | G23: 274.3 | H23: 12.364 | I23: 139.538 | J23: 207.553 | K23: 180.095 | L23: 273.293 | M23: 5.2097 | N23: -0.0345 | O23: -3.405 | P23: -0.0002 | Q23: 0.1098 | R23: 0.003 | S23: 0.0097 | T23: -0.0345 | U23: 0.0359 | V23: -0.0002 | W23: 0.1098 | X23: 0.1098 | Y23: 88.154 | Z23: -0.005 | AA23: 0 | AB23: 0.83 | AC23: 5 | AD23: 0.0106 | AE23: -1.0542 | AF23: 0.986 | AG23: -0.0044 | AH23: -1.0542 | AI23: 1.0542 | AJ23: 0.986 | AK23: -0.0006 | AL23: 1.0542 | AM23: -0.156 | AN23: 139.486 | AO23: 0.007 | AP23: -0.025 | AQ23: 0.02 | AR23: 11 | AS23: 0.0058 | AT23: -0.0246 | AU23: -0.098 | AV23: 0.0058 | AW23: -0.0246 | AX23: 0.0253 | AY23: -0.098 | AZ23: 0.0012 | BA23: -0.0004 | BB23: 0.118 | BE23: [python3-22] [INFO] [1783098373.402313605] [nav2_trolley_mission_controller]: Local target 'return lane above drop zones' reached. | BF23: =IF(sim_a[[#This Row],[final_trolley_dropoff_error_x]]="","",ABS(sim_a[[#This Row],[final_trolley_dropoff_error_x]])*1000) -> 9.7 | BG23: =IF(sim_a[[#This Row],[final_trolley_dropoff_error_y]]="","",ABS(sim_a[[#This Row],[final_trolley_dropoff_error_y]])*1000) -> 34.5 | BH23: =IF(sim_a[[#This Row],[final_trolley_dropoff_error_dist]]="","",sim_a[[#This Row],[final_trolley_dropoff_error_dist]]*1000) -> 35.9 | BI23: =IF(sim_a[[#This Row],[final_robot_charging_error_x]]="","",ABS(sim_a[[#This Row],[final_robot_charging_error_x]])*1000) -> 0.2 | BJ23: =IF(sim_a[[#This Row],[final_robot_charging_error_y]]="","",ABS(sim_a[[#This Row],[final_robot_charging_error_y]])*1000) -> 109.8 | BK23: =IF(sim_a[[#This Row],[final_robot_charging_error_dist]]="","",sim_a[[#This Row],[final_robot_charging_error_dist]]*1000) -> 109.8 | BL23: =IF(sim_a[[#This Row],[side_align_aruco_est_error_x]]="","",ABS(sim_a[[#This Row],[side_align_aruco_est_error_x]])*1000) -> 5 | BM23: =IF(sim_a[[#This Row],[side_align_aruco_est_error_y]]="","",ABS(sim_a[[#This Row],[side_align_aruco_est_error_y]])*1000) -> 0 | BN23: =IF(sim_a[[#This Row],[side_align_aruco_est_yaw_error_deg]]="","",ABS(sim_a[[#This Row],[side_align_aruco_est_yaw_error_deg]])) -> 0.83 | BO23: =IF(sim_a[[#This Row],[side_align_actual_aruco_error_x]]="","",ABS(sim_a[[#This Row],[side_align_actual_aruco_error_x]])*1000) -> 4.4 | BP23: =IF(sim_a[[#This Row],[side_align_actual_aruco_error_y]]="","",ABS(sim_a[[#This Row],[side_align_actual_aruco_error_y]])*1000) -> 1054.2 | BQ23: =IF(sim_a[[#This Row],[side_align_actual_aruco_yaw_error_deg]]="","",ABS(sim_a[[#This Row],[side_align_actual_aruco_yaw_error_deg]])) -> 0.986 | BR23: =IF(sim_a[[#This Row],[side_align_aruco_vs_actual_error_x]]="","",ABS(sim_a[[#This Row],[side_align_aruco_vs_actual_error_x]])*1000) -> 0.6 | BS23: =IF(sim_a[[#This Row],[side_align_aruco_vs_actual_error_y]]="","",ABS(sim_a[[#This Row],[side_align_aruco_vs_actual_error_y]])*1000) -> 1054.2 | BT23: =IF(sim_a[[#This Row],[side_align_aruco_vs_actual_yaw_error_deg]]="","",ABS(sim_a[[#This Row],[side_align_aruco_vs_actual_yaw_error_deg]])) -> 0.156 | BU23: =IF(sim_a[[#This Row],[fine_align_aruco_est_error_x]]="","",ABS(sim_a[[#This Row],[fine_align_aruco_est_error_x]])*1000) -> 7 | BV23: =IF(sim_a[[#This Row],[fine_align_aruco_est_error_y]]="","",ABS(sim_a[[#This Row],[fine_align_aruco_est_error_y]])*1000) -> 25 | BW23: =IF(sim_a[[#This Row],[fine_align_aruco_est_yaw_error_deg]]="","",ABS(sim_a[[#This Row],[fine_align_aruco_est_yaw_error_deg]])) -> 0.02 | BX23: =IF(sim_a[[#This Row],[fine_align_actual_aruco_error_x]]="","",ABS(sim_a[[#This Row],[fine_align_actual_aruco_error_x]])*1000) -> 5.8 | BY23: =IF(sim_a[[#This Row],[fine_align_actual_aruco_error_y]]="","",ABS(sim_a[[#This Row],[fine_align_actual_aruco_error_y]])*1000) -> 24.6 | BZ23: =IF(sim_a[[#This Row],[fine_align_actual_aruco_yaw_error_deg]]="","",ABS(sim_a[[#This Row],[fine_align_actual_aruco_yaw_error_deg]])) -> 0.098 | CA23: =IF(sim_a[[#This Row],[fine_align_aruco_vs_actual_error_x]]="","",ABS(sim_a[[#This Row],[fine_align_aruco_vs_actual_error_x]])*1000) -> 1.2 | CB23: =IF(sim_a[[#This Row],[fine_align_aruco_vs_actual_error_y]]="","",ABS(sim_a[[#This Row],[fine_align_aruco_vs_actual_error_y]])*1000) -> 0.4 | CC23: =IF(sim_a[[#This Row],[fine_align_aruco_vs_actual_yaw_error_deg]]="","",ABS(sim_a[[#This Row],[fine_align_aruco_vs_actual_yaw_error_deg]])) -> 0.118
A24: 23 | B24: TRUE | E24: 265.057 | F24: 9.791 | G24: 265.055 | H24: 13.208 | I24: 126.936 | J24: 199.126 | K24: 167.853 | L24: 264.049 | M24: 5.2028 | N24: -0.0341 | O24: -0.496 | P24: 0.0002 | Q24: 0.109 | R24: 0.004 | S24: 0.0028 | T24: -0.0341 | U24: 0.0342 | V24: 0.0002 | W24: 0.109 | X24: 0.109 | Y24: 76.311 | Z24: 0.008 | AA24: 0 | AB24: 0.13 | AC24: 6 | AD24: 0.0186 | AE24: -1.0581 | AF24: 0.434 | AG24: 0.0036 | AH24: -1.0581 | AI24: 1.0581 | AJ24: 0.434 | AK24: 0.0044 | AL24: 1.0581 | AM24: -0.304 | AN24: 126.884 | AO24: 0.008 | AP24: -0.025 | AQ24: 0.03 | AR24: 11 | AS24: 0.0069 | AT24: -0.0245 | AU24: -0.174 | AV24: 0.0069 | AW24: -0.0245 | AX24: 0.0254 | AY24: -0.174 | AZ24: 0.0011 | BA24: -0.0005 | BB24: 0.204 | BE24: [planner_server-16] [INFO] [1783098643.720900066] [global_costmap.global_costmap]: StaticLayer: Resizing costmap to 158 X 118 at 0.050000 m/pix | BF24: =IF(sim_a[[#This Row],[final_trolley_dropoff_error_x]]="","",ABS(sim_a[[#This Row],[final_trolley_dropoff_error_x]])*1000) -> 2.8 | BG24: =IF(sim_a[[#This Row],[final_trolley_dropoff_error_y]]="","",ABS(sim_a[[#This Row],[final_trolley_dropoff_error_y]])*1000) -> 34.1 | BH24: =IF(sim_a[[#This Row],[final_trolley_dropoff_error_dist]]="","",sim_a[[#This Row],[final_trolley_dropoff_error_dist]]*1000) -> 34.2 | BI24: =IF(sim_a[[#This Row],[final_robot_charging_error_x]]="","",ABS(sim_a[[#This Row],[final_robot_charging_error_x]])*1000) -> 0.2 | BJ24: =IF(sim_a[[#This Row],[final_robot_charging_error_y]]="","",ABS(sim_a[[#This Row],[final_robot_charging_error_y]])*1000) -> 109 | BK24: =IF(sim_a[[#This Row],[final_robot_charging_error_dist]]="","",sim_a[[#This Row],[final_robot_charging_error_dist]]*1000) -> 109 | BL24: =IF(sim_a[[#This Row],[side_align_aruco_est_error_x]]="","",ABS(sim_a[[#This Row],[side_align_aruco_est_error_x]])*1000) -> 8 | BM24: =IF(sim_a[[#This Row],[side_align_aruco_est_error_y]]="","",ABS(sim_a[[#This Row],[side_align_aruco_est_error_y]])*1000) -> 0 | BN24: =IF(sim_a[[#This Row],[side_align_aruco_est_yaw_error_deg]]="","",ABS(sim_a[[#This Row],[side_align_aruco_est_yaw_error_deg]])) -> 0.13 | BO24: =IF(sim_a[[#This Row],[side_align_actual_aruco_error_x]]="","",ABS(sim_a[[#This Row],[side_align_actual_aruco_error_x]])*1000) -> 3.6 | BP24: =IF(sim_a[[#This Row],[side_align_actual_aruco_error_y]]="","",ABS(sim_a[[#This Row],[side_align_actual_aruco_error_y]])*1000) -> 1058.1 | BQ24: =IF(sim_a[[#This Row],[side_align_actual_aruco_yaw_error_deg]]="","",ABS(sim_a[[#This Row],[side_align_actual_aruco_yaw_error_deg]])) -> 0.434 | BR24: =IF(sim_a[[#This Row],[side_align_aruco_vs_actual_error_x]]="","",ABS(sim_a[[#This Row],[side_align_aruco_vs_actual_error_x]])*1000) -> 4.4 | BS24: =IF(sim_a[[#This Row],[side_align_aruco_vs_actual_error_y]]="","",ABS(sim_a[[#This Row],[side_align_aruco_vs_actual_error_y]])*1000) -> 1058.1 | BT24: =IF(sim_a[[#This Row],[side_align_aruco_vs_actual_yaw_error_deg]]="","",ABS(sim_a[[#This Row],[side_align_aruco_vs_actual_yaw_error_deg]])) -> 0.304 | BU24: =IF(sim_a[[#This Row],[fine_align_aruco_est_error_x]]="","",ABS(sim_a[[#This Row],[fine_align_aruco_est_error_x]])*1000) -> 8 | BV24: =IF(sim_a[[#This Row],[fine_align_aruco_est_error_y]]="","",ABS(sim_a[[#This Row],[fine_align_aruco_est_error_y]])*1000) -> 25 | BW24: =IF(sim_a[[#This Row],[fine_align_aruco_est_yaw_error_deg]]="","",ABS(sim_a[[#This Row],[fine_align_aruco_est_yaw_error_deg]])) -> 0.03 | BX24: =IF(sim_a[[#This Row],[fine_align_actual_aruco_error_x]]="","",ABS(sim_a[[#This Row],[fine_align_actual_aruco_error_x]])*1000) -> 6.9 | BY24: =IF(sim_a[[#This Row],[fine_align_actual_aruco_error_y]]="","",ABS(sim_a[[#This Row],[fine_align_actual_aruco_error_y]])*1000) -> 24.5 | BZ24: =IF(sim_a[[#This Row],[fine_align_actual_aruco_yaw_error_deg]]="","",ABS(sim_a[[#This Row],[fine_align_actual_aruco_yaw_error_deg]])) -> 0.174 | CA24: =IF(sim_a[[#This Row],[fine_align_aruco_vs_actual_error_x]]="","",ABS(sim_a[[#This Row],[fine_align_aruco_vs_actual_error_x]])*1000) -> 1.1 | CB24: =IF(sim_a[[#This Row],[fine_align_aruco_vs_actual_error_y]]="","",ABS(sim_a[[#This Row],[fine_align_aruco_vs_actual_error_y]])*1000) -> 0.5 | CC24: =IF(sim_a[[#This Row],[fine_align_aruco_vs_actual_yaw_error_deg]]="","",ABS(sim_a[[#This Row],[fine_align_aruco_vs_actual_yaw_error_deg]])) -> 0.204
A25: 24 | B25: TRUE | E25: 273.25 | F25: 9.737 | G25: 273.248 | H25: 17.405 | I25: 136.28 | J25: 205.976 | K25: 176.056 | L25: 272.24 | M25: 5.1965 | N25: -0.1885 | O25: 0.573 | P25: 0 | Q25: 0.0944 | R25: -0.003 | S25: -0.0035 | T25: -0.1885 | U25: 0.1885 | V25: 0 | W25: 0.0944 | X25: 0.0944 | Y25: 86.044 | Z25: -0.003 | AA25: 0 | AB25: 0.32 | AC25: 5 | AD25: 0.0116 | AE25: -1.0661 | AF25: 2.338 | AG25: -0.0034 | AH25: -1.0661 | AI25: 1.0661 | AJ25: 2.338 | AK25: 0.0004 | AL25: 1.0661 | AM25: -2.018 | AN25: 136.278 | AO25: -0.007 | AP25: -0.025 | AQ25: -0.09 | AR25: 11 | AS25: -0.0066 | AT25: -0.0249 | AU25: -0.169 | AV25: -0.0066 | AW25: -0.0249 | AX25: 0.0257 | AY25: -0.169 | AZ25: -0.0004 | BA25: -0.0001 | BB25: 0.079 | BE25: [python3-22] [INFO] [1783098913.569471235] [nav2_trolley_mission_controller]: Local target 'return lane above drop zones' reached. | BF25: =IF(sim_a[[#This Row],[final_trolley_dropoff_error_x]]="","",ABS(sim_a[[#This Row],[final_trolley_dropoff_error_x]])*1000) -> 3.5 | BG25: =IF(sim_a[[#This Row],[final_trolley_dropoff_error_y]]="","",ABS(sim_a[[#This Row],[final_trolley_dropoff_error_y]])*1000) -> 188.5 | BH25: =IF(sim_a[[#This Row],[final_trolley_dropoff_error_dist]]="","",sim_a[[#This Row],[final_trolley_dropoff_error_dist]]*1000) -> 188.5 | BI25: =IF(sim_a[[#This Row],[final_robot_charging_error_x]]="","",ABS(sim_a[[#This Row],[final_robot_charging_error_x]])*1000) -> 0 | BJ25: =IF(sim_a[[#This Row],[final_robot_charging_error_y]]="","",ABS(sim_a[[#This Row],[final_robot_charging_error_y]])*1000) -> 94.4 | BK25: =IF(sim_a[[#This Row],[final_robot_charging_error_dist]]="","",sim_a[[#This Row],[final_robot_charging_error_dist]]*1000) -> 94.4 | BL25: =IF(sim_a[[#This Row],[side_align_aruco_est_error_x]]="","",ABS(sim_a[[#This Row],[side_align_aruco_est_error_x]])*1000) -> 3 | BM25: =IF(sim_a[[#This Row],[side_align_aruco_est_error_y]]="","",ABS(sim_a[[#This Row],[side_align_aruco_est_error_y]])*1000) -> 0 | BN25: =IF(sim_a[[#This Row],[side_align_aruco_est_yaw_error_deg]]="","",ABS(sim_a[[#This Row],[side_align_aruco_est_yaw_error_deg]])) -> 0.32 | BO25: =IF(sim_a[[#This Row],[side_align_actual_aruco_error_x]]="","",ABS(sim_a[[#This Row],[side_align_actual_aruco_error_x]])*1000) -> 3.4 | BP25: =IF(sim_a[[#This Row],[side_align_actual_aruco_error_y]]="","",ABS(sim_a[[#This Row],[side_align_actual_aruco_error_y]])*1000) -> 1066.1 | BQ25: =IF(sim_a[[#This Row],[side_align_actual_aruco_yaw_error_deg]]="","",ABS(sim_a[[#This Row],[side_align_actual_aruco_yaw_error_deg]])) -> 2.338 | BR25: =IF(sim_a[[#This Row],[side_align_aruco_vs_actual_error_x]]="","",ABS(sim_a[[#This Row],[side_align_aruco_vs_actual_error_x]])*1000) -> 0.4 | BS25: =IF(sim_a[[#This Row],[side_align_aruco_vs_actual_error_y]]="","",ABS(sim_a[[#This Row],[side_align_aruco_vs_actual_error_y]])*1000) -> 1066.1 | BT25: =IF(sim_a[[#This Row],[side_align_aruco_vs_actual_yaw_error_deg]]="","",ABS(sim_a[[#This Row],[side_align_aruco_vs_actual_yaw_error_deg]])) -> 2.018 | BU25: =IF(sim_a[[#This Row],[fine_align_aruco_est_error_x]]="","",ABS(sim_a[[#This Row],[fine_align_aruco_est_error_x]])*1000) -> 7 | BV25: =IF(sim_a[[#This Row],[fine_align_aruco_est_error_y]]="","",ABS(sim_a[[#This Row],[fine_align_aruco_est_error_y]])*1000) -> 25 | BW25: =IF(sim_a[[#This Row],[fine_align_aruco_est_yaw_error_deg]]="","",ABS(sim_a[[#This Row],[fine_align_aruco_est_yaw_error_deg]])) -> 0.09 | BX25: =IF(sim_a[[#This Row],[fine_align_actual_aruco_error_x]]="","",ABS(sim_a[[#This Row],[fine_align_actual_aruco_error_x]])*1000) -> 6.6 | BY25: =IF(sim_a[[#This Row],[fine_align_actual_aruco_error_y]]="","",ABS(sim_a[[#This Row],[fine_align_actual_aruco_error_y]])*1000) -> 24.9 | BZ25: =IF(sim_a[[#This Row],[fine_align_actual_aruco_yaw_error_deg]]="","",ABS(sim_a[[#This Row],[fine_align_actual_aruco_yaw_error_deg]])) -> 0.169 | CA25: =IF(sim_a[[#This Row],[fine_align_aruco_vs_actual_error_x]]="","",ABS(sim_a[[#This Row],[fine_align_aruco_vs_actual_error_x]])*1000) -> 0.4 | CB25: =IF(sim_a[[#This Row],[fine_align_aruco_vs_actual_error_y]]="","",ABS(sim_a[[#This Row],[fine_align_aruco_vs_actual_error_y]])*1000) -> 0.1 | CC25: =IF(sim_a[[#This Row],[fine_align_aruco_vs_actual_yaw_error_deg]]="","",ABS(sim_a[[#This Row],[fine_align_aruco_vs_actual_yaw_error_deg]])) -> 0.079
A26: 25 | B26: FALSE | C26: local_target_timeout | D26: [python3-22] [ERROR] [1783099138.754413938] [nav2_trolley_mission_controller]: Local target 'drop-off center' timed out: distance=0.027, yaw=-0.37 deg | E26: 213.856 | F26: 9.89 | H26: 13.058 | I26: 134.235 | K26: 174.728 | M26: 5.2067 | N26: 0.0028 | O26: 0.238 | P26: 5.1999 | Q26: 0.027 | R26: 0.369 | S26: 0.0067 | T26: 0.0028 | U26: 0.0073 | V26: 5.1999 | W26: 0.027 | X26: 5.2 | Y26: 83.553 | Z26: -0.005 | AA26: 0 | AB26: 0.27 | AC26: 4 | AD26: 0.0075 | AE26: -1.068 | AF26: 1.075 | AG26: -0.0075 | AH26: -1.068 | AI26: 1.0681 | AJ26: 1.075 | AK26: 0.0025 | AL26: 1.068 | AM26: -0.805 | AN26: 134.233 | AO26: 0.008 | AP26: -0.025 | AQ26: 0.01 | AR26: 11 | AS26: 0.0066 | AT26: -0.0243 | AU26: -0.131 | AV26: 0.0066 | AW26: -0.0243 | AX26: 0.0251 | AY26: -0.131 | AZ26: 0.0014 | BA26: -0.0007 | BB26: 0.141 | BE26: [python3-22] [INFO] [1783099138.757786504] [nav2_trolley_mission_controller]: Set holonomic lidar ignore radius to 0.00 m. | BF26: =IF(sim_a[[#This Row],[final_trolley_dropoff_error_x]]="","",ABS(sim_a[[#This Row],[final_trolley_dropoff_error_x]])*1000) -> 6.7 | BG26: =IF(sim_a[[#This Row],[final_trolley_dropoff_error_y]]="","",ABS(sim_a[[#This Row],[final_trolley_dropoff_error_y]])*1000) -> 2.8 | BH26: =IF(sim_a[[#This Row],[final_trolley_dropoff_error_dist]]="","",sim_a[[#This Row],[final_trolley_dropoff_error_dist]]*1000) -> 7.3 | BI26: =IF(sim_a[[#This Row],[final_robot_charging_error_x]]="","",ABS(sim_a[[#This Row],[final_robot_charging_error_x]])*1000) -> 5199.9 | BJ26: =IF(sim_a[[#This Row],[final_robot_charging_error_y]]="","",ABS(sim_a[[#This Row],[final_robot_charging_error_y]])*1000) -> 27 | BK26: =IF(sim_a[[#This Row],[final_robot_charging_error_dist]]="","",sim_a[[#This Row],[final_robot_charging_error_dist]]*1000) -> 5200 | BL26: =IF(sim_a[[#This Row],[side_align_aruco_est_error_x]]="","",ABS(sim_a[[#This Row],[side_align_aruco_est_error_x]])*1000) -> 5 | BM26: =IF(sim_a[[#This Row],[side_align_aruco_est_error_y]]="","",ABS(sim_a[[#This Row],[side_align_aruco_est_error_y]])*1000) -> 0 | BN26: =IF(sim_a[[#This Row],[side_align_aruco_est_yaw_error_deg]]="","",ABS(sim_a[[#This Row],[side_align_aruco_est_yaw_error_deg]])) -> 0.27 | BO26: =IF(sim_a[[#This Row],[side_align_actual_aruco_error_x]]="","",ABS(sim_a[[#This Row],[side_align_actual_aruco_error_x]])*1000) -> 7.5 | BP26: =IF(sim_a[[#This Row],[side_align_actual_aruco_error_y]]="","",ABS(sim_a[[#This Row],[side_align_actual_aruco_error_y]])*1000) -> 1068 | BQ26: =IF(sim_a[[#This Row],[side_align_actual_aruco_yaw_error_deg]]="","",ABS(sim_a[[#This Row],[side_align_actual_aruco_yaw_error_deg]])) -> 1.075 | BR26: =IF(sim_a[[#This Row],[side_align_aruco_vs_actual_error_x]]="","",ABS(sim_a[[#This Row],[side_align_aruco_vs_actual_error_x]])*1000) -> 2.5 | BS26: =IF(sim_a[[#This Row],[side_align_aruco_vs_actual_error_y]]="","",ABS(sim_a[[#This Row],[side_align_aruco_vs_actual_error_y]])*1000) -> 1068 | BT26: =IF(sim_a[[#This Row],[side_align_aruco_vs_actual_yaw_error_deg]]="","",ABS(sim_a[[#This Row],[side_align_aruco_vs_actual_yaw_error_deg]])) -> 0.805 | BU26: =IF(sim_a[[#This Row],[fine_align_aruco_est_error_x]]="","",ABS(sim_a[[#This Row],[fine_align_aruco_est_error_x]])*1000) -> 8 | BV26: =IF(sim_a[[#This Row],[fine_align_aruco_est_error_y]]="","",ABS(sim_a[[#This Row],[fine_align_aruco_est_error_y]])*1000) -> 25 | BW26: =IF(sim_a[[#This Row],[fine_align_aruco_est_yaw_error_deg]]="","",ABS(sim_a[[#This Row],[fine_align_aruco_est_yaw_error_deg]])) -> 0.01 | BX26: =IF(sim_a[[#This Row],[fine_align_actual_aruco_error_x]]="","",ABS(sim_a[[#This Row],[fine_align_actual_aruco_error_x]])*1000) -> 6.6 | BY26: =IF(sim_a[[#This Row],[fine_align_actual_aruco_error_y]]="","",ABS(sim_a[[#This Row],[fine_align_actual_aruco_error_y]])*1000) -> 24.3 | BZ26: =IF(sim_a[[#This Row],[fine_align_actual_aruco_yaw_error_deg]]="","",ABS(sim_a[[#This Row],[fine_align_actual_aruco_yaw_error_deg]])) -> 0.131 | CA26: =IF(sim_a[[#This Row],[fine_align_aruco_vs_actual_error_x]]="","",ABS(sim_a[[#This Row],[fine_align_aruco_vs_actual_error_x]])*1000) -> 1.4 | CB26: =IF(sim_a[[#This Row],[fine_align_aruco_vs_actual_error_y]]="","",ABS(sim_a[[#This Row],[fine_align_aruco_vs_actual_error_y]])*1000) -> 0.7 | CC26: =IF(sim_a[[#This Row],[fine_align_aruco_vs_actual_yaw_error_deg]]="","",ABS(sim_a[[#This Row],[fine_align_aruco_vs_actual_yaw_error_deg]])) -> 0.141

Sheet Tabelle2
A1: run | B1: success | C1: failure_reason | D1: failure_detail | E1: duration_sec | F1: startup_duration_sec | G1: command_to_success_sec | H1: mission_started_sec | I1: attach_sec | J1: detach_sec | K1: dropoff_detected_sec | L1: charging_detected_sec | M1: last_trolley_x | N1: last_trolley_y | O1: last_trolley_yaw_deg | P1: last_robot_x | Q1: last_robot_y | R1: last_robot_yaw_deg | S1: final_trolley_dropoff_error_x | T1: final_trolley_dropoff_error_y | U1: final_trolley_dropoff_error_dist | V1: final_robot_charging_error_x | W1: final_robot_charging_error_y | X1: final_robot_charging_error_dist | Y1: side_align_complete_sec | Z1: side_align_aruco_est_error_x | AA1: side_align_aruco_est_error_y | AB1: side_align_aruco_est_yaw_error_deg | AC1: side_align_aruco_est_marker_count | AD1: side_align_actual_trolley_base_x | AE1: side_align_actual_trolley_base_y | AF1: side_align_actual_trolley_yaw_error_deg | AG1: side_align_actual_aruco_error_x | AH1: side_align_actual_aruco_error_y | AI1: side_align_actual_aruco_error_dist | AJ1: side_align_actual_aruco_yaw_error_deg | AK1: side_align_aruco_vs_actual_error_x | AL1: side_align_aruco_vs_actual_error_y | AM1: side_align_aruco_vs_actual_yaw_error_deg | AN1: fine_align_complete_sec | AO1: fine_align_aruco_est_error_x | AP1: fine_align_aruco_est_error_y | AQ1: fine_align_aruco_est_yaw_error_deg | AR1: fine_align_aruco_est_marker_count | AS1: fine_align_actual_trolley_base_x | AT1: fine_align_actual_trolley_base_y | AU1: fine_align_actual_trolley_yaw_error_deg | AV1: fine_align_actual_aruco_error_x | AW1: fine_align_actual_aruco_error_y | AX1: fine_align_actual_aruco_error_dist | AY1: fine_align_actual_aruco_yaw_error_deg | AZ1: fine_align_aruco_vs_actual_error_x | BA1: fine_align_aruco_vs_actual_error_y | BB1: fine_align_aruco_vs_actual_yaw_error_deg | BC1: mission_param_overrides | BD1: holonomic_param_overrides | BE1: last_log_line
A2: 1 | B2: TRUE | E2: 266.313 | F2: 9.833 | G2: 266.309 | H2: 12.001 | I2: 128.278 | J2: 199.247 | K2: 169.131 | L2: 265.3 | M2: 5.2019 | N2: -0.0401 | O2: -0.77 | P2: -0.0001 | Q2: 0.1066 | R2: 0.081 | S2: 0.0019 | T2: -0.0401 | U2: 0.0401 | V2: -0.0001 | W2: 0.1066 | X2: 0.1066 | Y2: 76.598 | Z2: 0.004 | AA2: 0 | AB2: -0.7 | AC2: 5 | AD2: 0.0178 | AE2: -1.057 | AF2: -0.607 | AG2: 0.0028 | AH2: -1.057 | AI2: 1.057 | AJ2: -0.607 | AK2: 0.0012 | AL2: 1.057 | AM2: -0.093 | AN2: 128.275 | AO2: 0.008 | AP2: -0.025 | AQ2: -0.05 | AR2: 11 | AS2: 0.0079 | AT2: -0.0251 | AU2: -0.094 | AV2: 0.0079 | AW2: -0.0251 | AX2: 0.0263 | AY2: -0.094 | AZ2: 0.0001 | BA2: 0.0001 | BB2: 0.044 | BE2: [python3-22] [INFO] [1783093089.174777147] [nav2_trolley_mission_controller]: Local target 'return lane above drop zones' reached.
A3: 2 | B3: TRUE | E3: 261.538 | F3: 9.785 | G3: 261.535 | H3: 14.758 | I3: 127.565 | J3: 194.599 | K3: 168.358 | L3: 260.528 | M3: 5.2042 | N3: -0.0376 | O3: 0.341 | P3: 0 | Q3: 0.1092 | R3: -0.026 | S3: 0.0042 | T3: -0.0376 | U3: 0.0378 | V3: 0 | W3: 0.1092 | X3: 0.1092 | Y3: 75.39 | Z3: -0.002 | AA3: 0 | AB3: 0.48 | AC3: 5 | AD3: 0.0102 | AE3: -1.0453 | AF3: 0.019 | AG3: -0.0048 | AH3: -1.0453 | AI3: 1.0453 | AJ3: 0.019 | AK3: 0.0028 | AL3: 1.0453 | AM3: 0.461 | AN3: 127.563 | AO3: 0.007 | AP3: -0.025 | AQ3: -0.18 | AR3: 10 | AS3: 0.0068 | AT3: -0.0251 | AU3: -0.261 | AV3: 0.0068 | AW3: -0.0251 | AX3: 0.026 | AY3: -0.261 | AZ3: 0.0002 | BA3: 0.0001 | BB3: 0.081 | BE3: [python3-22] [INFO] [1783093351.359922148] [nav2_trolley_mission_controller]: Local target 'return lane above drop zones' reached.
A4: 3 | B4: TRUE | E4: 265.001 | F4: 9.735 | G4: 264.999 | H4: 12.156 | I4: 127.807 | J4: 198.572 | K4: 168.802 | L4: 263.991 | M4: 5.1867 | N4: -0.0298 | O4: -2.993 | P4: 0.001 | Q4: 0.1072 | R4: -0.235 | S4: -0.0133 | T4: -0.0298 | U4: 0.0327 | V4: 0.001 | W4: 0.1072 | X4: 0.1072 | Y4: 75.209 | Z4: -0.001 | AA4: 0 | AB4: -0.12 | AC4: 6 | AD4: 0.0085 | AE4: -1.0553 | AF4: 0.512 | AG4: -0.0065 | AH4: -1.0553 | AI4: 1.0553 | AJ4: 0.512 | AK4: 0.0055 | AL4: 1.0553 | AM4: -0.632 | AN4: 127.754 | AO4: -0.007 | AP4: -0.025 | AQ4: 0 | AR4: 11 | AS4: -0.0065 | AT4: -0.0252 | AU4: -0.098 | AV4: -0.0065 | AW4: -0.0252 | AX4: 0.0261 | AY4: -0.098 | AZ4: -0.0005 | BA4: 0.0002 | BB4: 0.098 | BE4: [python3-22] [INFO] [1783093621.465201077] [nav2_trolley_mission_controller]: Local target 'return lane above drop zones' reached.
A5: 4 | B5: FALSE | C5: local_target_timeout | D5: [python3-22] [ERROR] [1783093847.752841244] [nav2_trolley_mission_controller]: Local target 'drop-off center' timed out: distance=0.029, yaw=+5.26 deg | E5: 215.213 | F5: 9.789 | H5: 17.462 | I5: 131.306 | K5: 175.62 | M5: 5.1943 | N5: 0.0048 | O5: -5.484 | P5: 5.2026 | Q5: 0.0291 | R5: -5.265 | S5: -0.0057 | T5: 0.0048 | U5: 0.0074 | V5: 5.2026 | W5: 0.0291 | X5: 5.2027 | Y5: 79.209 | Z5: 0 | AA5: 0 | AB5: -0.8 | AC5: 6 | AD5: 0.0144 | AE5: -1.0524 | AF5: 0.817 | AG5: -0.0006 | AH5: -1.0524 | AI5: 1.0524 | AJ5: 0.817 | AK5: 0.0006 | AL5: 1.0524 | AM5: -1.617 | AN5: 131.254 | AO5: -0.006 | AP5: -0.025 | AQ5: -0.1 | AR5: 11 | AS5: -0.006 | AT5: -0.025 | AU5: -0.219 | AV5: -0.006 | AW5: -0.025 | AX5: 0.0257 | AY5: -0.219 | AZ5: 0 | BA5: 0 | BB5: 0.119 | BE5: [python3-23] [INFO] [1783093847.753690416] [holonomic_goal_controller]: Holonomic lidar ignore radius set to 0.00 m.
A6: 5 | B6: FALSE | C6: local_target_timeout | D6: [python3-22] [ERROR] [1783094053.707800312] [nav2_trolley_mission_controller]: Local target 'drop-off center' timed out: distance=0.028, yaw=+1.86 deg | E6: 205.101 | F6: 9.884 | H6: 12.05 | I6: 125.726 | K6: 165.662 | M6: 5.1949 | N6: 0.0026 | O6: -1.987 | P6: 5.2009 | Q6: 0.0276 | R6: -1.859 | S6: -0.0051 | T6: 0.0026 | U6: 0.0057 | V6: 5.2009 | W6: 0.0276 | X6: 5.201 | Y6: 74.643 | Z6: -0.001 | AA6: 0 | AB6: -0.96 | AC6: 6 | AD6: 0.0147 | AE6: -1.0558 | AF6: 0.191 | AG6: -0.0003 | AH6: -1.0558 | AI6: 1.0558 | AJ6: 0.191 | AK6: -0.0007 | AL6: 1.0558 | AM6: -1.151 | AN6: 125.724 | AO6: -0.005 | AP6: -0.025 | AQ6: -0.03 | AR6: 11 | AS6: -0.0052 | AT6: -0.0251 | AU6: -0.128 | AV6: -0.0052 | AW6: -0.0251 | AX6: 0.0256 | AY6: -0.128 | AZ6: 0.0002 | BA6: 0.0001 | BB6: 0.098 | BE6: [python3-23] [INFO] [1783094053.708565484] [holonomic_goal_controller]: Holonomic lidar ignore radius set to 0.00 m.
A7: 6 | B7: TRUE | E7: 258.71 | F7: 9.885 | G7: 258.708 | H7: 14.411 | I7: 125.082 | J7: 191.971 | K7: 165.023 | L7: 257.701 | M7: 5.209 | N7: -0.075 | O7: 6.74 | P7: -0.0001 | Q7: 0.1063 | R7: 0.01 | S7: 0.009 | T7: -0.075 | U7: 0.0756 | V7: -0.0001 | W7: 0.1063 | X7: 0.1063 | Y7: 74.189 | Z7: 0.008 | AA7: 0 | AB7: 0.17 | AC7: 6 | AD7: 0.0125 | AE7: -1.0523 | AF7: -0.157 | AG7: -0.0025 | AH7: -1.0523 | AI7: 1.0523 | AJ7: -0.157 | AK7: 0.0105 | AL7: 1.0523 | AM7: 0.327 | AN7: 125.029 | AO7: 0.007 | AP7: -0.025 | AQ7: -0.1 | AR7: 10 | AS7: 0.0063 | AT7: -0.0251 | AU7: -0.168 | AV7: 0.0063 | AW7: -0.0251 | AX7: 0.0258 | AY7: -0.168 | AZ7: 0.0007 | BA7: 0.0001 | BB7: 0.068 | BE7: [python3-22] [INFO] [1783094302.881573410] [nav2_trolley_mission_controller]: Local target 'return lane above drop zones' reached.
A8: 7 | B8: TRUE | E8: 266.349 | F8: 9.84 | G8: 266.346 | H8: 12.006 | I8: 128.332 | J8: 199.37 | K8: 169.133 | L8: 265.338 | M8: 5.1966 | N8: -0.0322 | O8: -1.472 | P8: 0.0009 | Q8: 0.11 | R8: -0.28 | S8: -0.0034 | T8: -0.0322 | U8: 0.0324 | V8: 0.0009 | W8: 0.11 | X8: 0.11 | Y8: 74.642 | Z8: 0.006 | AA8: 0 | AB8: -0.45 | AC8: 6 | AD8: 0.0169 | AE8: -1.0532 | AF8: -0.057 | AG8: 0.0019 | AH8: -1.0532 | AI8: 1.0532 | AJ8: -0.057 | AK8: 0.0041 | AL8: 1.0532 | AM8: -0.393 | AN8: 128.33 | AO8: 0.005 | AP8: -0.025 | AQ8: -0.06 | AR8: 10 | AS8: 0.0053 | AT8: -0.0249 | AU8: -0.164 | AV8: 0.0053 | AW8: -0.0249 | AX8: 0.0255 | AY8: -0.164 | AZ8: -0.0003 | BA8: -0.0001 | BB8: 0.104 | BE8: [planner_server-16] [INFO] [1783094573.434418557] [global_costmap.global_costmap]: StaticLayer: Resizing costmap to 158 X 118 at 0.050000 m/pix
A9: 8 | B9: TRUE | E9: 258.055 | F9: 9.837 | G9: 258.053 | H9: 13.258 | I9: 123.789 | J9: 191.223 | K9: 163.873 | L9: 257.046 | M9: 5.2059 | N9: -0.0395 | O9: -3.078 | P9: -0.0005 | Q9: 0.1031 | R9: 0.067 | S9: 0.0059 | T9: -0.0395 | U9: 0.04 | V9: -0.0005 | W9: 0.1031 | X9: 0.1031 | Y9: 73.504 | Z9: 0.005 | AA9: 0 | AB9: -0.74 | AC9: 6 | AD9: 0.0175 | AE9: -1.0422 | AF9: 0.373 | AG9: 0.0025 | AH9: -1.0422 | AI9: 1.0422 | AJ9: 0.373 | AK9: 0.0025 | AL9: 1.0422 | AM9: -1.113 | AN9: 123.735 | AO9: 0.007 | AP9: -0.025 | AQ9: -0.03 | AR9: 11 | AS9: 0.0065 | AT9: -0.0245 | AU9: -0.141 | AV9: 0.0065 | AW9: -0.0245 | AX9: 0.0253 | AY9: -0.141 | AZ9: 0.0005 | BA9: -0.0005 | BB9: 0.111 | BE9: [python3-22] [INFO] [1783094828.342074230] [nav2_trolley_mission_controller]: Local target 'return lane above drop zones' reached.
A10: 9 | B10: FALSE | C10: run_timeout | D10: Robot did not return to charging while trolley remained in orange drop-off before timeout. | E10: 420.043 | F10: 9.691 | H10: 12.407 | I10: 176.668 | J10: 251.566 | K10: 222.454 | L10: 317.627 | M10: 5.2293 | N10: -0.5164 | O10: 0.413 | P10: 0.0008 | Q10: 0.0264 | R10: -0.444 | S10: 0.0293 | T10: -0.5164 | U10: 0.5172 | V10: 0.0008 | W10: 0.0264 | X10: 0.0264 | Y10: 123.509 | Z10: 0.003 | AA10: 0 | AB10: -0.8 | AC10: 5 | AD10: 0.0246 | AE10: -1.0878 | AF10: 0.456 | AG10: 0.0096 | AH10: -1.0878 | AI10: 1.0878 | AJ10: 0.456 | AK10: -0.0066 | AL10: 1.0878 | AM10: -1.256 | AN10: 176.614 | AO10: 0.01 | AP10: -0.025 | AQ10: 1.23 | AR10: 11 | AS10: 0.0107 | AT10: -0.0251 | AU10: 1.189 | AV10: 0.0107 | AW10: -0.0251 | AX10: 0.0273 | AY10: 1.189 | AZ10: -0.0007 | BA10: 0.0001 | BB10: 0.041 | BE10: [python3-23] [INFO] [1783095167.032223533] [holonomic_goal_controller]: Holonomic lidar ignore radius set to 0.00 m.
A11: 10 | B11: TRUE | E11: 261.863 | F11: 9.892 | G11: 261.861 | H11: 12.058 | I11: 125.377 | J11: 195.384 | K11: 165.164 | L11: 260.854 | M11: 5.2111 | N11: -0.0231 | O11: -5.045 | P11: 0 | Q11: 0.1029 | R11: -0.046 | S11: 0.0111 | T11: -0.0231 | U11: 0.0257 | V11: 0 | W11: 0.1029 | X11: 0.1029 | Y11: 73.538 | Z11: 0.004 | AA11: 0 | AB11: 0.8 | AC11: 6 | AD11: 0.0153 | AE11: -1.0528 | AF11: 0.837 | AG11: 0.0003 | AH11: -1.0528 | AI11: 1.0528 | AJ11: 0.837 | AK11: 0.0037 | AL11: 1.0528 | AM11: -0.037 | AN11: 125.325 | AO11: 0.004 | AP11: -0.025 | AQ11: -0.06 | AR11: 10 | AS11: 0.0045 | AT11: -0.0252 | AU11: -0.111 | AV11: 0.0045 | AW11: -0.0252 | AX11: 0.0256 | AY11: -0.111 | AZ11: -0.0005 | BA11: 0.0002 | BB11: 0.051 | BE11: [python3-22] [INFO] [1783095511.477123455] [nav2_trolley_mission_controller]: Local target 'return lane above drop zones' reached.
A12: 11 | B12: FALSE | C12: local_target_timeout | D12: [python3-22] [ERROR] [1783095725.510524969] [nav2_trolley_mission_controller]: Local target 'drop-off center' timed out: distance=0.029, yaw=+5.31 deg | E12: 203.163 | F12: 9.935 | H12: 12.102 | I12: 124.374 | K12: 163.72 | M12: 5.2062 | N12: 0.0043 | O12: -5.454 | P12: 5.2025 | Q12: 0.0293 | R12: -5.311 | S12: 0.0062 | T12: 0.0043 | U12: 0.0076 | V12: 5.2025 | W12: 0.0293 | X12: 5.2026 | Y12: 73.553 | Z12: 0.006 | AA12: 0 | AB12: 0.83 | AC12: 6 | AD12: 0.0154 | AE12: -1.0486 | AF12: 0.903 | AG12: 0.0004 | AH12: -1.0486 | AI12: 1.0486 | AJ12: 0.903 | AK12: 0.0056 | AL12: 1.0486 | AM12: -0.073 | AN12: 124.372 | AO12: 0.007 | AP12: -0.025 | AQ12: 0 | AR12: 11 | AS12: 0.006 | AT12: -0.0245 | AU12: -0.144 | AV12: 0.006 | AW12: -0.0245 | AX12: 0.0252 | AY12: -0.144 | AZ12: 0.001 | BA12: -0.0005 | BB12: 0.144 | BE12: [python3-22] [ERROR] [1783095725.510524969] [nav2_trolley_mission_controller]: Local target 'drop-off center' timed out: distance=0.029, yaw=+5.31 deg
A13: 12 | B13: FALSE | C13: holonomic_goal_timeout | D13: [python3-22] [ERROR] [1783095965.449069465] [nav2_trolley_mission_controller]: Holonomic goal 'drop-off approach' timed out: distance=0.043, yaw=117.7 deg | E13: 239.045 | F13: 9.784 | H13: 13.464 | I13: 128.983 | M13: 5.138 | N13: 1.378 | O13: -117.934 | P13: 5.1618 | Q13: 1.3697 | R13: -117.764 | S13: -0.062 | T13: 1.378 | U13: 1.3794 | V13: 5.1618 | W13: 1.3697 | X13: 5.3404 | Y13: 75.624 | Z13: -0.002 | AA13: 0 | AB13: -0.11 | AC13: 6 | AD13: 0.0098 | AE13: -1.0499 | AF13: 0.571 | AG13: -0.0052 | AH13: -1.0499 | AI13: 1.0499 | AJ13: 0.571 | AK13: 0.0032 | AL13: 1.0499 | AM13: -0.681 | AN13: 128.981 | AO13: 0.004 | AP13: -0.025 | AQ13: -0.08 | AR13: 10 | AS13: 0.0037 | AT13: -0.0249 | AU13: -0.169 | AV13: 0.0037 | AW13: -0.0249 | AX13: 0.0252 | AY13: -0.169 | AZ13: 0.0003 | BA13: -0.0001 | BB13: 0.089 | BE13: [python3-23] [INFO] [1783095965.449999876] [holonomic_goal_controller]: Holonomic lidar ignore radius set to 0.00 m.
A14: 13 | B14: TRUE | E14: 259.621 | F14: 9.684 | G14: 259.619 | H14: 12.35 | I14: 127.531 | J14: 192.503 | K14: 167.469 | L14: 258.612 | M14: 5.2072 | N14: -0.0895 | O14: 9.152 | P14: 0.0002 | Q14: 0.0975 | R14: -0.056 | S14: 0.0072 | T14: -0.0895 | U14: 0.0897 | V14: 0.0002 | W14: 0.0975 | X14: 0.0975 | Y14: 77.412 | Z14: 0.006 | AA14: 0 | AB14: -0.09 | AC14: 6 | AD14: 0.017 | AE14: -1.053 | AF14: 0.669 | AG14: 0.002 | AH14: -1.053 | AI14: 1.053 | AJ14: 0.669 | AK14: 0.004 | AL14: 1.053 | AM14: -0.759 | AN14: 127.529 | AO14: 0.008 | AP14: -0.025 | AQ14: -0.01 | AR14: 11 | AS14: 0.0078 | AT14: -0.0248 | AU14: -0.074 | AV14: 0.0078 | AW14: -0.0248 | AX14: 0.026 | AY14: -0.074 | AZ14: 0.0002 | BA14: -0.0002 | BB14: 0.064 | BE14: [python3-22] [INFO] [1783096219.763146100] [nav2_trolley_mission_controller]: Local target 'return lane above drop zones' reached.
A15: 14 | B15: TRUE | E15: 254.851 | F15: 9.936 | G15: 254.849 | H15: 12.104 | I15: 123.697 | J15: 188.064 | K15: 162.681 | L15: 253.843 | M15: 5.197 | N15: -0.1612 | O15: 0.089 | P15: -0.0012 | Q15: 0.0984 | R15: 0.337 | S15: -0.003 | T15: -0.1612 | U15: 0.1612 | V15: -0.0012 | W15: 0.0984 | X15: 0.0984 | Y15: 73.881 | Z15: 0.007 | AA15: 0 | AB15: -0.09 | AC15: 6 | AD15: 0.019 | AE15: -1.0619 | AF15: 1.696 | AG15: 0.004 | AH15: -1.0619 | AI15: 1.0619 | AJ15: 1.696 | AK15: 0.003 | AL15: 1.0619 | AM15: -1.786 | AN15: 123.645 | AO15: -0.006 | AP15: -0.025 | AQ15: -0.18 | AR15: 11 | AS15: -0.0066 | AT15: -0.0247 | AU15: -0.255 | AV15: -0.0066 | AW15: -0.0247 | AX15: 0.0256 | AY15: -0.255 | AZ15: 0.0006 | BA15: -0.0003 | BB15: 0.075 | BE15: [python3-22] [INFO] [1783096475.291141887] [nav2_trolley_mission_controller]: Local target 'return lane above drop zones' reached.
A16: 15 | B16: FALSE | C16: aruco_no_markers_timeout | D16: [python3-22] [ERROR] [1783096640.472751380] [nav2_trolley_mission_controller]: side ArUco pre-entry timed out waiting for ArUco markers. | E16: 154.221 | F16: 9.947 | H16: 12.614 | M16: 2.4849 | N16: -0.0779 | O16: -0.305 | P16: 2.3652 | Q16: 1.3196 | R16: -0.126 | S16: -2.7151 | T16: -0.0779 | U16: 2.7162 | V16: 2.3652 | W16: 1.3196 | X16: 2.7084 | BE16: [python3-23] [INFO] [1783096640.473716226] [holonomic_goal_controller]: Holonomic lidar ignore radius set to 0.00 m.
A17: 16 | B17: TRUE | E17: 267.326 | F17: 9.835 | G17: 267.324 | H17: 13.505 | I17: 130.345 | J17: 200.409 | K17: 170.627 | L17: 266.317 | M17: 5.2036 | N17: -0.0382 | O17: -2.735 | P17: -0.0005 | Q17: 0.0958 | R17: 0.01 | S17: 0.0036 | T17: -0.0382 | U17: 0.0384 | V17: -0.0005 | W17: 0.0958 | X17: 0.0958 | Y17: 79.768 | Z17: -0.005 | AA17: 0 | AB17: 0.5 | AC17: 6 | AD17: 0.0114 | AE17: -1.0549 | AF17: 1.585 | AG17: -0.0036 | AH17: -1.0549 | AI17: 1.0549 | AJ17: 1.585 | AK17: -0.0014 | AL17: 1.0549 | AM17: -1.085 | AN17: 130.343 | AO17: -0.002 | AP17: -0.025 | AQ17: -0.04 | AR17: 10 | AS17: -0.0017 | AT17: -0.0249 | AU17: -0.141 | AV17: -0.0017 | AW17: -0.0249 | AX17: 0.025 | AY17: -0.141 | AZ17: -0.0003 | BA17: -0.0001 | BB17: 0.101 | BE17: [python3-22] [INFO] [1783096898.302163189] [nav2_trolley_mission_controller]: Local target 'return lane above drop zones' reached.
A18: 17 | B18: TRUE | E18: 253.126 | F18: 9.736 | G18: 253.123 | H18: 12.404 | I18: 120.141 | J18: 186.053 | K18: 159.962 | L18: 252.116 | M18: 5.1988 | N18: -0.0872 | O18: 7.219 | P18: -0.0001 | Q18: 0.0991 | R18: 0.013 | S18: -0.0012 | T18: -0.0872 | U18: 0.0873 | V18: -0.0001 | W18: 0.0991 | X18: 0.0991 | Y18: 74.04 | Z18: 0.007 | AA18: 0 | AB18: -0.03 | AC18: 6 | AD18: 0.0164 | AE18: -1.0567 | AF18: 0.394 | AG18: 0.0014 | AH18: -1.0567 | AI18: 1.0567 | AJ18: 0.394 | AK18: 0.0056 | AL18: 1.0567 | AM18: -0.424 | AN18: 120.089 | AO18: -0.003 | AP18: -0.025 | AQ18: -0.23 | AR18: 11 | AS18: -0.0036 | AT18: -0.0248 | AU18: -0.284 | AV18: -0.0036 | AW18: -0.0248 | AX18: 0.0251 | AY18: -0.284 | AZ18: 0.0006 | BA18: -0.0002 | BB18: 0.054 | BE18: [python3-22] [INFO] [1783097152.238489415] [nav2_trolley_mission_controller]: Local target 'return lane above drop zones' reached.
A19: 18 | B19: TRUE | E19: 263.187 | F19: 9.839 | G19: 263.185 | H19: 13.365 | I19: 126.511 | J19: 197.107 | K19: 167.496 | L19: 262.179 | M19: 5.2022 | N19: -0.0287 | O19: -1.906 | P19: 0.0005 | Q19: 0.1083 | R19: -0.062 | S19: 0.0022 | T19: -0.0287 | U19: 0.0288 | V19: 0.0005 | W19: 0.1083 | X19: 0.1083 | Y19: 74.054 | Z19: 0.004 | AA19: 0 | AB19: -0.65 | AC19: 6 | AD19: 0.0128 | AE19: -1.0543 | AF19: 0.526 | AG19: -0.0022 | AH19: -1.0543 | AI19: 1.0543 | AJ19: 0.526 | AK19: 0.0062 | AL19: 1.0543 | AM19: -1.176 | AN19: 126.459 | AO19: 0.005 | AP19: -0.025 | AQ19: -0.14 | AR19: 10 | AS19: 0.0051 | AT19: -0.025 | AU19: -0.223 | AV19: 0.0051 | AW19: -0.025 | AX19: 0.0255 | AY19: -0.223 | AZ19: -0.0001 | BA19: 0 | BB19: 0.083 | BE19: [python3-22] [INFO] [1783097416.525520310] [nav2_trolley_mission_controller]: Local target 'return lane above drop zones' reached.
A20: 19 | B20: TRUE | E20: 260.402 | F20: 9.694 | G20: 260.4 | H20: 12.114 | I20: 128.311 | J20: 194.79 | K20: 169.254 | L20: 259.392 | M20: 5.1889 | N20: -0.0753 | O20: -6.478 | P20: 0.0008 | Q20: 0.1126 | R20: -0.268 | S20: -0.0111 | T20: -0.0753 | U20: 0.0761 | V20: 0.0008 | W20: 0.1126 | X20: 0.1126 | Y20: 79.95 | Z20: -0.004 | AA20: 0 | AB20: 0.46 | AC20: 6 | AD20: 0.0076 | AE20: -1.0596 | AF20: 0.429 | AG20: -0.0074 | AH20: -1.0596 | AI20: 1.0596 | AJ20: 0.429 | AK20: 0.0034 | AL20: 1.0596 | AM20: 0.031 | AN20: 128.309 | AO20: 0.002 | AP20: -0.025 | AQ20: 0.15 | AR20: 10 | AS20: 0.0025 | AT20: -0.0248 | AU20: 0.044 | AV20: 0.0025 | AW20: -0.0248 | AX20: 0.025 | AY20: 0.044 | AZ20: -0.0005 | BA20: -0.0002 | BB20: 0.106 | BE20: [python3-22] [INFO] [1783097682.139068879] [nav2_trolley_mission_controller]: Local target 'return lane above drop zones' reached.
A21: 20 | B21: FALSE | C21: local_target_timeout | D21: [python3-22] [ERROR] [1783097904.529839283] [nav2_trolley_mission_controller]: Local target 'drop-off center' timed out: distance=0.029, yaw=+5.72 deg | E21: 211.684 | F21: 9.786 | H21: 12.101 | I21: 124.835 | K21: 172.282 | M21: 5.1934 | N21: 0.0051 | O21: -5.8 | P21: 5.2027 | Q21: 0.0291 | R21: -5.723 | S21: -0.0066 | T21: 0.0051 | U21: 0.0083 | V21: 5.2027 | W21: 0.0291 | X21: 5.2028 | Y21: 76.065 | Z21: -0.002 | AA21: 0 | AB21: 0.81 | AC21: 6 | AD21: 0.0113 | AE21: -1.0567 | AF21: 1.537 | AG21: -0.0037 | AH21: -1.0567 | AI21: 1.0567 | AJ21: 1.537 | AK21: 0.0017 | AL21: 1.0567 | AM21: -0.727 | AN21: 124.834 | AO21: -0.007 | AP21: -0.025 | AQ21: 0 | AR21: 11 | AS21: -0.0068 | AT21: -0.0248 | AU21: -0.077 | AV21: -0.0068 | AW21: -0.0248 | AX21: 0.0257 | AY21: -0.077 | AZ21: -0.0002 | BA21: -0.0002 | BB21: 0.077 | BE21: [python3-23] [INFO] [1783097904.531162252] [holonomic_goal_controller]: Holonomic lidar ignore radius set to 0.00 m.
A22: 21 | B22: FALSE | C22: detach_failed | D22: [python3-22] [ERROR] [1783098105.639989293] [nav2_trolley_mission_controller]: Service 'detach trolley' timed out. | E22: 200.839 | F22: 9.888 | H22: 12.055 | I22: 122.806 | K22: 163.156 | M22: 5.1942 | N22: 0.0007 | O22: -1.989 | P22: 5.2009 | Q22: 0.0252 | R22: -1.905 | S22: -0.0058 | T22: 0.0007 | U22: 0.0058 | V22: 5.2009 | W22: 0.0252 | X22: 5.201 | Y22: 74.002 | Z22: -0.003 | AA22: 0 | AB22: -0.4 | AC22: 6 | AD22: 0.0115 | AE22: -1.0631 | AF22: 0.859 | AG22: -0.0035 | AH22: -1.0631 | AI22: 1.0631 | AJ22: 0.859 | AK22: 0.0005 | AL22: 1.0631 | AM22: -1.259 | AN22: 122.804 | AO22: -0.005 | AP22: -0.025 | AQ22: 0.02 | AR22: 11 | AS22: -0.0059 | AT22: -0.0247 | AU22: -0.084 | AV22: -0.0059 | AW22: -0.0247 | AX22: 0.0254 | AY22: -0.084 | AZ22: 0.0009 | BA22: -0.0003 | BB22: 0.104 | BE22: [python3-23] [INFO] [1783098105.641101534] [holonomic_goal_controller]: Holonomic lidar ignore radius set to 0.00 m.
A23: 22 | B23: TRUE | E23: 274.303 | F23: 10.193 | G23: 274.3 | H23: 12.364 | I23: 139.538 | J23: 207.553 | K23: 180.095 | L23: 273.293 | M23: 5.2097 | N23: -0.0345 | O23: -3.405 | P23: -0.0002 | Q23: 0.1098 | R23: 0.003 | S23: 0.0097 | T23: -0.0345 | U23: 0.0359 | V23: -0.0002 | W23: 0.1098 | X23: 0.1098 | Y23: 88.154 | Z23: -0.005 | AA23: 0 | AB23: 0.83 | AC23: 5 | AD23: 0.0106 | AE23: -1.0542 | AF23: 0.986 | AG23: -0.0044 | AH23: -1.0542 | AI23: 1.0542 | AJ23: 0.986 | AK23: -0.0006 | AL23: 1.0542 | AM23: -0.156 | AN23: 139.486 | AO23: 0.007 | AP23: -0.025 | AQ23: 0.02 | AR23: 11 | AS23: 0.0058 | AT23: -0.0246 | AU23: -0.098 | AV23: 0.0058 | AW23: -0.0246 | AX23: 0.0253 | AY23: -0.098 | AZ23: 0.0012 | BA23: -0.0004 | BB23: 0.118 | BE23: [python3-22] [INFO] [1783098373.402313605] [nav2_trolley_mission_controller]: Local target 'return lane above drop zones' reached.
A24: 23 | B24: TRUE | E24: 265.057 | F24: 9.791 | G24: 265.055 | H24: 13.208 | I24: 126.936 | J24: 199.126 | K24: 167.853 | L24: 264.049 | M24: 5.2028 | N24: -0.0341 | O24: -0.496 | P24: 0.0002 | Q24: 0.109 | R24: 0.004 | S24: 0.0028 | T24: -0.0341 | U24: 0.0342 | V24: 0.0002 | W24: 0.109 | X24: 0.109 | Y24: 76.311 | Z24: 0.008 | AA24: 0 | AB24: 0.13 | AC24: 6 | AD24: 0.0186 | AE24: -1.0581 | AF24: 0.434 | AG24: 0.0036 | AH24: -1.0581 | AI24: 1.0581 | AJ24: 0.434 | AK24: 0.0044 | AL24: 1.0581 | AM24: -0.304 | AN24: 126.884 | AO24: 0.008 | AP24: -0.025 | AQ24: 0.03 | AR24: 11 | AS24: 0.0069 | AT24: -0.0245 | AU24: -0.174 | AV24: 0.0069 | AW24: -0.0245 | AX24: 0.0254 | AY24: -0.174 | AZ24: 0.0011 | BA24: -0.0005 | BB24: 0.204 | BE24: [planner_server-16] [INFO] [1783098643.720900066] [global_costmap.global_costmap]: StaticLayer: Resizing costmap to 158 X 118 at 0.050000 m/pix
A25: 24 | B25: TRUE | E25: 273.25 | F25: 9.737 | G25: 273.248 | H25: 17.405 | I25: 136.28 | J25: 205.976 | K25: 176.056 | L25: 272.24 | M25: 5.1965 | N25: -0.1885 | O25: 0.573 | P25: 0 | Q25: 0.0944 | R25: -0.003 | S25: -0.0035 | T25: -0.1885 | U25: 0.1885 | V25: 0 | W25: 0.0944 | X25: 0.0944 | Y25: 86.044 | Z25: -0.003 | AA25: 0 | AB25: 0.32 | AC25: 5 | AD25: 0.0116 | AE25: -1.0661 | AF25: 2.338 | AG25: -0.0034 | AH25: -1.0661 | AI25: 1.0661 | AJ25: 2.338 | AK25: 0.0004 | AL25: 1.0661 | AM25: -2.018 | AN25: 136.278 | AO25: -0.007 | AP25: -0.025 | AQ25: -0.09 | AR25: 11 | AS25: -0.0066 | AT25: -0.0249 | AU25: -0.169 | AV25: -0.0066 | AW25: -0.0249 | AX25: 0.0257 | AY25: -0.169 | AZ25: -0.0004 | BA25: -0.0001 | BB25: 0.079 | BE25: [python3-22] [INFO] [1783098913.569471235] [nav2_trolley_mission_controller]: Local target 'return lane above drop zones' reached.
A26: 25 | B26: FALSE | C26: local_target_timeout | D26: [python3-22] [ERROR] [1783099138.754413938] [nav2_trolley_mission_controller]: Local target 'drop-off center' timed out: distance=0.027, yaw=-0.37 deg | E26: 213.856 | F26: 9.89 | H26: 13.058 | I26: 134.235 | K26: 174.728 | M26: 5.2067 | N26: 0.0028 | O26: 0.238 | P26: 5.1999 | Q26: 0.027 | R26: 0.369 | S26: 0.0067 | T26: 0.0028 | U26: 0.0073 | V26: 5.1999 | W26: 0.027 | X26: 5.2 | Y26: 83.553 | Z26: -0.005 | AA26: 0 | AB26: 0.27 | AC26: 4 | AD26: 0.0075 | AE26: -1.068 | AF26: 1.075 | AG26: -0.0075 | AH26: -1.068 | AI26: 1.0681 | AJ26: 1.075 | AK26: 0.0025 | AL26: 1.068 | AM26: -0.805 | AN26: 134.233 | AO26: 0.008 | AP26: -0.025 | AQ26: 0.01 | AR26: 11 | AS26: 0.0066 | AT26: -0.0243 | AU26: -0.131 | AV26: 0.0066 | AW26: -0.0243 | AX26: 0.0251 | AY26: -0.131 | AZ26: 0.0014 | BA26: -0.0007 | BB26: 0.141 | BE26: [python3-22] [INFO] [1783099138.757786504] [nav2_trolley_mission_controller]: Set holonomic lidar ignore radius to 0.00 m.

Sheet Combined Mission Data
A1: Source | B1: Source run | C1: Global run id | D1: Success | E1: Failure reason | F1: Failure detail | G1: Duration (s) | H1: Startup duration (s) | I1: Command-to-success (s) | J1: Mission start time (s) | K1: Pickup / attach time (s) | L1: Attached driving to drop-off (s) | M1: Drop-off release / detach time (s) | N1: Return to charging time (s) | O1: Successful mission duration (s) | P1: Total mission duration (s)
A2: ="Baseline" -> Baseline | B2: ='baseline_mission_results (2)'!A2 -> 1 | C2: ="Baseline-"&'baseline_mission_results (2)'!A2 -> Baseline-1 | D2: ='baseline_mission_results (2)'!B2 -> TRUE | E2: ='baseline_mission_results (2)'!C2 -> 0 | F2: ='baseline_mission_results (2)'!D2 -> 0 | G2: =IF('baseline_mission_results (2)'!E2="","",'baseline_mission_results (2)'!E2) -> 289.854 | H2: =IF('baseline_mission_results (2)'!F2="","",'baseline_mission_results (2)'!F2) -> 9.28 | I2: =IF('baseline_mission_results (2)'!G2="","",'baseline_mission_results (2)'!G2) -> 289.852 | J2: =IF('baseline_mission_results (2)'!H2="","",'baseline_mission_results (2)'!H2) -> 12.446 | K2: =IF('baseline_mission_results (2)'!I2="","",'baseline_mission_results (2)'!I2) -> 120.994 | L2: =IF('baseline_mission_results (2)'!J2="","",'baseline_mission_results (2)'!J2) -> 222.805 | M2: =IF('baseline_mission_results (2)'!K2="","",'baseline_mission_results (2)'!K2) -> 195.203 | N2: =IF('baseline_mission_results (2)'!L2="","",'baseline_mission_results (2)'!L2) -> 288.845 | O2: =IF(D2=TRUE,I2,"") -> 289.852 | P2: =G2 -> 289.854
A3: ="Baseline" -> Baseline | B3: ='baseline_mission_results (2)'!A3 -> 2 | C3: ="Baseline-"&'baseline_mission_results (2)'!A3 -> Baseline-2 | D3: ='baseline_mission_results (2)'!B3 -> TRUE | E3: ='baseline_mission_results (2)'!C3 -> 0 | F3: ='baseline_mission_results (2)'!D3 -> 0 | G3: =IF('baseline_mission_results (2)'!E3="","",'baseline_mission_results (2)'!E3) -> 291.981 | H3: =IF('baseline_mission_results (2)'!F3="","",'baseline_mission_results (2)'!F3) -> 9.24 | I3: =IF('baseline_mission_results (2)'!G3="","",'baseline_mission_results (2)'!G3) -> 291.98 | J3: =IF('baseline_mission_results (2)'!H3="","",'baseline_mission_results (2)'!H3) -> 16.905 | K3: =IF('baseline_mission_results (2)'!I3="","",'baseline_mission_results (2)'!I3) -> 125.127 | L3: =IF('baseline_mission_results (2)'!J3="","",'baseline_mission_results (2)'!J3) -> 225.603 | M3: =IF('baseline_mission_results (2)'!K3="","",'baseline_mission_results (2)'!K3) -> 197.946 | N3: =IF('baseline_mission_results (2)'!L3="","",'baseline_mission_results (2)'!L3) -> 290.975 | O3: =IF(D3=TRUE,I3,"") -> 291.98 | P3: =G3 -> 291.981
A4: ="Baseline" -> Baseline | B4: ='baseline_mission_results (2)'!A4 -> 3 | C4: ="Baseline-"&'baseline_mission_results (2)'!A4 -> Baseline-3 | D4: ='baseline_mission_results (2)'!B4 -> TRUE | E4: ='baseline_mission_results (2)'!C4 -> 0 | F4: ='baseline_mission_results (2)'!D4 -> 0 | G4: =IF('baseline_mission_results (2)'!E4="","",'baseline_mission_results (2)'!E4) -> 280.732 | H4: =IF('baseline_mission_results (2)'!F4="","",'baseline_mission_results (2)'!F4) -> 9.535 | I4: =IF('baseline_mission_results (2)'!G4="","",'baseline_mission_results (2)'!G4) -> 280.731 | J4: =IF('baseline_mission_results (2)'!H4="","",'baseline_mission_results (2)'!H4) -> 17.203 | K4: =IF('baseline_mission_results (2)'!I4="","",'baseline_mission_results (2)'!I4) -> 113.714 | L4: =IF('baseline_mission_results (2)'!J4="","",'baseline_mission_results (2)'!J4) -> 213.904 | M4: =IF('baseline_mission_results (2)'!K4="","",'baseline_mission_results (2)'!K4) -> 185.688 | N4: =IF('baseline_mission_results (2)'!L4="","",'baseline_mission_results (2)'!L4) -> 279.725 | O4: =IF(D4=TRUE,I4,"") -> 280.731 | P4: =G4 -> 280.732
A5: ="Baseline" -> Baseline | B5: ='baseline_mission_results (2)'!A5 -> 4 | C5: ="Baseline-"&'baseline_mission_results (2)'!A5 -> Baseline-4 | D5: ='baseline_mission_results (2)'!B5 -> TRUE | E5: ='baseline_mission_results (2)'!C5 -> 0 | F5: ='baseline_mission_results (2)'!D5 -> 0 | G5: =IF('baseline_mission_results (2)'!E5="","",'baseline_mission_results (2)'!E5) -> 282.655 | H5: =IF('baseline_mission_results (2)'!F5="","",'baseline_mission_results (2)'!F5) -> 9.435 | I5: =IF('baseline_mission_results (2)'!G5="","",'baseline_mission_results (2)'!G5) -> 282.653 | J5: =IF('baseline_mission_results (2)'!H5="","",'baseline_mission_results (2)'!H5) -> 13.601 | K5: =IF('baseline_mission_results (2)'!I5="","",'baseline_mission_results (2)'!I5) -> 112.831 | L5: =IF('baseline_mission_results (2)'!J5="","",'baseline_mission_results (2)'!J5) -> 215.974 | M5: =IF('baseline_mission_results (2)'!K5="","",'baseline_mission_results (2)'!K5) -> 186.603 | N5: =IF('baseline_mission_results (2)'!L5="","",'baseline_mission_results (2)'!L5) -> 281.648 | O5: =IF(D5=TRUE,I5,"") -> 282.653 | P5: =G5 -> 282.655
A6: ="Baseline" -> Baseline | B6: ='baseline_mission_results (2)'!A6 -> 5 | C6: ="Baseline-"&'baseline_mission_results (2)'!A6 -> Baseline-5 | D6: ='baseline_mission_results (2)'!B6 -> FALSE | E6: ='baseline_mission_results (2)'!C6 -> local_target_timeout | F6: ='baseline_mission_results (2)'!D6 -> [python3-22] [ERROR] [1779401884,165594121] [nav2_trolley_mission_controller]: Local target 'drop-off center' timed out: distance=0,029, yaw=+0,33 deg | G6: =IF('baseline_mission_results (2)'!E6="","",'baseline_mission_results (2)'!E6) -> 247.577 | H6: =IF('baseline_mission_results (2)'!F6="","",'baseline_mission_results (2)'!F6) -> 9.337 | I6: =IF('baseline_mission_results (2)'!G6="","",'baseline_mission_results (2)'!G6) | J6: =IF('baseline_mission_results (2)'!H6="","",'baseline_mission_results (2)'!H6) -> 17.002 | K6: =IF('baseline_mission_results (2)'!I6="","",'baseline_mission_results (2)'!I6) -> 139.453 | L6: =IF('baseline_mission_results (2)'!J6="","",'baseline_mission_results (2)'!J6) | M6: =IF('baseline_mission_results (2)'!K6="","",'baseline_mission_results (2)'!K6) -> 211.612 | N6: =IF('baseline_mission_results (2)'!L6="","",'baseline_mission_results (2)'!L6) | O6: =IF(D6=TRUE,I6,"") | P6: =G6 -> 247.577
A7: ="Baseline" -> Baseline | B7: ='baseline_mission_results (2)'!A7 -> 6 | C7: ="Baseline-"&'baseline_mission_results (2)'!A7 -> Baseline-6 | D7: ='baseline_mission_results (2)'!B7 -> TRUE | E7: ='baseline_mission_results (2)'!C7 -> 0 | F7: ='baseline_mission_results (2)'!D7 -> 0 | G7: =IF('baseline_mission_results (2)'!E7="","",'baseline_mission_results (2)'!E7) -> 293.527 | H7: =IF('baseline_mission_results (2)'!F7="","",'baseline_mission_results (2)'!F7) -> 9.232 | I7: =IF('baseline_mission_results (2)'!G7="","",'baseline_mission_results (2)'!G7) -> 293.526 | J7: =IF('baseline_mission_results (2)'!H7="","",'baseline_mission_results (2)'!H7) -> 12.397 | K7: =IF('baseline_mission_results (2)'!I7="","",'baseline_mission_results (2)'!I7) -> 118.964 | L7: =IF('baseline_mission_results (2)'!J7="","",'baseline_mission_results (2)'!J7) -> 226.886 | M7: =IF('baseline_mission_results (2)'!K7="","",'baseline_mission_results (2)'!K7) -> 196.455 | N7: =IF('baseline_mission_results (2)'!L7="","",'baseline_mission_results (2)'!L7) -> 292.52 | O7: =IF(D7=TRUE,I7,"") -> 293.526 | P7: =G7 -> 293.527
A8: ="Baseline" -> Baseline | B8: ='baseline_mission_results (2)'!A8 -> 7 | C8: ="Baseline-"&'baseline_mission_results (2)'!A8 -> Baseline-7 | D8: ='baseline_mission_results (2)'!B8 -> TRUE | E8: ='baseline_mission_results (2)'!C8 -> 0 | F8: ='baseline_mission_results (2)'!D8 -> 0 | G8: =IF('baseline_mission_results (2)'!E8="","",'baseline_mission_results (2)'!E8) -> 311.838 | H8: =IF('baseline_mission_results (2)'!F8="","",'baseline_mission_results (2)'!F8) -> 9.443 | I8: =IF('baseline_mission_results (2)'!G8="","",'baseline_mission_results (2)'!G8) -> 311.837 | J8: =IF('baseline_mission_results (2)'!H8="","",'baseline_mission_results (2)'!H8) -> 14.11 | K8: =IF('baseline_mission_results (2)'!I8="","",'baseline_mission_results (2)'!I8) -> 132.508 | L8: =IF('baseline_mission_results (2)'!J8="","",'baseline_mission_results (2)'!J8) -> 244.051 | M8: =IF('baseline_mission_results (2)'!K8="","",'baseline_mission_results (2)'!K8) -> 208.243 | N8: =IF('baseline_mission_results (2)'!L8="","",'baseline_mission_results (2)'!L8) -> 310.831 | O8: =IF(D8=TRUE,I8,"") -> 311.837 | P8: =G8 -> 311.838
A9: ="Baseline" -> Baseline | B9: ='baseline_mission_results (2)'!A9 -> 8 | C9: ="Baseline-"&'baseline_mission_results (2)'!A9 -> Baseline-8 | D9: ='baseline_mission_results (2)'!B9 -> TRUE | E9: ='baseline_mission_results (2)'!C9 -> 0 | F9: ='baseline_mission_results (2)'!D9 -> 0 | G9: =IF('baseline_mission_results (2)'!E9="","",'baseline_mission_results (2)'!E9) -> 281.635 | H9: =IF('baseline_mission_results (2)'!F9="","",'baseline_mission_results (2)'!F9) -> 9.333 | I9: =IF('baseline_mission_results (2)'!G9="","",'baseline_mission_results (2)'!G9) -> 281.633 | J9: =IF('baseline_mission_results (2)'!H9="","",'baseline_mission_results (2)'!H9) -> 13.093 | K9: =IF('baseline_mission_results (2)'!I9="","",'baseline_mission_results (2)'!I9) -> 115.185 | L9: =IF('baseline_mission_results (2)'!J9="","",'baseline_mission_results (2)'!J9) -> 215.36 | M9: =IF('baseline_mission_results (2)'!K9="","",'baseline_mission_results (2)'!K9) -> 186.59 | N9: =IF('baseline_mission_results (2)'!L9="","",'baseline_mission_results (2)'!L9) -> 280.628 | O9: =IF(D9=TRUE,I9,"") -> 281.633 | P9: =G9 -> 281.635
A10: ="Baseline" -> Baseline | B10: ='baseline_mission_results (2)'!A10 -> 9 | C10: ="Baseline-"&'baseline_mission_results (2)'!A10 -> Baseline-9 | D10: ='baseline_mission_results (2)'!B10 -> TRUE | E10: ='baseline_mission_results (2)'!C10 -> 0 | F10: ='baseline_mission_results (2)'!D10 -> 0 | G10: =IF('baseline_mission_results (2)'!E10="","",'baseline_mission_results (2)'!E10) -> 280.591 | H10: =IF('baseline_mission_results (2)'!F10="","",'baseline_mission_results (2)'!F10) -> 9.181 | I10: =IF('baseline_mission_results (2)'!G10="","",'baseline_mission_results (2)'!G10) -> 280.589 | J10: =IF('baseline_mission_results (2)'!H10="","",'baseline_mission_results (2)'!H10) -> 12.348 | K10: =IF('baseline_mission_results (2)'!I10="","",'baseline_mission_results (2)'!I10) -> 114.71 | L10: =IF('baseline_mission_results (2)'!J10="","",'baseline_mission_results (2)'!J10) -> 212.951 | M10: =IF('baseline_mission_results (2)'!K10="","",'baseline_mission_results (2)'!K10) -> 188.499 | N10: =IF('baseline_mission_results (2)'!L10="","",'baseline_mission_results (2)'!L10) -> 279.582 | O10: =IF(D10=TRUE,I10,"") -> 280.589 | P10: =G10 -> 280.591
A11: ="Baseline" -> Baseline | B11: ='baseline_mission_results (2)'!A11 -> 10 | C11: ="Baseline-"&'baseline_mission_results (2)'!A11 -> Baseline-10 | D11: ='baseline_mission_results (2)'!B11 -> TRUE | E11: ='baseline_mission_results (2)'!C11 -> 0 | F11: ='baseline_mission_results (2)'!D11 -> 0 | G11: =IF('baseline_mission_results (2)'!E11="","",'baseline_mission_results (2)'!E11) -> 282.183 | H11: =IF('baseline_mission_results (2)'!F11="","",'baseline_mission_results (2)'!F11) -> 9.183 | I11: =IF('baseline_mission_results (2)'!G11="","",'baseline_mission_results (2)'!G11) -> 282.182 | J11: =IF('baseline_mission_results (2)'!H11="","",'baseline_mission_results (2)'!H11) -> 12.632 | K11: =IF('baseline_mission_results (2)'!I11="","",'baseline_mission_results (2)'!I11) -> 115.927 | L11: =IF('baseline_mission_results (2)'!J11="","",'baseline_mission_results (2)'!J11) -> 215.549 | M11: =IF('baseline_mission_results (2)'!K11="","",'baseline_mission_results (2)'!K11) -> 188.135 | N11: =IF('baseline_mission_results (2)'!L11="","",'baseline_mission_results (2)'!L11) -> 281.176 | O11: =IF(D11=TRUE,I11,"") -> 282.182 | P11: =G11 -> 282.183
A12: ="Baseline" -> Baseline | B12: ='baseline_mission_results (2)'!A12 -> 11 | C12: ="Baseline-"&'baseline_mission_results (2)'!A12 -> Baseline-11 | D12: ='baseline_mission_results (2)'!B12 -> TRUE | E12: ='baseline_mission_results (2)'!C12 -> 0 | F12: ='baseline_mission_results (2)'!D12 -> 0 | G12: =IF('baseline_mission_results (2)'!E12="","",'baseline_mission_results (2)'!E12) -> 278.131 | H12: =IF('baseline_mission_results (2)'!F12="","",'baseline_mission_results (2)'!F12) -> 9.433 | I12: =IF('baseline_mission_results (2)'!G12="","",'baseline_mission_results (2)'!G12) -> 278.129 | J12: =IF('baseline_mission_results (2)'!H12="","",'baseline_mission_results (2)'!H12) -> 11.598 | K12: =IF('baseline_mission_results (2)'!I12="","",'baseline_mission_results (2)'!I12) -> 109.611 | L12: =IF('baseline_mission_results (2)'!J12="","",'baseline_mission_results (2)'!J12) -> 211.197 | M12: =IF('baseline_mission_results (2)'!K12="","",'baseline_mission_results (2)'!K12) -> 185.597 | N12: =IF('baseline_mission_results (2)'!L12="","",'baseline_mission_results (2)'!L12) -> 277.124 | O12: =IF(D12=TRUE,I12,"") -> 278.129 | P12: =G12 -> 278.131
A13: ="Baseline" -> Baseline | B13: ='baseline_mission_results (2)'!A13 -> 12 | C13: ="Baseline-"&'baseline_mission_results (2)'!A13 -> Baseline-12 | D13: ='baseline_mission_results (2)'!B13 -> FALSE | E13: ='baseline_mission_results (2)'!C13 -> run_timeout | F13: ='baseline_mission_results (2)'!D13 -> Robot did not return to charging while trolley remained in orange drop-off before timeout, | G13: =IF('baseline_mission_results (2)'!E13="","",'baseline_mission_results (2)'!E13) -> 420.004 | H13: =IF('baseline_mission_results (2)'!F13="","",'baseline_mission_results (2)'!F13) -> 9.585 | I13: =IF('baseline_mission_results (2)'!G13="","",'baseline_mission_results (2)'!G13) | J13: =IF('baseline_mission_results (2)'!H13="","",'baseline_mission_results (2)'!H13) -> 11.749 | K13: =IF('baseline_mission_results (2)'!I13="","",'baseline_mission_results (2)'!I13) -> 114.452 | L13: =IF('baseline_mission_results (2)'!J13="","",'baseline_mission_results (2)'!J13) -> 215.891 | M13: =IF('baseline_mission_results (2)'!K13="","",'baseline_mission_results (2)'!K13) -> 186.762 | N13: =IF('baseline_mission_results (2)'!L13="","",'baseline_mission_results (2)'!L13) -> 281.82 | O13: =IF(D13=TRUE,I13,"") | P13: =G13 -> 420.004
... A51: ="Baseline" -> Baseline | B51: ='baseline_mission_results (2)'!A51 -> 50 | C51: ="Baseline-"&'baseline_mission_results (2)'!A51 -> Baseline-50 | D51: ='baseline_mission_results (2)'!B51 -> FALSE | E51: ='baseline_mission_results (2)'!C51 -> run_timeout | F51: ='baseline_mission_results (2)'!D51 -> Robot did not return to charging while trolley remained in orange drop-off before timeout, | G51: =IF('baseline_mission_results (2)'!E51="","",'baseline_mission_results (2)'!E51) -> 420.036 | H51: =IF('baseline_mission_results (2)'!F51="","",'baseline_mission_results (2)'!F51) -> 9.434 | I51: =IF('baseline_mission_results (2)'!G51="","",'baseline_mission_results (2)'!G51) | J51: =IF('baseline_mission_results (2)'!H51="","",'baseline_mission_results (2)'!H51) -> 13.169 | K51: =IF('baseline_mission_results (2)'!I51="","",'baseline_mission_results (2)'!I51) -> 113.447 | L51: =IF('baseline_mission_results (2)'!J51="","",'baseline_mission_results (2)'!J51) -> 217.792 | M51: =IF('baseline_mission_results (2)'!K51="","",'baseline_mission_results (2)'!K51) -> 188.677 | N51: =IF('baseline_mission_results (2)'!L51="","",'baseline_mission_results (2)'!L51) -> 282.713 | O51: =IF(D51=TRUE,I51,"") | P51: =G51 -> 420.036
A52: ="Baseline with ArUco" -> Baseline with ArUco | B52: =baseline_mission_results_with_a!A2 -> 1 | C52: ="ArUco-"&baseline_mission_results_with_a!A2 -> ArUco-1 | D52: =baseline_mission_results_with_a!B2 -> TRUE | E52: =baseline_mission_results_with_a!C2 -> 0 | F52: =baseline_mission_results_with_a!D2 -> 0 | G52: =IF(baseline_mission_results_with_a!E2="","",baseline_mission_results_with_a!E2) -> 266.313 | H52: =IF(baseline_mission_results_with_a!F2="","",baseline_mission_results_with_a!F2) -> 9.833 | I52: =IF(baseline_mission_results_with_a!G2="","",baseline_mission_results_with_a!G2) -> 266.309 | J52: =IF(baseline_mission_results_with_a!H2="","",baseline_mission_results_with_a!H2) -> 12.001 | K52: =IF(baseline_mission_results_with_a!I2="","",baseline_mission_results_with_a!I2) -> 128.278 | L52: =IF(baseline_mission_results_with_a!J2="","",baseline_mission_results_with_a!J2) -> 199.247 | M52: =IF(baseline_mission_results_with_a!K2="","",baseline_mission_results_with_a!K2) -> 169.131 | N52: =IF(baseline_mission_results_with_a!L2="","",baseline_mission_results_with_a!L2) -> 265.3 | O52: =IF(D52=TRUE,I52,"") -> 266.309 | P52: =G52 -> 266.313
A53: ="Baseline with ArUco" -> Baseline with ArUco | B53: =baseline_mission_results_with_a!A3 -> 2 | C53: ="ArUco-"&baseline_mission_results_with_a!A3 -> ArUco-2 | D53: =baseline_mission_results_with_a!B3 -> TRUE | E53: =baseline_mission_results_with_a!C3 -> 0 | F53: =baseline_mission_results_with_a!D3 -> 0 | G53: =IF(baseline_mission_results_with_a!E3="","",baseline_mission_results_with_a!E3) -> 261.538 | H53: =IF(baseline_mission_results_with_a!F3="","",baseline_mission_results_with_a!F3) -> 9.785 | I53: =IF(baseline_mission_results_with_a!G3="","",baseline_mission_results_with_a!G3) -> 261.535 | J53: =IF(baseline_mission_results_with_a!H3="","",baseline_mission_results_with_a!H3) -> 14.758 | K53: =IF(baseline_mission_results_with_a!I3="","",baseline_mission_results_with_a!I3) -> 127.565 | L53: =IF(baseline_mission_results_with_a!J3="","",baseline_mission_results_with_a!J3) -> 194.599 | M53: =IF(baseline_mission_results_with_a!K3="","",baseline_mission_results_with_a!K3) -> 168.358 | N53: =IF(baseline_mission_results_with_a!L3="","",baseline_mission_results_with_a!L3) -> 260.528 | O53: =IF(D53=TRUE,I53,"") -> 261.535 | P53: =G53 -> 261.538
A54: ="Baseline with ArUco" -> Baseline with ArUco | B54: =baseline_mission_results_with_a!A4 -> 3 | C54: ="ArUco-"&baseline_mission_results_with_a!A4 -> ArUco-3 | D54: =baseline_mission_results_with_a!B4 -> TRUE | E54: =baseline_mission_results_with_a!C4 -> 0 | F54: =baseline_mission_results_with_a!D4 -> 0 | G54: =IF(baseline_mission_results_with_a!E4="","",baseline_mission_results_with_a!E4) -> 265.001 | H54: =IF(baseline_mission_results_with_a!F4="","",baseline_mission_results_with_a!F4) -> 9.735 | I54: =IF(baseline_mission_results_with_a!G4="","",baseline_mission_results_with_a!G4) -> 264.999 | J54: =IF(baseline_mission_results_with_a!H4="","",baseline_mission_results_with_a!H4) -> 12.156 | K54: =IF(baseline_mission_results_with_a!I4="","",baseline_mission_results_with_a!I4) -> 127.807 | L54: =IF(baseline_mission_results_with_a!J4="","",baseline_mission_results_with_a!J4) -> 198.572 | M54: =IF(baseline_mission_results_with_a!K4="","",baseline_mission_results_with_a!K4) -> 168.802 | N54: =IF(baseline_mission_results_with_a!L4="","",baseline_mission_results_with_a!L4) -> 263.991 | O54: =IF(D54=TRUE,I54,"") -> 264.999 | P54: =G54 -> 265.001
A55: ="Baseline with ArUco" -> Baseline with ArUco | B55: =baseline_mission_results_with_a!A5 -> 4 | C55: ="ArUco-"&baseline_mission_results_with_a!A5 -> ArUco-4 | D55: =baseline_mission_results_with_a!B5 -> FALSE | E55: =baseline_mission_results_with_a!C5 -> local_target_timeout | F55: =baseline_mission_results_with_a!D5 -> [python3-22] [ERROR] [1783093847.752841244] [nav2_trolley_mission_controller]: Local target 'drop-off center' timed out: distance=0.029, yaw=+5.26 deg | G55: =IF(baseline_mission_results_with_a!E5="","",baseline_mission_results_with_a!E5) -> 215.213 | H55: =IF(baseline_mission_results_with_a!F5="","",baseline_mission_results_with_a!F5) -> 9.789 | I55: =IF(baseline_mission_results_with_a!G5="","",baseline_mission_results_with_a!G5) | J55: =IF(baseline_mission_results_with_a!H5="","",baseline_mission_results_with_a!H5) -> 17.462 | K55: =IF(baseline_mission_results_with_a!I5="","",baseline_mission_results_with_a!I5) -> 131.306 | L55: =IF(baseline_mission_results_with_a!J5="","",baseline_mission_results_with_a!J5) | M55: =IF(baseline_mission_results_with_a!K5="","",baseline_mission_results_with_a!K5) -> 175.62 | N55: =IF(baseline_mission_results_with_a!L5="","",baseline_mission_results_with_a!L5) | O55: =IF(D55=TRUE,I55,"") | P55: =G55 -> 215.213
A56: ="Baseline with ArUco" -> Baseline with ArUco | B56: =baseline_mission_results_with_a!A6 -> 5 | C56: ="ArUco-"&baseline_mission_results_with_a!A6 -> ArUco-5 | D56: =baseline_mission_results_with_a!B6 -> FALSE | E56: =baseline_mission_results_with_a!C6 -> local_target_timeout | F56: =baseline_mission_results_with_a!D6 -> [python3-22] [ERROR] [1783094053.707800312] [nav2_trolley_mission_controller]: Local target 'drop-off center' timed out: distance=0.028, yaw=+1.86 deg | G56: =IF(baseline_mission_results_with_a!E6="","",baseline_mission_results_with_a!E6) -> 205.101 | H56: =IF(baseline_mission_results_with_a!F6="","",baseline_mission_results_with_a!F6) -> 9.884 | I56: =IF(baseline_mission_results_with_a!G6="","",baseline_mission_results_with_a!G6) | J56: =IF(baseline_mission_results_with_a!H6="","",baseline_mission_results_with_a!H6) -> 12.05 | K56: =IF(baseline_mission_results_with_a!I6="","",baseline_mission_results_with_a!I6) -> 125.726 | L56: =IF(baseline_mission_results_with_a!J6="","",baseline_mission_results_with_a!J6) | M56: =IF(baseline_mission_results_with_a!K6="","",baseline_mission_results_with_a!K6) -> 165.662 | N56: =IF(baseline_mission_results_with_a!L6="","",baseline_mission_results_with_a!L6) | O56: =IF(D56=TRUE,I56,"") | P56: =G56 -> 205.101
A57: ="Baseline with ArUco" -> Baseline with ArUco | B57: =baseline_mission_results_with_a!A7 -> 6 | C57: ="ArUco-"&baseline_mission_results_with_a!A7 -> ArUco-6 | D57: =baseline_mission_results_with_a!B7 -> TRUE | E57: =baseline_mission_results_with_a!C7 -> 0 | F57: =baseline_mission_results_with_a!D7 -> 0 | G57: =IF(baseline_mission_results_with_a!E7="","",baseline_mission_results_with_a!E7) -> 258.71 | H57: =IF(baseline_mission_results_with_a!F7="","",baseline_mission_results_with_a!F7) -> 9.885 | I57: =IF(baseline_mission_results_with_a!G7="","",baseline_mission_results_with_a!G7) -> 258.708 | J57: =IF(baseline_mission_results_with_a!H7="","",baseline_mission_results_with_a!H7) -> 14.411 | K57: =IF(baseline_mission_results_with_a!I7="","",baseline_mission_results_with_a!I7) -> 125.082 | L57: =IF(baseline_mission_results_with_a!J7="","",baseline_mission_results_with_a!J7) -> 191.971 | M57: =IF(baseline_mission_results_with_a!K7="","",baseline_mission_results_with_a!K7) -> 165.023 | N57: =IF(baseline_mission_results_with_a!L7="","",baseline_mission_results_with_a!L7) -> 257.701 | O57: =IF(D57=TRUE,I57,"") -> 258.708 | P57: =G57 -> 258.71
A58: ="Baseline with ArUco" -> Baseline with ArUco | B58: =baseline_mission_results_with_a!A8 -> 7 | C58: ="ArUco-"&baseline_mission_results_with_a!A8 -> ArUco-7 | D58: =baseline_mission_results_with_a!B8 -> TRUE | E58: =baseline_mission_results_with_a!C8 -> 0 | F58: =baseline_mission_results_with_a!D8 -> 0 | G58: =IF(baseline_mission_results_with_a!E8="","",baseline_mission_results_with_a!E8) -> 266.349 | H58: =IF(baseline_mission_results_with_a!F8="","",baseline_mission_results_with_a!F8) -> 9.84 | I58: =IF(baseline_mission_results_with_a!G8="","",baseline_mission_results_with_a!G8) -> 266.346 | J58: =IF(baseline_mission_results_with_a!H8="","",baseline_mission_results_with_a!H8) -> 12.006 | K58: =IF(baseline_mission_results_with_a!I8="","",baseline_mission_results_with_a!I8) -> 128.332 | L58: =IF(baseline_mission_results_with_a!J8="","",baseline_mission_results_with_a!J8) -> 199.37 | M58: =IF(baseline_mission_results_with_a!K8="","",baseline_mission_results_with_a!K8) -> 169.133 | N58: =IF(baseline_mission_results_with_a!L8="","",baseline_mission_results_with_a!L8) -> 265.338 | O58: =IF(D58=TRUE,I58,"") -> 266.346 | P58: =G58 -> 266.349
A59: ="Baseline with ArUco" -> Baseline with ArUco | B59: =baseline_mission_results_with_a!A9 -> 8 | C59: ="ArUco-"&baseline_mission_results_with_a!A9 -> ArUco-8 | D59: =baseline_mission_results_with_a!B9 -> TRUE | E59: =baseline_mission_results_with_a!C9 -> 0 | F59: =baseline_mission_results_with_a!D9 -> 0 | G59: =IF(baseline_mission_results_with_a!E9="","",baseline_mission_results_with_a!E9) -> 258.055 | H59: =IF(baseline_mission_results_with_a!F9="","",baseline_mission_results_with_a!F9) -> 9.837 | I59: =IF(baseline_mission_results_with_a!G9="","",baseline_mission_results_with_a!G9) -> 258.053 | J59: =IF(baseline_mission_results_with_a!H9="","",baseline_mission_results_with_a!H9) -> 13.258 | K59: =IF(baseline_mission_results_with_a!I9="","",baseline_mission_results_with_a!I9) -> 123.789 | L59: =IF(baseline_mission_results_with_a!J9="","",baseline_mission_results_with_a!J9) -> 191.223 | M59: =IF(baseline_mission_results_with_a!K9="","",baseline_mission_results_with_a!K9) -> 163.873 | N59: =IF(baseline_mission_results_with_a!L9="","",baseline_mission_results_with_a!L9) -> 257.046 | O59: =IF(D59=TRUE,I59,"") -> 258.053 | P59: =G59 -> 258.055
A60: ="Baseline with ArUco" -> Baseline with ArUco | B60: =baseline_mission_results_with_a!A10 -> 9 | C60: ="ArUco-"&baseline_mission_results_with_a!A10 -> ArUco-9 | D60: =baseline_mission_results_with_a!B10 -> FALSE | E60: =baseline_mission_results_with_a!C10 -> run_timeout | F60: =baseline_mission_results_with_a!D10 -> Robot did not return to charging while trolley remained in orange drop-off before timeout. | G60: =IF(baseline_mission_results_with_a!E10="","",baseline_mission_results_with_a!E10) -> 420.043 | H60: =IF(baseline_mission_results_with_a!F10="","",baseline_mission_results_with_a!F10) -> 9.691 | I60: =IF(baseline_mission_results_with_a!G10="","",baseline_mission_results_with_a!G10) | J60: =IF(baseline_mission_results_with_a!H10="","",baseline_mission_results_with_a!H10) -> 12.407 | K60: =IF(baseline_mission_results_with_a!I10="","",baseline_mission_results_with_a!I10) -> 176.668 | L60: =IF(baseline_mission_results_with_a!J10="","",baseline_mission_results_with_a!J10) -> 251.566 | M60: =IF(baseline_mission_results_with_a!K10="","",baseline_mission_results_with_a!K10) -> 222.454 | N60: =IF(baseline_mission_results_with_a!L10="","",baseline_mission_results_with_a!L10) -> 317.627 | O60: =IF(D60=TRUE,I60,"") | P60: =G60 -> 420.043
A61: ="Baseline with ArUco" -> Baseline with ArUco | B61: =baseline_mission_results_with_a!A11 -> 10 | C61: ="ArUco-"&baseline_mission_results_with_a!A11 -> ArUco-10 | D61: =baseline_mission_results_with_a!B11 -> TRUE | E61: =baseline_mission_results_with_a!C11 -> 0 | F61: =baseline_mission_results_with_a!D11 -> 0 | G61: =IF(baseline_mission_results_with_a!E11="","",baseline_mission_results_with_a!E11) -> 261.863 | H61: =IF(baseline_mission_results_with_a!F11="","",baseline_mission_results_with_a!F11) -> 9.892 | I61: =IF(baseline_mission_results_with_a!G11="","",baseline_mission_results_with_a!G11) -> 261.861 | J61: =IF(baseline_mission_results_with_a!H11="","",baseline_mission_results_with_a!H11) -> 12.058 | K61: =IF(baseline_mission_results_with_a!I11="","",baseline_mission_results_with_a!I11) -> 125.377 | L61: =IF(baseline_mission_results_with_a!J11="","",baseline_mission_results_with_a!J11) -> 195.384 | M61: =IF(baseline_mission_results_with_a!K11="","",baseline_mission_results_with_a!K11) -> 165.164 | N61: =IF(baseline_mission_results_with_a!L11="","",baseline_mission_results_with_a!L11) -> 260.854 | O61: =IF(D61=TRUE,I61,"") -> 261.861 | P61: =G61 -> 261.863
A62: ="Baseline with ArUco" -> Baseline with ArUco | B62: =baseline_mission_results_with_a!A12 -> 11 | C62: ="ArUco-"&baseline_mission_results_with_a!A12 -> ArUco-11 | D62: =baseline_mission_results_with_a!B12 -> FALSE | E62: =baseline_mission_results_with_a!C12 -> local_target_timeout | F62: =baseline_mission_results_with_a!D12 -> [python3-22] [ERROR] [1783095725.510524969] [nav2_trolley_mission_controller]: Local target 'drop-off center' timed out: distance=0.029, yaw=+5.31 deg | G62: =IF(baseline_mission_results_with_a!E12="","",baseline_mission_results_with_a!E12) -> 203.163 | H62: =IF(baseline_mission_results_with_a!F12="","",baseline_mission_results_with_a!F12) -> 9.935 | I62: =IF(baseline_mission_results_with_a!G12="","",baseline_mission_results_with_a!G12) | J62: =IF(baseline_mission_results_with_a!H12="","",baseline_mission_results_with_a!H12) -> 12.102 | K62: =IF(baseline_mission_results_with_a!I12="","",baseline_mission_results_with_a!I12) -> 124.374 | L62: =IF(baseline_mission_results_with_a!J12="","",baseline_mission_results_with_a!J12) | M62: =IF(baseline_mission_results_with_a!K12="","",baseline_mission_results_with_a!K12) -> 163.72 | N62: =IF(baseline_mission_results_with_a!L12="","",baseline_mission_results_with_a!L12) | O62: =IF(D62=TRUE,I62,"") | P62: =G62 -> 203.163
A63: ="Baseline with ArUco" -> Baseline with ArUco | B63: =baseline_mission_results_with_a!A13 -> 12 | C63: ="ArUco-"&baseline_mission_results_with_a!A13 -> ArUco-12 | D63: =baseline_mission_results_with_a!B13 -> FALSE | E63: =baseline_mission_results_with_a!C13 -> holonomic_goal_timeout | F63: =baseline_mission_results_with_a!D13 -> [python3-22] [ERROR] [1783095965.449069465] [nav2_trolley_mission_controller]: Holonomic goal 'drop-off approach' timed out: distance=0.043, yaw=117.7 deg | G63: =IF(baseline_mission_results_with_a!E13="","",baseline_mission_results_with_a!E13) -> 239.045 | H63: =IF(baseline_mission_results_with_a!F13="","",baseline_mission_results_with_a!F13) -> 9.784 | I63: =IF(baseline_mission_results_with_a!G13="","",baseline_mission_results_with_a!G13) | J63: =IF(baseline_mission_results_with_a!H13="","",baseline_mission_results_with_a!H13) -> 13.464 | K63: =IF(baseline_mission_results_with_a!I13="","",baseline_mission_results_with_a!I13) -> 128.983 | L63: =IF(baseline_mission_results_with_a!J13="","",baseline_mission_results_with_a!J13) | M63: =IF(baseline_mission_results_with_a!K13="","",baseline_mission_results_with_a!K13) | N63: =IF(baseline_mission_results_with_a!L13="","",baseline_mission_results_with_a!L13) | O63: =IF(D63=TRUE,I63,"") | P63: =G63 -> 239.045
... A76: ="Baseline with ArUco" -> Baseline with ArUco | B76: =baseline_mission_results_with_a!A26 -> 25 | C76: ="ArUco-"&baseline_mission_results_with_a!A26 -> ArUco-25 | D76: =baseline_mission_results_with_a!B26 -> FALSE | E76: =baseline_mission_results_with_a!C26 -> local_target_timeout | F76: =baseline_mission_results_with_a!D26 -> [python3-22] [ERROR] [1783099138.754413938] [nav2_trolley_mission_controller]: Local target 'drop-off center' timed out: distance=0.027, yaw=-0.37 deg | G76: =IF(baseline_mission_results_with_a!E26="","",baseline_mission_results_with_a!E26) -> 213.856 | H76: =IF(baseline_mission_results_with_a!F26="","",baseline_mission_results_with_a!F26) -> 9.89 | I76: =IF(baseline_mission_results_with_a!G26="","",baseline_mission_results_with_a!G26) | J76: =IF(baseline_mission_results_with_a!H26="","",baseline_mission_results_with_a!H26) -> 13.058 | K76: =IF(baseline_mission_results_with_a!I26="","",baseline_mission_results_with_a!I26) -> 134.235 | L76: =IF(baseline_mission_results_with_a!J26="","",baseline_mission_results_with_a!J26) | M76: =IF(baseline_mission_results_with_a!K26="","",baseline_mission_results_with_a!K26) -> 174.728 | N76: =IF(baseline_mission_results_with_a!L26="","",baseline_mission_results_with_a!L26) | O76: =IF(D76=TRUE,I76,"") | P76: =G76 -> 213.856
