Workbook

Sheet Handnotes
A1: count (y/n) | B1: Test | C1: Trolley orientation | D1: Type | E1: Side align | F1: Notes | G1: Check type | H1: Drive under | I1: notes | J1: fine align | K1: fine align extra light | L1: notes | M1: docking | N1: notes | O1: deliver | P1: drive out | Q1: return charging
A2: y | B2: 1 | C2: Normal | D2: Trash Trolley | E2: success | G2: correct | H2: success | J2: success | K2: NO | M2: success | O2: success | P2: success | Q2: success
A3: y | B3: 2 | C3: Normal | D3: Trash Trolley | E3: success | G3: correct | H3: success | J3: success | K3: NO | M3: success | O3: success | P3: success | Q3: success
A4: y | B4: 3 | C4: Flipped 180 deg | D4: Trash Trolley | E4: success | G4: correct | H4: success | J4: success | K4: YES | L4: too_dark_added light_new_fine_aling_try fine align with light worked but not exact enough | M4: unsuccessfull | N4: docking unsuccessfull_helped_docking | O4: success | P4: success | Q4: success
A5: y | B5: 4 | C5: Flipped 180 deg | D5: Laundry Trolley | E5: success | G5: correct | H5: success | J5: success | K5: NO | M5: success | O5: success | P5: success | Q5: success
A6: y | B6: 5 | C6: Flipped 180 deg | D6: Laundry Trolley | E6: success | G6: correct | H6: success | J6: unsuccessfull | K6: YES | L6: too_dark_added light_new_fine_aling_try | M6: unsuccessfull | N6: docking unsuccessfull_helped_docking | O6: success | P6: success | Q6: success
A7: y | B7: 6 | C7: Normal | D7: Laundry Trolley | E7: success | G7: correct | H7: success | J7: success | K7: NO | M7: success | O7: success | P7: success | Q7: success
A8: y | B8: 7 | C8: Normal | D8: Laundry Trolley | E8: success | G8: correct | H8: success | J8: success | K8: NO | M8: success | O8: success | P8: success | Q8: success
A10: y | B10: 9 | C10: Flipped 180 deg | D10: Trash Trolley | E10: success | G10: correct | H10: success | J10: success | K10: NO | M10: success | O10: success | P10: success | Q10: success
A13: y | B13: 12 | C13: Normal | D13: Trash Trolley | E13: partial | F13: needed retry | G13: correct | H13: success | J13: success | K13: NO | M13: success | O13: success | P13: success | Q13: success
A14: y | B14: 13 | C14: Normal | D14: Trash Trolley | E14: success | G14: correct | H14: success | J14: success | K14: YES | M14: success | O14: success | P14: success | Q14: success
A15: y | B15: 14 | C15: Normal | D15: Trash Trolley | E15: success | G15: correct | H15: unsuccessfull
A16: y | B16: 15 | C16: Normal | D16: Trash Trolley | E16: success | G16: correct | H16: success | J16: success | K16: NO | M16: success | O16: success | P16: success | Q16: success
A17: y | B17: 16 | C17: Flipped 180 deg | D17: Laundry Trolley | E17: unsuccessfull | F17: success on second2 | G17: correct | H17: success | I17: too far but did drive under | J17: unsuccessfull | K17: YES | M17: unsuccessfull
A18: y | B18: 17 | C18: Flipped 180 deg | D18: Laundry Trolley | E18: success | G18: correct | H18: success | I18: too far but did drive under | J18: success | K18: YES | L18: with light fine align but still not exact enough | M18: unsuccessfull | O18: success | P18: success | Q18: success
A19: y | B19: 18 | C19: Flipped 180 deg | D19: Laundry Trolley | E19: success | G19: correct | H19: success | J19: success | K19: YES | L19: after changing target value | M19: partial | O19: success | P19: success | Q19: success
A20: y | B20: 19 | C20: Flipped 180 deg | D20: Laundry Trolley | E20: partial | F20: needed retry/ move an centimeter | G20: correct | H20: success | J20: success | K20: YES | M20: success | O20: success | P20: success | Q20: success
A21: y | B21: 20 | C21: Normal | D21: Laundry Trolley | E21: partial | F21: needed retry/ drove to far | G21: correct | H21: success | J21: success | K21: YES | M21: success | O21: success | P21: success | Q21: success
F22: restart robot, aruko node crashed and goal pose got too unreliable
A23: y | B23: 21 | C23: Normal | D23: Laundry Trolley | E23: success | G23: correct | H23: success | J23: success | K23: YES | M23: success | O23: success | P23: success | Q23: success
A24: y | B24: 22 | C24: Normal | D24: Laundry Trolley | E24: unsuccessfull | F24: drove to far, corrected | G24: correct | H24: unsuccessful
A25: y | B25: 23 | C25: Normal | D25: Laundry Trolley | E25: success | G25: correct | H25: success | J25: partial | K25: YES | L25: wheels in way after moving wheel success | M25: partial | O25: unsuccessfull | P25: unsuccessfull
A26: y | B26: 24 | C26: Flipped 180 deg | D26: Trash Trolley | E26: success | G26: correct | H26: unsuccessfull | I26: f hit wheels
F27: cleaned wheels , two more aruco crashes --> fixed arucu node
A28: y | B28: 25 | C28: Flipped 180 deg | D28: Trash Trolley | E28: success | G28: correct | H28: success | J28: success | K28: YES | M28: success | O28: success | P28: success | Q28: success
A29: y | B29: 26 | C29: Flipped 180 deg | D29: Trash Trolley | E29: success | G29: correct | H29: success | J29: success | K29: YES | M29: success | O29: success | P29: success | Q29: success
A30: y | B30: 27 | C30: Flipped 180 deg | D30: Trash Trolley | E30: success | G30: correct | H30: success | J30: success | K30: YES | M30: success | O30: success | P30: success | Q30: success
A31: y | B31: 28 | C31: Normal | D31: Trash Trolley | E31: partial | F31: drove to far, corrected | G31: correct | H31: success | J31: success | K31: YES | M31: success | O31: success | P31: success | Q31: success
A32: y | B32: 29 | C32: Normal | D32: Trash Trolley | E32: success | G32: correct | H32: success | J32: success | K32: YES | M32: success | O32: success | P32: success | Q32: success
A33: y | B33: 30 | C33: Normal | D33: Trash Trolley | E33: success | G33: correct | H33: success | J33: success | K33: YES | M33: success | O33: success | P33: success | Q33: success
A34: y | B34: 31 | C34: Normal | D34: Trash Trolley | E34: success | G34: correct | H34: success | J34: success | K34: YES | L34: needed a second try | M34: partial | N34: needed second try | O34: success | P34: success | Q34: success
A35: y | B35: 32 | C35: Flipped 180 deg | D35: Laundry Trolley | E35: success | G35: correct | H35: success | J35: success | K35: YES | L35: needed a second try | M35: partial | N35: needed second try | O35: success | P35: success | Q35: success
A36: y | B36: 33 | C36: Flipped 180 deg | D36: Laundry Trolley | E36: success | G36: correct | H36: success | J36: unsuccessfull | K36: YES | M36: unsuccessfull | O36: success | P36: success | Q36: success
A37: n | B37: 34 | C37: Flipped 180 deg | D37: Laundry Trolley | E37: success | F37: aruco node died failed restart robot | G37: correct
A39: y | B39: 35 | C39: Flipped 180 deg | D39: Laundry Trolley | E39: success | G39: correct | H39: success | J39: success | K39: YES | M39: success | O39: success | P39: success | Q39: success
A40: y | B40: 36 | C40: Normal | D40: Laundry Trolley | E40: unsuccessfull | F40: needed more time (2ndcommand) | G40: correct | H40: unsuccessfull
A41: y | B41: 37 | C41: Normal | D41: Laundry Trolley | E41: success | G41: correct | H41: success | J41: success | K41: YES | M41: unsuccessfull | O41: success | P41: unsuccessfull
A42: y | B42: 38 | C42: Normal | D42: Laundry Trolley | E42: success | G42: correct | H42: unsuccessfull
A43: y | B43: 39 | C43: Normal | D43: Laundry Trolley | E43: success | G43: correct | H43: unsuccessfull | I43: f hit wheel | J43: partial | K43: YES | L43: succeded after restarting aruko node | M43: unsuccessfull
A44: y | B44: 40 | C44: Flipped 180 deg | D44: Trash Trolley | E44: success | G44: correct | H44: success | J44: unsuccessfull | K44: YES | M44: unsuccessfull
A45: n | B45: 41 | C45: Flipped 180 deg | D45: Trash Trolley | E45: success | G45: correct | H45: success | J45: unsuccessfull | L45: lost camera signal
F46: restarted robot
A47: y | B47: 42 | C47: Flipped 180 deg | D47: Trash Trolley | E47: unsuccessfull | F47: no logs available ,drove to far | G47: correct | H47: unsuccessfull
A48: y | B48: 43 | C48: Flipped 180 deg | D48: Trash Trolley | E48: success | G48: correct | H48: success | J48: success | K48: YES | M48: success | O48: success | P48: success | Q48: success
A49: n | B49: 44 | C49: Normal | D49: Trash Trolley | E49: unsuccessfull | F49: lost camera again - only empty_trolleys now
H51: Drove to charging zone
A52: y | B52: 45 | C52: Normal | D52: empty | E52: success | G52: correct | H52: drove
A53: y | B53: 46 | C53: Normal | D53: empty | E53: success | G53: correct | H53: goal failed | J53: too close too trolley
A54: y | B54: 47 | C54: Normal | D54: empty | E54: success | G54: correct | H54: goal failed | J54: too close too trolley
A55: y | B55: 48 | C55: Normal | D55: empty | E55: success | G55: correct | H55: drove
A56: y | B56: 49 | C56: Flipped 180 deg | D56: empty | E56: success | G56: correct | H56: drove | J56: 2nd cmd charging
A57: y | B57: 50 | C57: Flipped 180 deg | D57: empty | E57: success | G57: correct | H57: drove | J57: 2nd cmd charging
A58: y | B58: 51 | C58: Flipped 180 deg | D58: empty | E58: success | G58: correct | H58: drove | J58: 2nd cmd charging
A59: y | B59: 52 | C59: Flipped 180 deg | D59: empty | E59: success | G59: correct | H59: drove | J59: 2nd cmd charging
A60: y | B60: 53 | C60: Normal | D60: empty | E60: unsuccessfull | F60: drove too far, repostitioned robot | G60: correct | H60: drove | J60: 2nd cmd charging
A61: y | B61: 54 | C61: Normal | D61: empty | E61: success | G61: correct | H61: drove
A62: y | B62: 55 | C62: Normal | D62: empty | E62: success | G62: correct | H62: drove | J62: 2nd cmd charging
A63: y | B63: 56 | C63: Normal | D63: empty | E63: success | G63: nothing detected | H63: drove | J63: 2nd cmd charging
A64: y | B64: 57 | C64: Flipped 180 deg | D64: empty | E64: success | G64: correct | H64: drove
A65: y | B65: 58 | C65: Flipped 180 deg | D65: empty | E65: success | G65: correct | H65: drove
A66: y | B66: 59 | C66: Flipped 180 deg | D66: empty | E66: success | G66: correct | H66: drove | J66: 2nd cmd charging
H78: Laundry&Trash Drive under | K78: Docking total | N78: Deliver | P78: Drive out
D79: Full success | E79: =COUNTIF(E2:E66,"success") -> 46 | F79: Correct | G79: =COUNTIF(G2:G66,"correct") -> 54 | H79: Full success | I79: =COUNTIF(H2:H66,"success") -> 32 | K79: Full success | L79: =COUNTIF(M2:M66,"success") -> 20 | N79: Full success | O79: =COUNTIF(O2:O66,"success") -> 28 | P79: Full success | Q79: =COUNTIF(P2:P66,"success") -> 27
D80: Partial success | E80: =COUNTIF(E2:E66,"partial") -> 4 | F80: Incorrect | G80: =COUNTIF(G2:G66,"incorrect") -> 0 | H80: Partial success | I80: =COUNTIF(H2:H66,"partial") -> 0 | K80: Partial success | L80: =COUNTIF(M2:M66,"partial") -> 4 | N80: Partial success | O80: =COUNTIF(O2:O66,"partial") -> 0 | P80: Partial success | Q80: =COUNTIF(P2:P66,"partial") -> 0
D81: Unsuccussfull | E81: =COUNTIF(E2:E66,"unsuccessfull") -> 6 | F81: nothing detected | G81: =COUNTIF(G2:G66,"nothing detected") -> 1 | H81: Unsuccussfull | I81: =COUNTIF(H2:H66,"unsuccessfull") -> 6 | K81: Unsuccussfull | L81: =COUNTIF(M2:M66,"unsuccessfull") -> 8 | N81: Unsuccussfull | O81: =COUNTIF(O2:O66,"unsuccessfull") -> 1 | P81: Unsuccussfull | Q81: =COUNTIF(P2:P66,"unsuccessfull") -> 2
H82: Empty - send warning drive back charging
E83: Side align failed due to bad odometrie (drove too far) | H83: Drove | I83: =COUNTIF(H2:H66,"drove") -> 13 | K83: Docking without light
E84: 6 times | H84: Goal failed | I84: =COUNTIF(H6:H70,"goal failed") -> 2 | K84: Full success | L84: =COUNTIFS(M2:M66,"success",K2:K66,"YES") -> 12
K85: Partial success | L85: =COUNTIFS(M2:M66,"partial",K2:K66,"YES") -> 4
E86: Aruco node died | K86: Unsuccussfull | L86: =COUNTIFS(M2:M66,"unsuccessfull",K2:K66,"YES") -> 8
E87: 5 | H87: Amount counted runs laundry trash | I87: =COUNTIF(A2:A49,"y") -> 38
H88: Whole run success with docking (laundry/Trash) | I88: 15
A92: excluded
A93: n | B93: 8 | C93: Flipped 180 deg | D93: Trash Trolley | E93: unsuccessfull | F93: trolley wroong positioned exclude run
A94: n | B94: 10 | C94: Flipped 180 deg | D94: Trash Trolley | E94: unsuccessfull | F94: aruko node died
A95: n | B95: 11 | C95: Flipped 180 deg | D95: Trash Trolley | E95: unsuccessfull | F95: aruko node died

Sheet Event_logs
A1: Run Id Manual | B1: wall_time | C1: ros_time_sec | D1: run_id | E1: elapsed_sec | F1: event_type | G1: source | H1: label | I1: data
B2: 2026-06-19_13-35-38-302756 | C2: 1.7818689e+15 | D2: 20260619_133538 | E2: 0.000 | F2: run_start | G2: logger | H2: command_trolley_ready
B3: 2026-06-19_13-35-38-304263 | C3: 1.7818689e+15 | D3: 20260619_133538 | E3: 0.002 | F3: command | G3: trolley_command | H3: trolley_ready | I3: trolley_ready
B4: 2026-06-19_13-35-38-307258 | C4: 1.7818689e+15 | D4: 20260619_133538 | E4: 0.005 | F4: dropzone_status | G4: dropzone | H4: approach_goal_sent | I4: approach_goal_sent. Inspect the robot pose, then approve side alignment with: ros2 topic pub --once /trolley_command std_msgs/msg/String "{data: 'side_align'}"
B5: 2026-06-19_13-36-11-270822 | C5: 1.781869e+15 | D5: 20260619_133538 | E5: 32968 | F5: run_end | G5: logger | H5: auto_closed_before_command_trolley_ready
B6: 2026-06-19_13-36-11-272558 | C6: 1.781869e+15 | D6: 20260619_133611 | E6: 0.000 | F6: run_start | G6: logger | H6: command_trolley_ready
B7: 2026-06-19_13-36-11-273476 | C7: 1.781869e+15 | D7: 20260619_133611 | E7: 0.001 | F7: command | G7: trolley_command | H7: trolley_ready | I7: trolley_ready
B8: 2026-06-19_13-36-11-276228 | C8: 1.781869e+15 | D8: 20260619_133611 | E8: 0.004 | F8: dropzone_status | G8: dropzone | H8: approach_goal_sent | I8: approach_goal_sent. Inspect the robot pose, then approve side alignment with: ros2 topic pub --once /trolley_command std_msgs/msg/String "{data: 'side_align'}"
B9: 2026-06-19_13-37-08-194963 | C9: 1.781869e+15 | D9: 20260619_133611 | E9: 56923 | F9: run_end | G9: logger | H9: auto_closed_before_command_trolley_ready
A10: 1 | B10: 2026-06-19_13-37-08-197502 | C10: 1.781869e+15 | D10: 20260619_133708 | E10: 0.000 | F10: run_start | G10: logger | H10: command_trolley_ready
A11: 1 | B11: 2026-06-19_13-37-08-199036 | C11: 1.781869e+15 | D11: 20260619_133708 | E11: 0.002 | F11: command | G11: trolley_command | H11: trolley_ready | I11: trolley_ready
A12: 1 | B12: 2026-06-19_13-37-08-203294 | C12: 1.781869e+15 | D12: 20260619_133708 | E12: 0.006 | F12: dropzone_status | G12: dropzone | H12: approach_goal_sent | I12: approach_goal_sent. Inspect the robot pose, then approve side alignment with: ros2 topic pub --once /trolley_command std_msgs/msg/String "{data: 'side_align'}"
A13: 1 | B13: 2026-06-19_13-37-26-702925 | C13: 1.781869e+15 | D13: 20260619_133708 | E13: 18506 | F13: command | G13: trolley_command | H13: side_align | I13: side_align
A14: 1 | B14: 2026-06-19_13-37-26-708780 | C14: 1.781869e+15 | D14: 20260619_133708 | E14: 18511 | F14: dropzone_status | G14: dropzone | H14: status | I14: side_aligning via side_align_left. Waiting for side_align_left_done.
A15: 1 | B15: 2026-06-19_13-37-26-710258 | C15: 1.781869e+15 | D15: 20260619_133708 | E15: 18513 | F15: physical_status | G15: physical_alignment | H15: status | I15: side_align_left_started
A16: 1 | B16: 2026-06-19_13-37-32-571275 | C16: 1.7818691e+15 | D16: 20260619_133708 | E16: 24374 | F16: physical_status | G16: physical_alignment | H16: side_align_complete | I16: side_align_left_done | final camera=left ids=[22, 23, 24, 25, 26] target_pair=[24, 25] target_x=+0.3576 target_y=+0.2541 center_x=+0.3144 center_y=-0.0530 yaw=+179.71deg error_x=+0.0016 yaw_error=-0.29deg tolerance_x=0.0060 tolerance_yaw=2.00deg
A17: 1 | B17: 2026-06-19_13-37-32-574208 | C17: 1.7818691e+15 | D17: 20260619_133708 | E17: 24377 | F17: dropzone_status | G17: dropzone | H17: side_align_complete | I17: side_align_complete: side_align_left_done | final camera=left ids=[22, 23, 24, 25, 26] target_pair=[24, 25] target_x=+0.3576 target_y=+0.2541 center_x=+0.3144 center_y=-0.0530 yaw=+179.71deg error_x=+0.0016 yaw_error=-0.29deg tolerance_x=0.0060 tolerance_yaw=2.00deg. Optional: check trolley type with ros2 topic pub --once /trolley_command std_msgs/msg/String "{data: 'check_trolley_type'}" or approve straight drive with ros2 topic pub --once /trolley_command std_msgs/msg/String "{data: 'drive_under'}"
A18: 1 | B18: 2026-06-19_13-37-34-978948 | C18: 1.7818691e+15 | D18: 20260619_133708 | E18: 26782 | F18: yolo_detection | G18: yolo | H18: trash_trolley | I18: {"classes": ["trash_trolley"]}
A19: 1 | B19: 2026-06-19_13-37-43-968504 | C19: 1.7818691e+15 | D19: 20260619_133708 | E19: 35771 | F19: dropzone_status | G19: dropzone | H19: trolley_type_checked | I19: trolley_type_checked: trash_trolley via live_yolov8_topic
A20: 1 | B20: 2026-06-19_13-37-43-971801 | C20: 1.7818691e+15 | D20: 20260619_133708 | E20: 35775 | F20: command | G20: trolley_command | H20: check_trolley_type | I20: check_trolley_type
A21: 1 | B21: 2026-06-19_13-38-00-510675 | C21: 1.7818691e+15 | D21: 20260619_133708 | E21: 52313 | F21: dropzone_status | G21: dropzone | H21: status | I21: drive_under_active via drive_straight_under. Waiting for drive_straight_under_done.
A22: 1 | B22: 2026-06-19_13-38-00-511968 | C22: 1.7818691e+15 | D22: 20260619_133708 | E22: 52315 | F22: physical_status | G22: physical_alignment | H22: status | I22: drive_straight_under_started
A23: 1 | B23: 2026-06-19_13-38-00-516941 | C23: 1.7818691e+15 | D23: 20260619_133708 | E23: 52320 | F23: command | G23: trolley_command | H23: drive_under | I23: drive_under
A24: 1 | B24: 2026-06-19_13-38-09-972920 | C24: 1.7818691e+15 | D24: 20260619_133708 | E24: 61776 | F24: physical_status | G24: physical_alignment | H24: under_trolley | I24: drive_straight_under_done
... A31: 1 | B31: 2026-06-19_13-39-12-074796 | C31: 1.7818692e+15 | D31: 20260619_133708 | E31: 123877 | F31: dropzone_status | G31: dropzone | H31: fine_align_complete | I31: fine_align_complete: fine_align_under_done | final ids=[3, 12] center_x=+0.1290 center_y=-0.0002 yaw=-12.73deg orientation=normal error_x=-0.0035 error_y=-0.0064 yaw_error=-1.73deg target_x=+0.1325 target_y=+0.0062 tolerance_x=0.0040 tolerance_y=0.0100 tolerance_yaw=3.00deg. Remembered trash_trolley
A32: 1 | B32: 2026-06-19_13-40-27-248245 | C32: 1.7818692e+15 | D32: 20260619_133708 | E32: 199051 | F32: manual_mark | G32: operator | H32: docking sucessfull
A33: 1 | B33: 2026-06-19_13-40-32-503391 | C33: 1.7818692e+15 | D33: 20260619_133708 | E33: 204306 | F33: command | G33: trolley_command | H33: deliver_trolley | I33: deliver_trolley
A34: 1 | B34: 2026-06-19_13-40-32-505854 | C34: 1.7818692e+15 | D34: 20260619_133708 | E34: 204309 | F34: dropzone_status | G34: dropzone | H34: dropoff_goal_sent | I34: dropoff_goal_sent: remembered trash_trolley -> trash_dropoff. When the robot arrives, approve trolley release with: ros2 topic pub --once /trolley_command std_msgs/msg/String "{data: 'drive_out'}"
A35: 1 | B35: 2026-06-19_13-41-13-307342 | C35: 1.7818693e+15 | D35: 20260619_133708 | E35: 245110 | F35: command | G35: trolley_command | H35: drive_out | I35: drive_out
A36: 1 | B36: 2026-06-19_13-41-13-308960 | C36: 1.7818693e+15 | D36: 20260619_133708 | E36: 245112 | F36: dropzone_status | G36: dropzone | H36: status | I36: drive_out_active for 7.0s. Publishing direct cmd_vel to release trolley.
A37: 1 | B37: 2026-06-19_13-41-20-310921 | C37: 1.7818693e+15 | D37: 20260619_133708 | E37: 252114 | F37: dropzone_status | G37: dropzone | H37: drive_out_done | I37: drive_out_done. Released trash_trolley
A38: 1 | B38: 2026-06-19_13-41-20-311469 | C38: 1.7818693e+15 | D38: 20260619_133708 | E38: 252114 | F38: run_end | G38: logger | H38: drive_out_done
A39: 1 | B39: 2026-06-19_13-41-58-818796 | C39: 1.7818693e+15 | D39: 20260619_134158 | E39: 0.000 | F39: run_start | G39: logger | H39: manual_mark_without_active_run
A40: 1 | B40: 2026-06-19_13-41-58-821957 | C40: 1.7818693e+15 | D40: 20260619_134158 | E40: 0.004 | F40: manual_mark | G40: operator | H40: perfect_run
A41: 1 | B41: 2026-06-19_13-42-16-682291 | C41: 1.7818693e+15 | D41: 20260619_134158 | E41: 17864 | F41: run_end | G41: logger | H41: manual_end
B42: 2026-06-19_13-46-53-486307 | C42: 1.7818696e+15 | D42: 20260619_134653 | E42: 0.000 | F42: run_start | G42: logger | H42: command_trolley_ready
B43: 2026-06-19_13-46-53-488085 | C43: 1.7818696e+15 | D43: 20260619_134653 | E43: 0.002 | F43: command | G43: trolley_command | H43: trolley_ready | I43: trolley_ready
B44: 2026-06-19_13-46-53-499885 | C44: 1.7818696e+15 | D44: 20260619_134653 | E44: 0.014 | F44: dropzone_status | G44: dropzone | H44: approach_goal_sent | I44: approach_goal_sent. Inspect the robot pose, then approve side alignment with: ros2 topic pub --once /trolley_command std_msgs/msg/String "{data: 'side_align'}"
B45: 2026-06-19_13-47-26-282777 | C45: 1.7818696e+15 | D45: 20260619_134653 | E45: 32797 | F45: command | G45: trolley_command | H45: charging | I45: charging
B46: 2026-06-19_13-48-00-448218 | C46: 1.7818697e+15 | D46: 20260619_134653 | E46: 66962 | F46: command | G46: trolley_command | H46: charging | I46: charging
B47: 2026-06-19_13-48-44-273425 | C47: 1.7818697e+15 | D47: 20260619_134653 | E47: 110787 | F47: run_end | G47: logger | H47: auto_closed_before_command_trolley_ready
B48: 2026-06-19_13-48-44-275478 | C48: 1.7818697e+15 | D48: 20260619_134844 | E48: 0.000 | F48: run_start | G48: logger | H48: command_trolley_ready
A49: 2 | B49: 2026-06-19_13-48-44-279590 | C49: 1.7818697e+15 | D49: 20260619_134844 | E49: 0.004 | F49: command | G49: trolley_command | H49: trolley_ready | I49: trolley_ready
A50: 2 | B50: 2026-06-19_13-48-44-280997 | C50: 1.7818697e+15 | D50: 20260619_134844 | E50: 0.006 | F50: dropzone_status | G50: dropzone | H50: approach_goal_sent | I50: approach_goal_sent. Inspect the robot pose, then approve side alignment with: ros2 topic pub --once /trolley_command std_msgs/msg/String "{data: 'side_align'}"
A51: 2 | B51: 2026-06-19_13-48-59-168241 | C51: 1.7818697e+15 | D51: 20260619_134844 | E51: 14893 | F51: command | G51: trolley_command | H51: side_align | I51: side_align
A52: 2 | B52: 2026-06-19_13-48-59-173977 | C52: 1.7818697e+15 | D52: 20260619_134844 | E52: 14899 | F52: dropzone_status | G52: dropzone | H52: status | I52: side_aligning via side_align_left. Waiting for side_align_left_done.
A53: 2 | B53: 2026-06-19_13-48-59-174601 | C53: 1.7818697e+15 | D53: 20260619_134844 | E53: 14899 | F53: physical_status | G53: physical_alignment | H53: status | I53: side_align_left_started
A54: 2 | B54: 2026-06-19_13-49-06-771249 | C54: 1.7818697e+15 | D54: 20260619_134844 | E54: 22496 | F54: physical_status | G54: physical_alignment | H54: side_align_complete | I54: side_align_left_done | final camera=left ids=[23, 24, 25, 26] target_pair=[24, 25] target_x=+0.3594 target_y=+0.2713 center_x=+0.3676 center_y=-0.0358 yaw=+179.75deg error_x=+0.0034 yaw_error=-0.25deg tolerance_x=0.0060 tolerance_yaw=2.00deg
A55: 2 | B55: 2026-06-19_13-49-06-776398 | C55: 1.7818697e+15 | D55: 20260619_134844 | E55: 22501 | F55: dropzone_status | G55: dropzone | H55: side_align_complete | I55: side_align_complete: side_align_left_done | final camera=left ids=[23, 24, 25, 26] target_pair=[24, 25] target_x=+0.3594 target_y=+0.2713 center_x=+0.3676 center_y=-0.0358 yaw=+179.75deg error_x=+0.0034 yaw_error=-0.25deg tolerance_x=0.0060 tolerance_yaw=2.00deg. Optional: check trolley type with ros2 topic pub --once /trolley_command std_msgs/msg/String "{data: 'check_trolley_type'}" or approve straight drive with ros2 topic pub --once /trolley_command std_msgs/msg/String "{data: 'drive_under'}"
A56: 2 | B56: 2026-06-19_13-49-08-698387 | C56: 1.7818697e+15 | D56: 20260619_134844 | E56: 24423 | F56: yolo_detection | G56: yolo | H56: trash_trolley | I56: {"classes": ["trash_trolley"]}
A57: 2 | B57: 2026-06-19_13-49-26-308673 | C57: 1.7818698e+15 | D57: 20260619_134844 | E57: 42033 | F57: command | G57: trolley_command | H57: check_trolley_type | I57: check_trolley_type
A58: 2 | B58: 2026-06-19_13-49-26-310423 | C58: 1.7818698e+15 | D58: 20260619_134844 | E58: 42035 | F58: dropzone_status | G58: dropzone | H58: trolley_type_checked | I58: trolley_type_checked: trash_trolley via live_yolov8_topic
A59: 2 | B59: 2026-06-19_13-49-40-274334 | C59: 1.7818698e+15 | D59: 20260619_134844 | E59: 55999 | F59: manual_mark | G59: operator | H59: object_detection_correct
A60: 2 | B60: 2026-06-19_13-49-51-345483 | C60: 1.7818698e+15 | D60: 20260619_134844 | E60: 67070 | F60: command | G60: trolley_command | H60: drive_under | I60: drive_under
A61: 2 | B61: 2026-06-19_13-49-51-349667 | C61: 1.7818698e+15 | D61: 20260619_134844 | E61: 67074 | F61: dropzone_status | G61: dropzone | H61: status | I61: drive_under_active via drive_straight_under. Waiting for drive_straight_under_done.
A62: 2 | B62: 2026-06-19_13-49-51-351361 | C62: 1.7818698e+15 | D62: 20260619_134844 | E62: 67076 | F62: physical_status | G62: physical_alignment | H62: status | I62: drive_straight_under_started
A63: 2 | B63: 2026-06-19_13-50-00-775206 | C63: 1.7818698e+15 | D63: 20260619_134844 | E63: 76500 | F63: physical_status | G63: physical_alignment | H63: under_trolley | I63: drive_straight_under_done
A64: 2 | B64: 2026-06-19_13-50-00-779925 | C64: 1.7818698e+15 | D64: 20260619_134844 | E64: 76505 | F64: dropzone_status | G64: dropzone | H64: under_trolley | I64: under_trolley. Inspect position, then approve final ArUco alignment with: ros2 topic pub --once /trolley_command std_msgs/msg/String "{data: 'fine_align'}"
A65: 2 | B65: 2026-06-19_13-50-08-739386 | C65: 1.7818698e+15 | D65: 20260619_134844 | E65: 84464 | F65: command | G65: trolley_command | H65: fine_align | I65: fine_align
A66: 2 | B66: 2026-06-19_13-50-08-741222 | C66: 1.7818698e+15 | D66: 20260619_134844 | E66: 84466 | F66: dropzone_status | G66: dropzone | H66: status | I66: fine_aligning via fine_align_under. Waiting for fine_align_under_done.
A67: 2 | B67: 2026-06-19_13-50-08-742852 | C67: 1.7818698e+15 | D67: 20260619_134844 | E67: 84468 | F67: physical_status | G67: physical_alignment | H67: status | I67: front_rear_camera_switch_started
A68: 2 | B68: 2026-06-19_13-50-10-273862 | C68: 1.7818698e+15 | D68: 20260619_134844 | E68: 85999 | F68: physical_status | G68: physical_alignment | H68: status | I68: fine_align_under_started
A69: 2 | B69: 2026-06-19_13-50-10-971665 | C69: 1.7818698e+15 | D69: 20260619_134844 | E69: 86696 | F69: physical_status | G69: physical_alignment | H69: fine_align_complete | I69: fine_align_under_done | final ids=[3, 12] center_x=+0.1306 center_y=+0.0009 yaw=-13.02deg orientation=normal error_x=-0.0019 error_y=-0.0053 yaw_error=-2.02deg target_x=+0.1325 target_y=+0.0062 tolerance_x=0.0040 tolerance_y=0.0100 tolerance_yaw=3.00deg
A70: 2 | B70: 2026-06-19_13-50-10-973548 | C70: 1.7818698e+15 | D70: 20260619_134844 | E70: 86698 | F70: dropzone_status | G70: dropzone | H70: fine_align_complete | I70: fine_align_complete: fine_align_under_done | final ids=[3, 12] center_x=+0.1306 center_y=+0.0009 yaw=-13.02deg orientation=normal error_x=-0.0019 error_y=-0.0053 yaw_error=-2.02deg target_x=+0.1325 target_y=+0.0062 tolerance_x=0.0040 tolerance_y=0.0100 tolerance_yaw=3.00deg. Remembered trash_trolley
A71: 2 | B71: 2026-06-19_13-50-44-904193 | C71: 1.7818698e+15 | D71: 20260619_134844 | E71: 120629 | F71: manual_mark | G71: operator | H71: docking sucessfull
A72: 2 | B72: 2026-06-19_13-50-55-117266 | C72: 1.7818699e+15 | D72: 20260619_134844 | E72: 130842 | F72: command | G72: trolley_command | H72: deliver_trolley | I72: deliver_trolley
A73: 2 | B73: 2026-06-19_13-50-55-325800 | C73: 1.7818699e+15 | D73: 20260619_134844 | E73: 131051 | F73: dropzone_status | G73: dropzone | H73: dropoff_goal_sent | I73: dropoff_goal_sent: remembered trash_trolley -> trash_dropoff. When the robot arrives, approve trolley release with: ros2 topic pub --once /trolley_command std_msgs/msg/String "{data: 'drive_out'}"
A74: 2 | B74: 2026-06-19_13-51-22-648237 | C74: 1.7818699e+15 | D74: 20260619_134844 | E74: 158373 | F74: command | G74: trolley_command | H74: drive_out | I74: drive_out
A75: 2 | B75: 2026-06-19_13-51-22-651480 | C75: 1.7818699e+15 | D75: 20260619_134844 | E75: 158376 | F75: dropzone_status | G75: dropzone | H75: status | I75: drive_out_active for 7.0s. Publishing direct cmd_vel to release trolley.
A76: 2 | B76: 2026-06-19_13-51-29-653701 | C76: 1.7818699e+15 | D76: 20260619_134844 | E76: 165378 | F76: dropzone_status | G76: dropzone | H76: drive_out_done | I76: drive_out_done. Released trash_trolley
A77: 2 | B77: 2026-06-19_13-51-29-654365 | C77: 1.7818699e+15 | D77: 20260619_134844 | E77: 165379 | F77: run_end | G77: logger | H77: drive_out_done
A78: 3 | B78: 2026-06-19_13-53-13-933669 | C78: 1.78187e+15 | D78: 20260619_135313 | E78: 0.000 | F78: run_start | G78: logger | H78: command_trolley_ready
A79: 3 | B79: 2026-06-19_13-53-13-935286 | C79: 1.78187e+15 | D79: 20260619_135313 | E79: 0.002 | F79: command | G79: trolley_command | H79: trolley_ready | I79: trolley_ready
A80: 3 | B80: 2026-06-19_13-53-13-942016 | C80: 1.78187e+15 | D80: 20260619_135313 | E80: 0.011 | F80: dropzone_status | G80: dropzone | H80: approach_goal_sent | I80: approach_goal_sent. Inspect the robot pose, then approve side alignment with: ros2 topic pub --once /trolley_command std_msgs/msg/String "{data: 'side_align'}"
A81: 3 | B81: 2026-06-19_13-53-32-298721 | C81: 1.78187e+15 | D81: 20260619_135313 | E81: 18365 | F81: command | G81: trolley_command | H81: side_align | I81: side_align
A82: 3 | B82: 2026-06-19_13-53-32-304496 | C82: 1.78187e+15 | D82: 20260619_135313 | E82: 18371 | F82: dropzone_status | G82: dropzone | H82: status | I82: side_aligning via side_align_left. Waiting for side_align_left_done.
A83: 3 | B83: 2026-06-19_13-53-32-305235 | C83: 1.78187e+15 | D83: 20260619_135313 | E83: 18372 | F83: physical_status | G83: physical_alignment | H83: status | I83: side_align_left_started
A84: 3 | B84: 2026-06-19_13-53-50-973517 | C84: 1.78187e+15 | D84: 20260619_135313 | E84: 37040 | F84: physical_status | G84: physical_alignment | H84: side_align_complete | I84: side_align_left_done | final camera=left ids=[17, 18, 19, 20] target_pair=[18, 19] target_x=+0.3503 target_y=+0.2783 center_x=+0.3593 center_y=+0.5844 yaw=-179.92deg error_x=-0.0057 yaw_error=+0.08deg tolerance_x=0.0060 tolerance_yaw=2.00deg
A85: 3 | B85: 2026-06-19_13-53-50-977689 | C85: 1.78187e+15 | D85: 20260619_135313 | E85: 37044 | F85: dropzone_status | G85: dropzone | H85: side_align_complete | I85: side_align_complete: side_align_left_done | final camera=left ids=[17, 18, 19, 20] target_pair=[18, 19] target_x=+0.3503 target_y=+0.2783 center_x=+0.3593 center_y=+0.5844 yaw=-179.92deg error_x=-0.0057 yaw_error=+0.08deg tolerance_x=0.0060 tolerance_yaw=2.00deg. Optional: check trolley type with ros2 topic pub --once /trolley_command std_msgs/msg/String "{data: 'check_trolley_type'}" or approve straight drive with ros2 topic pub --once /trolley_command std_msgs/msg/String "{data: 'drive_under'}"
A86: 3 | B86: 2026-06-19_13-53-52-969127 | C86: 1.78187e+15 | D86: 20260619_135313 | E86: 39036 | F86: yolo_detection | G86: yolo | H86: trash_trolley | I86: {"classes": ["trash_trolley"]}
A87: 3 | B87: 2026-06-19_13-54-00-297672 | C87: 1.78187e+15 | D87: 20260619_135313 | E87: 46364 | F87: dropzone_status | G87: dropzone | H87: trolley_type_checked | I87: trolley_type_checked: trash_trolley via live_yolov8_topic
A88: 3 | B88: 2026-06-19_13-54-00-493920 | C88: 1.78187e+15 | D88: 20260619_135313 | E88: 46560 | F88: command | G88: trolley_command | H88: check_trolley_type | I88: check_trolley_type
A89: 3 | B89: 2026-06-19_13-54-12-212256 | C89: 1.7818701e+15 | D89: 20260619_135313 | E89: 58279 | F89: manual_mark | G89: operator | H89: object_detection_correct
A90: 3 | B90: 2026-06-19_13-54-21-390433 | C90: 1.7818701e+15 | D90: 20260619_135313 | E90: 67457 | F90: command | G90: trolley_command | H90: drive_under | I90: drive_under
A91: 3 | B91: 2026-06-19_13-54-21-395351 | C91: 1.7818701e+15 | D91: 20260619_135313 | E91: 67462 | F91: dropzone_status | G91: dropzone | H91: status | I91: drive_under_active via drive_straight_under. Waiting for drive_straight_under_done.
A92: 3 | B92: 2026-06-19_13-54-21-404201 | C92: 1.7818701e+15 | D92: 20260619_135313 | E92: 67471 | F92: physical_status | G92: physical_alignment | H92: status | I92: drive_straight_under_started
A93: 3 | B93: 2026-06-19_13-54-30-873322 | C93: 1.7818701e+15 | D93: 20260619_135313 | E93: 76940 | F93: physical_status | G93: physical_alignment | H93: under_trolley | I93: drive_straight_under_done
A94: 3 | B94: 2026-06-19_13-54-30-875893 | C94: 1.7818701e+15 | D94: 20260619_135313 | E94: 76942 | F94: dropzone_status | G94: dropzone | H94: under_trolley | I94: under_trolley. Inspect position, then approve final ArUco alignment with: ros2 topic pub --once /trolley_command std_msgs/msg/String "{data: 'fine_align'}"
A95: 3 | B95: 2026-06-19_13-54-43-421364 | C95: 1.7818701e+15 | D95: 20260619_135313 | E95: 89488 | F95: command | G95: trolley_command | H95: fine_align | I95: fine_align
A96: 3 | B96: 2026-06-19_13-54-43-423040 | C96: 1.7818701e+15 | D96: 20260619_135313 | E96: 89490 | F96: dropzone_status | G96: dropzone | H96: status | I96: fine_aligning via fine_align_under. Waiting for fine_align_under_done.
A97: 3 | B97: 2026-06-19_13-54-43-429260 | C97: 1.7818701e+15 | D97: 20260619_135313 | E97: 89496 | F97: physical_status | G97: physical_alignment | H97: status | I97: front_rear_camera_switch_started
A98: 3 | B98: 2026-06-19_13-54-44-973289 | C98: 1.7818701e+15 | D98: 20260619_135313 | E98: 91040 | F98: physical_status | G98: physical_alignment | H98: status | I98: fine_align_under_started
A99: 3 | B99: 2026-06-19_13-55-30-069913 | C99: 1.7818701e+15 | D99: 20260619_135313 | E99: 136136 | F99: physical_status | G99: physical_alignment | H99: status | I99: fine_align_under_timeout
A100: 3 | B100: 2026-06-19_13-55-30-071942 | C100: 1.7818701e+15 | D100: 20260619_135313 | E100: 136138 | F100: dropzone_status | G100: dropzone | H100: status | I100: fine_alignment_stopped: fine_align_under_timeout
A101: 3 | B101: 2026-06-19_13-56-07-474633 | C101: 1.7818702e+15 | D101: 20260619_135313 | E101: 173541 | F101: manual_mark | G101: operator | H101: too_dark_added light_new_fine_aling_try
A102: 3 | B102: 2026-06-19_13-56-36-324142 | C102: 1.7818702e+15 | D102: 20260619_135313 | E102: 202391 | F102: command | G102: trolley_command | H102: fine_align | I102: fine_align
A103: 3 | B103: 2026-06-19_13-56-36-325612 | C103: 1.7818702e+15 | D103: 20260619_135313 | E103: 202392 | F103: dropzone_status | G103: dropzone | H103: status | I103: fine_aligning via fine_align_under. Waiting for fine_align_under_done.
A104: 3 | B104: 2026-06-19_13-56-36-331838 | C104: 1.7818702e+15 | D104: 20260619_135313 | E104: 202398 | F104: physical_status | G104: physical_alignment | H104: status | I104: front_rear_camera_switch_started
A105: 3 | B105: 2026-06-19_13-56-37-870933 | C105: 1.7818702e+15 | D105: 20260619_135313 | E105: 203937 | F105: physical_status | G105: physical_alignment | H105: status | I105: fine_align_under_started
A106: 3 | B106: 2026-06-19_13-56-57-470810 | C106: 1.7818702e+15 | D106: 20260619_135313 | E106: 223537 | F106: physical_status | G106: physical_alignment | H106: fine_align_complete | I106: fine_align_under_done | final ids=[3, 12] center_x=+0.1407 center_y=+0.0088 yaw=+164.99deg orientation=flipped_180 error_x=+0.0037 error_y=+0.0050 yaw_error=-0.01deg target_x=+0.1370 target_y=+0.0038 tolerance_x=0.0040 tolerance_y=0.0100 tolerance_yaw=3.00deg
...

Sheet Summary
A1: Test Results Summary
A4: Overall KPI | B4: Value | C4: N | D4: Notes | G4: Breakdown | H4: Successful | I4: Total | J4: Success % | M4: Timing details | N4: Average in s | O4: Median in s | P4: Min in s | Q4: Max in s | AA4: Fail runs reasons
A5: Counted test rows | B5: =COUNTIF(Handnotes!$A$2:$A$95,"y") -> 53 | C5: =COUNTIF(Handnotes!$A$2:$A$95,"y") -> 53 | D5: Handnotes column A = y | G5: Trash Trolley | H5: {=SUMPRODUCT((Handnotes!$A$2:$A$95="y")*(Handnotes!$D$2:$D$95="Trash Trolley")*(Handnotes!$E$2:$E$95="success")*(Handnotes!$G$2:$G$95="correct")*(Handnotes!$H$2:$H$95="success")*((Handnotes!$J$2:$J$95="success"))*(Handnotes!$M$2:$M$95="success")*(Handnotes!$O$2:$O$95="success")*(Handnotes!$P$2:$P$95="success")*(Handnotes!$Q$2:$Q$95="success"))} -> 11 | I5: =COUNTIFS(Handnotes!$A$2:$A$95,"y",Handnotes!$D$2:$D$95,"Trash Trolley") -> 19 | J5: =IFERROR(H5/I5,"") -> 0.57894737 | M5: Side align time | N5: =AVERAGE(M26:M90) -> 12.597103 | O5: =MEDIAN(M26:M90) -> 11.217 | P5: =MIN(M26:M90) -> 2.254 | Q5: =MAX(M26:M90) -> 29.9
A6: Overall complete success | B6: =SUMPRODUCT((Handnotes!$A$2:$A$95="y")*(Handnotes!$E$2:$E$95="success")*(Handnotes!$G$2:$G$95="correct")*(Handnotes!$H$2:$H$95="success")*((Handnotes!$J$2:$J$95="success")+(Handnotes!$J$2:$J$95="sucess"))*(Handnotes!$M$2:$M$95="success")*(Handnotes!$O$2:$O$95="success")*(Handnotes!$P$2:$P$95="success")*(Handnotes!$Q$2:$Q$95="success"))/COUNTIF(Handnotes!$A$2:$A$95,"y") -> 0.30188679 | C6: =COUNTIF(Handnotes!$A$2:$A$95,"y") -> 53 | D6: All main manual stages successful/correct | G6: Laundry Trolley | H6: {=SUMPRODUCT((Handnotes!$A$2:$A$95="y")*(Handnotes!$D$2:$D$95="Laundry Trolley")*(Handnotes!$E$2:$E$95="success")*(Handnotes!$G$2:$G$95="correct")*(Handnotes!$H$2:$H$95="success")*((Handnotes!$J$2:$J$95="success"))*(Handnotes!$M$2:$M$95="success")*(Handnotes!$O$2:$O$95="success")*(Handnotes!$P$2:$P$95="success")*(Handnotes!$Q$2:$Q$95="success"))} -> 5 | I6: =COUNTIFS(Handnotes!$A$2:$A$95,"y",Handnotes!$D$2:$D$95,"Laundry Trolley") -> 19 | J6: =IFERROR(H6/I6,"") -> 0.26315789 | M6: Drive under | N6: =AVERAGE(N26:N90) -> 9.4112903 | O6: =MEDIAN(N26:N90) -> 9.431 | P6: =MIN(N26:N90) -> 9.019 | Q6: =MAX(N26:N90) -> 9.587
A7: Average side align time | B7: =N5 -> 12.597103 | C7: =COUNT($M$26:$M$119) -> 39 | D7: Successful side align only; seconds | G7: Normal orientation | H7: {=SUMPRODUCT((Handnotes!$A$2:$A$95="y")*(Handnotes!$C$2:$C$95="Normal")*(Handnotes!$E$2:$E$95="success")*(Handnotes!$G$2:$G$95="correct")*(Handnotes!$H$2:$H$95="success")*((Handnotes!$J$2:$J$95="success")+(Handnotes!$M$2:$M$95="success")*(Handnotes!$O$2:$O$95="success")*(Handnotes!$P$2:$P$95="success")*(Handnotes!$Q$2:$Q$95="success")))} -> 20 | I7: =COUNTIFS(Handnotes!$A$2:$A$95,"y",Handnotes!$C$2:$C$95,"Normal") -> 28 | J7: =IFERROR(H7/I7,"") -> 0.71428571 | M7: Fine align time | N7: =AVERAGE(O26:O72) -> 26.386846 | O7: =MEDIAN(O26:O72) -> 18.883 | P7: =MIN(O26:O90) -> 2.232 | Q7: =MAX(O26:O72) -> 134.049
A8: Average fine align time | B8: =N7 -> 26.386846 | C8: =COUNT($O$26:$O$119) -> 26 | D8: Successful fine align only; seconds | G8: Flipped 180 deg | H8: {=SUMPRODUCT((Handnotes!$A$2:$A$95="y")*(Handnotes!$C$2:$C$95="Flipped 180 deg")*(Handnotes!$E$2:$E$95="success")*(Handnotes!$G$2:$G$95="correct")*(Handnotes!$H$2:$H$95="success")*((Handnotes!$J$2:$J$95="success"))*(Handnotes!$M$2:$M$95="success")*(Handnotes!$O$2:$O$95="success")*(Handnotes!$P$2:$P$95="success")*(Handnotes!$Q$2:$Q$95="success"))} -> 7 | I8: =COUNTIFS(Handnotes!$A$2:$A$95,"y",Handnotes!$C$2:$C$95,"Flipped 180 deg") -> 25 | J8: =IFERROR(H8/I8,"") -> 0.28 | M8: Docking time | N8: =AVERAGE(Q26:Q72) -> 36.443765 | O8: =MEDIAN(Q26:Q72) -> 31.172 | P8: =MIN(Q26:Q90) -> 21.754 | Q8: =MAX(Q26:Q72) -> 75.178 | R8: Note: Docking was faster but needed to check manually if actually docked,--> time can be improved
A9: Average docking time | B9: =N8 -> 36.443765 | C9: =COUNT($Q$26:$Q$119) -> 17 | D9: Successful docking only; seconds | G9: Trash + Normal | H9: {=SUMPRODUCT((Handnotes!$A$2:$A$95="y")*(Handnotes!$D$2:$D$95="Trash Trolley")*(Handnotes!$C$2:$C$95="Normal")*(Handnotes!$E$2:$E$95="success")*(Handnotes!$G$2:$G$95="correct")*(Handnotes!$H$2:$H$95="success")*((Handnotes!$J$2:$J$95="success"))*(Handnotes!$M$2:$M$95="success")*(Handnotes!$O$2:$O$95="success")*(Handnotes!$P$2:$P$95="success")*(Handnotes!$Q$2:$Q$95="success"))} -> 6 | I9: =COUNTIFS(Handnotes!$A$2:$A$95,"y",Handnotes!$D$2:$D$95,"Trash Trolley",Handnotes!$C$2:$C$95,"Normal") -> 10 | J9: =IFERROR(H9/I9,"") -> 0.6 | M9: Side align - Fine align done for successfull runs | N9: =AVERAGE(P26:P72) -> 47.378182 | O9: =MEDIAN(P26:P72) -> 38.904 | P9: =MAX(M26:M90) -> 29.9 | Q9: =MAX(P26:P72) -> 162.207
A10: Fine align extra light used | B10: =COUNTIFS(Handnotes!$A$2:$A$95,"y",Handnotes!$K$2:$K$95,"YES") -> 24 | C10: =COUNTIF(Handnotes!$A$2:$A$95,"y") -> 53 | D10: =B10/C10 -> 0.45283019 | G10: Trash + Flipped | H10: {=SUMPRODUCT((Handnotes!$A$2:$A$95="y")*(Handnotes!$D$2:$D$95="Trash Trolley")*(Handnotes!$C$2:$C$95="Flipped 180 deg")*(Handnotes!$E$2:$E$95="success")*(Handnotes!$G$2:$G$95="correct")*(Handnotes!$H$2:$H$95="success")*((Handnotes!$J$2:$J$95="success"))*(Handnotes!$M$2:$M$95="success")*(Handnotes!$O$2:$O$95="success")*(Handnotes!$P$2:$P$95="success")*(Handnotes!$Q$2:$Q$95="success"))} -> 5 | I10: =COUNTIFS(Handnotes!$A$2:$A$95,"y",Handnotes!$D$2:$D$95,"Trash Trolley",Handnotes!$C$2:$C$95,"Flipped 180 deg") -> 9 | J10: =IFERROR(H10/I10,"") -> 0.55555556
A11: extra light success | B11: =COUNTIFS(Handnotes!$J$2:$J$95,"success",Handnotes!$K$2:$K$95,"YES") -> 18 | C11: =B10 -> 24 | D11: =B11/C11 -> 0.75
A12: no light attempts success | B12: =COUNTIFS(Handnotes!$J$2:$J$95,"success",Handnotes!$K$2:$K$95,"NO") -> 8 | C12: =COUNTIFS(Handnotes!$A$2:$A$95,"y",Handnotes!$K$2:$K$95,"NO") -> 8 | D12: =B12/C12 -> 1
A13: Generated | B13: =NOW() -> 46216.792 | C13: ="" | G13: Laundry + Normal | H13: {=SUMPRODUCT((Handnotes!$A$2:$A$95="y")*(Handnotes!$D$2:$D$95="Laundry Trolley")*(Handnotes!$C$2:$C$95="Normal")*(Handnotes!$E$2:$E$95="success")*(Handnotes!$G$2:$G$95="correct")*(Handnotes!$H$2:$H$95="success")*((Handnotes!$J$2:$J$95="success"))*(Handnotes!$M$2:$M$95="success")*(Handnotes!$O$2:$O$95="success")*(Handnotes!$P$2:$P$95="success")*(Handnotes!$Q$2:$Q$95="success"))} -> 3 | I13: =COUNTIFS(Handnotes!$A$2:$A$95,"y",Handnotes!$D$2:$D$95,"Laundry Trolley",Handnotes!$C$2:$C$95,"Normal") -> 10 | J13: =IFERROR(H13/I13,"") -> 0.3 | L13: Side align | M13: Aruco error_x all | N13: Aruco error_x drive under sucess | O13: Aruco yaw_error all | P13: Aruco yaw_error drive under sucess | Q13: based on aruco estimated error
G14: Laundry + Flipped | H14: {=SUMPRODUCT((Handnotes!$A$2:$A$95="y")*(Handnotes!$D$2:$D$95="Laundry Trolley")*(Handnotes!$C$2:$C$95="Flipped 180 deg")*(Handnotes!$E$2:$E$95="success")*(Handnotes!$G$2:$G$95="correct")*(Handnotes!$H$2:$H$95="success")*((Handnotes!$J$2:$J$95="success"))*(Handnotes!$M$2:$M$95="success")*(Handnotes!$O$2:$O$95="success")*(Handnotes!$P$2:$P$95="success")*(Handnotes!$Q$2:$Q$95="success"))} -> 2 | I14: =COUNTIFS(Handnotes!$A$2:$A$95,"y",Handnotes!$D$2:$D$95,"Laundry Trolley",Handnotes!$C$2:$C$95,"Flipped 180 deg") -> 9 | J14: =IFERROR(H14/I14,"") -> 0.22222222 | M14: =R98 -> 0.00040833333 | N14: =S98 -> 0.00054 | O14: =T98 -> 0.032083333 | P14: =U98 -> 0.117
A15: Stage | B15: Success count | C15: Partial | D15: Attempted | E15: Success % | F15: Criteria | L15: in mm | M15: =M14*1000 -> 0.40833333 | N15: =N14*1000 -> 0.54
A16: Side align | B16: =COUNTIFS(Handnotes!$A$2:$A$95,"y",Handnotes!$E$2:$E$95,"success") -> 44 | C16: =COUNTIFS(Handnotes!$A$2:$A$95,"y",Handnotes!$E$2:$E$95,"partial") -> 4 | D16: =COUNTIFS(Handnotes!$A$2:$A$95,"y",Handnotes!$E$2:$E$95,"unsuccessfull")+COUNTIFS(Handnotes!$A$2:$A$95,"y",Handnotes!$E$2:$E$95,"success") + COUNTIFS(Handnotes!$A$2:$A$95,"y",Handnotes!$E$2:$E$95,"partial") -> 53 | E16: =IFERROR(B16/D16,"") -> 0.83018868 | F16: E = success | L16: Fine align | M16: Aruco error_x all | N16: Aruco error_x sucess docking | O16: Aruco error_y all fine align | P16: Aruco error_y docking success | Q16: Aruco yaw error (deg) success | R16: Aruco yaw error (deg) all | T16: based on aruco estimated error
A17: Check type | B17: =COUNTIFS(Handnotes!$A$2:$A$95,"y",Handnotes!$G$2:$G$95,"correct") -> 52 | D17: =COUNTIFS(Handnotes!$A$2:$A$95,"y",Handnotes!$G$2:$G$95,"nothing detected")+COUNTIFS(Handnotes!$A$2:$A$95,"y",Handnotes!$G$2:$G$95,"correct")+COUNTIFS(Handnotes!$A$2:$A$95,"y",Handnotes!$G$2:$G$95,"partial") -> 53 | E17: =IFERROR(B17/D17,"") -> 0.98113208 | F17: G = correct | H17: Check type | I17: Attempted | J17: success count | K17: Success % | M17: =Z70 -> 0.0029741935 | N17: =AA70 -> 0.0028 | O17: =AB70 -> 0.005332 | P17: =AC70 -> 0.0054789474 | Q17: =AD70 -> 1.6357895 | R17: =AE70 -> 1.4876 | S17: =AF70 -> 0
A18: Drive under | B18: =COUNTIFS(Handnotes!$A$2:$A$95,"y",Handnotes!$H$2:$H$95,"success") -> 31 | C18: =COUNTIFS(Handnotes!$A$2:$A$95,"y",Handnotes!$H$2:$H$95,"partial") -> 0 | D18: =COUNTIFS(Handnotes!$A$2:$A$95,"y",Handnotes!$H$2:$H$95,"unsuccessfull")+COUNTIFS(Handnotes!$A$2:$A$95,"y",Handnotes!$H$2:$H$95,"success")+COUNTIFS(Handnotes!$A$2:$A$95,"y",Handnotes!$H$2:$H$95,"partial") -> 37 | E18: =IFERROR(B18/D18,"") -> 0.83783784 | F18: H = success | H18: Laundry | I18: =COUNTIF(C26:C90,"Laundry Trolley") -> 19 | J18: =COUNTIFS(E26:E90, "correct",C26:C90,"Laundry Trolley") -> 19 | K18: =J18/I18 -> 1 | L18: in mm | M18: =M17*1000 -> 2.9741935 | N18: =N17*1000 -> 2.8 | O18: =O17*1000 -> 5.332 | P18: =P17*1000 -> 5.4789474
A19: Fine align | B19: =COUNTIFS(Handnotes!$A$2:$A$95,"y",Handnotes!$J$2:$J$95,"success")+COUNTIFS(Handnotes!$A$2:$A$95,"y",Handnotes!$J$2:$J$95,"sucess") -> 26 | C19: =COUNTIFS(Handnotes!$A$2:$A$95,"y",Handnotes!$J$2:$J$95,"partial") -> 2 | D19: =COUNTIFS(Handnotes!$A$2:$A$95,"y",Handnotes!$J$2:$J$95,"unsuccessfull")+COUNTIFS(Handnotes!$A$2:$A$95,"y",Handnotes!$J$2:$J$95,"success")+COUNTIFS(Handnotes!$A$2:$A$95,"y",Handnotes!$J$2:$J$95,"partial") -> 32 | E19: =IFERROR(B19/D19,"") -> 0.8125 | F19: J = success | H19: Trash | I19: =COUNTIF(C27:C91,"Trash Trolley") -> 18 | J19: =COUNTIFS(E27:E91, "correct",C27:C91,"Trash Trolley") -> 18 | K19: =J19/I19 -> 1
A20: Docking | B20: =COUNTIFS(Handnotes!$A$2:$A$95,"y",Handnotes!$M$2:$M$95,"success") -> 20 | C20: =COUNTIFS(Handnotes!$A$2:$A$95,"y",Handnotes!$M$2:$M$95,"partial") -> 4 | D20: =COUNTIFS(Handnotes!$A$2:$A$95,"y",Handnotes!$M$2:$M$95,"unsuccessfull")+COUNTIFS(Handnotes!$A$2:$A$95,"y",Handnotes!$M$2:$M$95,"success")+COUNTIFS(Handnotes!$A$2:$A$95,"y",Handnotes!$M$2:$M$95,"partial") -> 32 | E20: =IFERROR(B20/D20,"") -> 0.625 | F20: M = success | H20: Empty | I20: =COUNTIF(C28:C92,"empty") -> 15 | J20: =COUNTIFS(E28:E92, "correct",C28:C92,"empty") -> 14 | K20: =J20/I20 -> 0.93333333
A21: Deliver | B21: =COUNTIFS(Handnotes!$A$2:$A$95,"y",Handnotes!$O$2:$O$95,"success") -> 28 | C21: =COUNTIFS(Handnotes!$A$2:$A$95,"y",Handnotes!$O$2:$O$95,"partial") -> 0 | D21: =COUNTIFS(Handnotes!$A$2:$A$95,"y",Handnotes!$O$2:$O$95,"unsuccessfull")+COUNTIFS(Handnotes!$A$2:$A$95,"y",Handnotes!$O$2:$O$95,"success")+COUNTIFS(Handnotes!$A$2:$A$95,"y",Handnotes!$O$2:$O$95,"partial") -> 29 | E21: =IFERROR(B21/D21,"") -> 0.96551724 | F21: O = success | H21: total | I21: =SUM(I18:I20) -> 52 | J21: =SUM(J18:J20) -> 51 | K21: =J21/I21 -> 0.98076923
A22: Drive out | B22: =COUNTIFS(Handnotes!$A$2:$A$95,"y",Handnotes!$P$2:$P$95,"success") -> 27 | C22: =COUNTIFS(Handnotes!$A$2:$A$95,"y",Handnotes!$P$2:$P$95,"partial") -> 0 | D22: =COUNTIFS(Handnotes!$A$2:$A$95,"y",Handnotes!$P$2:$P$95,"unsuccessfull")+COUNTIFS(Handnotes!$A$2:$A$95,"y",Handnotes!$P$2:$P$95,"success")+COUNTIFS(Handnotes!$A$2:$A$95,"y",Handnotes!$P$2:$P$95,"partial") -> 29 | E22: =IFERROR(B22/D22,"") -> 0.93103448 | F22: P = success
A23: Return charging | B23: =COUNTIFS(Handnotes!$A$2:$A$95,"y",Handnotes!$Q$2:$Q$95,"success") -> 27 | C23: =COUNTIFS(Handnotes!$A$2:$A$95,"y",Handnotes!$Q$2:$Q$95,"partial") -> 0 | D23: =COUNTIFS(Handnotes!$A$2:$A$95,"y",Handnotes!$Q$2:$Q$95,"unsuccessfull")+COUNTIFS(Handnotes!$A$2:$A$95,"y",Handnotes!$Q$2:$Q$95,"success")+COUNTIFS(Handnotes!$A$2:$A$95,"y",Handnotes!$Q$2:$Q$95,"partial") -> 27 | E23: =IFERROR(B23/D23,"") -> 1 | F23: Q = success | U23: =T26 -> -0.29
R24: side align | S24: side align | T24: side align | U24: side align | W24: side align | Z24: fine align | AA24: fine align | AB24: fine align | AD24: fine align
A25: Test | B25: Orientation | C25: Type | D25: Side align | E25: Check type | F25: Drive under | G25: Fine align | H25: Fine light | I25: Docking | J25: Deliver | K25: Drive out | L25: Return charging | M25: Side align time (s) | N25: Drive under time (s) | O25: Fine align time (s) | P25: Side align - Fine align done | Q25: Docking time (s) | R25: Aruco error_x all | S25: Aruco error_x drive under sucess | T25: Aruco yaw_error all | U25: Aruco yaw_error drive under sucess | X25: side align event data | Y25: fine align | Z25: Aruco error_x all | AA25: Aruco error_x sucess docking | AB25: Aruco error_y all fine align | AC25: Aruco error_y docking success | AD25: Aruco yaw error (deg) success | AE25: Aruco yaw error (deg) all
A26: =IF(Handnotes!$A$2="y",Handnotes!$B$2,"") -> 1 | B26: =IF($A26="","",IFERROR(Handnotes!$C$2,"")) -> Normal | C26: =IF($A26="","",IFERROR(Handnotes!$D$2,"")) -> Trash Trolley | D26: =IF($A26="","",IFERROR(Handnotes!$E$2,"")) -> success | E26: =IF($A26="","",IFERROR(Handnotes!$G$2,"")) -> correct | F26: =IF($A26="","",IFERROR(Handnotes!$H$2,"")) -> success | G26: =IF($A26="","",IFERROR(Handnotes!$J$2,"")) -> success | H26: =IF($A26="","",IFERROR(Handnotes!$K$2,"")) -> NO | I26: =IF($A26="","",IFERROR(Handnotes!$M$2,"")) -> success | J26: =IF($A26="","",IFERROR(Handnotes!$O$2,"")) -> success | K26: =IF($A26="","",IFERROR(Handnotes!$P$2,"")) -> success | L26: =IF($A26="","",IFERROR(Handnotes!$Q$2,"")) -> success | M26: {=IF($D26="success",_xlfn.LET(_xlpm.run,$A26,_xlpm.start_cmd,IFERROR(_xlfn.XLOOKUP(1,(Event_logs!$A$2:$A$1588=_xlpm.run)*(Event_logs!$F$2:$F$1588="command")*(Event_logs!$G$2:$G$1588="trolley_command")*(Event_logs!$H$2:$H$1588="side_align"),Event_logs!$E$2:$E$1588),""),_xlpm.start_fb,IFERROR(_xlfn.XLOOKUP(1,(Event_logs!$A$2:$A$1588=_xlpm.run)*(Event_logs!$F$2:$F$1588="dropzone_status")*ISNUMBER(SEARCH("side_aligning",Event_logs!$I$2:$I$1588)),Event_logs!$E$2:$E$1588),""),_xlpm.start,IF(_xlpm.start_cmd<>"",_xlpm.start_cmd,_xlpm.start_fb),_xlpm.ende,IFERROR(_xlfn.XLOOKUP(1,(Event_logs!$A$2:$A$1588=_xlpm.run)*(Event_logs!$F$2:$F$1588="physical_status")*(Event_logs!$G$2:$G$1588="physical_alignment")*(Event_logs!$H$2:$H$1588="side_align_complete")*ISNUMBER(SEARCH("side_align_left_done",Event_logs!$I$2:$I$1588)),Event_logs!$E$2:$E$1588),""),_xlpm.diff,_xlpm.ende-_xlpm.start,_xlpm.sek,IF(_xlpm.diff>1000,_xlpm.diff/1000,_xlpm.diff),IFERROR(IF(AND(_xlpm.start<>"",_xlpm.ende<>"",_xlpm.sek>=0),_xlpm.sek,""),"")),"")} -> 5.868 | N26: {=IF($F26="success",_xlfn.LET(_xlpm.run,$A26,_xlpm.start_cmd,IFERROR(_xlfn.XLOOKUP(1,(Event_logs!$A$2:$A$1588=_xlpm.run)*(Event_logs!$F$2:$F$1588="command")*(Event_logs!$G$2:$G$1588="trolley_command")*(Event_logs!$H$2:$H$1588="drive_under"),Event_logs!$E$2:$E$1588),""),_xlpm.start_fb,IFERROR(_xlfn.XLOOKUP(1,(Event_logs!$A$2:$A$1588=_xlpm.run)*(Event_logs!$F$2:$F$1588="dropzone_status")*ISNUMBER(SEARCH("drive_under_active",Event_logs!$I$2:$I$1588)),Event_logs!$E$2:$E$1588),""),_xlpm.start,IF(_xlpm.start_cmd<>"",_xlpm.start_cmd,_xlpm.start_fb),_xlpm.ende,IFERROR(_xlfn.XLOOKUP(1,(Event_logs!$A$2:$A$1588=_xlpm.run)*(Event_logs!$F$2:$F$1588="physical_status")*(Event_logs!$G$2:$G$1588="physical_alignment")*(Event_logs!$H$2:$H$1588="under_trolley")*ISNUMBER(SEARCH("drive_straight_under_done",Event_logs!$I$2:$I$1588)),Event_logs!$E$2:$E$1588),""),_xlpm.diff,_xlpm.ende-_xlpm.start,_xlpm.sek,IF(_xlpm.diff>1000,_xlpm.diff/1000,_xlpm.diff),IFERROR(IF(AND(_xlpm.start<>"",_xlpm.ende<>"",_xlpm.sek>=0),_xlpm.sek,""),"")),"")} -> 9.456 | O26: {=IF($G26="success",_xlfn.LET(_xlpm.run,$A26,_xlpm.start_cmd,IFERROR(_xlfn.XLOOKUP(1,(Event_logs!$A$2:$A$1588=_xlpm.run)*(Event_logs!$F$2:$F$1588="command")*(Event_logs!$G$2:$G$1588="trolley_command")*(Event_logs!$H$2:$H$1588="fine_align"),Event_logs!$E$2:$E$1588),""),_xlpm.start_fb,IFERROR(_xlfn.XLOOKUP(1,(Event_logs!$A$2:$A$1588=_xlpm.run)*(Event_logs!$F$2:$F$1588="dropzone_status")*ISNUMBER(SEARCH("fine_aligning",Event_logs!$I$2:$I$1588)),Event_logs!$E$2:$E$1588),""),_xlpm.start,IF(_xlpm.start_cmd<>"",_xlpm.start_cmd,_xlpm.start_fb),_xlpm.ende,IFERROR(_xlfn.XLOOKUP(1,(Event_logs!$A$2:$A$1588=_xlpm.run)*(Event_logs!$F$2:$F$1588="physical_status")*(Event_logs!$G$2:$G$1588="physical_alignment")*(Event_logs!$H$2:$H$1588="fine_align_complete")*ISNUMBER(SEARCH("fine_align_under_done",Event_logs!$I$2:$I$1588)),Event_logs!$E$2:$E$1588),""),_xlpm.diff,_xlpm.ende-_xlpm.start,_xlpm.sek,IF(_xlpm.diff>1000,_xlpm.diff/1000,_xlpm.diff),IFERROR(IF(AND(_xlpm.start<>"",_xlpm.ende<>"",_xlpm.sek>=0),_xlpm.sek,""),"")),"")} -> 28.055 | P26: =IF(AND(D26="success",F26="success",G26="success"),SUM(M26:O26),"") -> 43.379 | Q26: =_xlfn.LET(_xlpm.t,$A26,_xlpm.s,_xlfn.MINIFS(Event_logs!$E$2:$E$1588,Event_logs!$A$2:$A$1588,_xlpm.t,Event_logs!$H$2:$H$1588,"fine_align_complete"),_xlpm.e,_xlfn.MINIFS(Event_logs!$E$2:$E$1588,Event_logs!$A$2:$A$1588,_xlpm.t,Event_logs!$H$2:$H$1588,"docking sucessfull"),IF(AND(OR($I26="success",$I26="sucess"),_xlpm.s>0,_xlpm.e>_xlpm.s),(_xlpm.e-_xlpm.s)/1000,"")) -> 75.178 | R26: {=IF($D26="success",_xlfn.LET(_xlpm.d,_xlfn.XLOOKUP(1,(Event_logs!$A$2:$A$1588=$A26)*(Event_logs!$H$2:$H$1588="side_align_complete"),Event_logs!$I$2:$I$1588,""),IFERROR(_xlfn.NUMBERVALUE(_xlfn.TEXTBEFORE(_xlfn.TEXTAFTER(_xlpm.d,"error_x=")&" "," "),".",","),"")),"")} -> 0.0016 | S26: {=IF(AND($F26="success",$D26="success"),_xlfn.LET(_xlpm.d,_xlfn.XLOOKUP(1,(Event_logs!$A$2:$A$1588=$A26)*(Event_logs!$H$2:$H$1588="side_align_complete"),Event_logs!$I$2:$I$1588,""),IFERROR(_xlfn.NUMBERVALUE(_xlfn.TEXTBEFORE(_xlfn.TEXTAFTER(_xlpm.d,"error_x=")&" "," "),".",","),"")),"")} -> 0.0016 | T26: {=IF($D26="success",_xlfn.LET(_xlpm.d,_xlfn.XLOOKUP(1,(Event_logs!$A$2:$A$1588=$A26)*(Event_logs!$H$2:$H$1588="side_align_complete"),Event_logs!$I$2:$I$1588,""),IFERROR(_xlfn.NUMBERVALUE(_xlfn.TEXTBEFORE(_xlfn.TEXTAFTER(_xlpm.d,"yaw_error="),"deg"),".",","),"")),"")} -> -0.29 | U26: {=IF(AND($F26="success",D26="success"),_xlfn.LET(_xlpm.d,_xlfn.XLOOKUP(1,(Event_logs!$A$2:$A$1588=$A26)*(Event_logs!$H$2:$H$1588="side_align_complete"),Event_logs!$I$2:$I$1588,""),IFERROR(_xlfn.NUMBERVALUE(_xlfn.TEXTBEFORE(_xlfn.TEXTAFTER(_xlpm.d,"yaw_error="),"deg"),".",","),"")),"")} -> -0.29 | X26: {=IF(OR($G26="success",$G26="sucess"),_xlfn.XLOOKUP(1,(Event_logs!$A$2:$A$1588=$A26)*(Event_logs!$H$2:$H$1588="side_align_complete"),Event_logs!$I$2:$I$1588,""),"")} -> side_align_left_done | final camera=left ids=[22, 23, 24, 25, 26] target_pair=[24, 25] target_x=+0.3576 target_y=+0.2541 center_x=+0.3144 center_y=-0.0530 yaw=+179.71deg error_x=+0.0016 yaw_error=-0.29deg tolerance_x=0.0060 tolerance_yaw=2.00deg | Y26: {=IF(OR($G26="success",$G26="sucess"),_xlfn.XLOOKUP(1,(Event_logs!$A$2:$A$1588=$A26)*(Event_logs!$H$2:$H$1588="fine_align_complete"),Event_logs!$I$2:$I$1588,""),"")} -> fine_align_under_done | final ids=[3, 12] center_x=+0.1290 center_y=-0.0002 yaw=-12.73deg orientation=normal error_x=-0.0035 error_y=-0.0064 yaw_error=-1.73deg target_x=+0.1325 target_y=+0.0062 tolerance_x=0.0040 tolerance_y=0.0100 tolerance_yaw=3.00deg | Z26: {=IF(OR($G26="success",$G26="sucess",$G26="unsuccessfull",$G26="partial"),_xlfn.LET(_xlpm.d,_xlfn.XLOOKUP(1,(Event_logs!$A$2:$A$1588=$A26)*(Event_logs!$H$2:$H$1588="fine_align_complete"),Event_logs!$I$2:$I$1588,""),IFERROR(_xlfn.NUMBERVALUE(_xlfn.TEXTBEFORE(_xlfn.TEXTAFTER(_xlpm.d,"error_x=")&" "," "),".",","),"")),"")} -> -0.0035 | AA26: {=IF(AND($G26="success",$I26="success"),_xlfn.LET(_xlpm.d,_xlfn.XLOOKUP(1,(Event_logs!$A$2:$A$1588=$A26)*(Event_logs!$H$2:$H$1588="fine_align_complete"),Event_logs!$I$2:$I$1588,""),IFERROR(_xlfn.NUMBERVALUE(_xlfn.TEXTBEFORE(_xlfn.TEXTAFTER(_xlpm.d,"error_x=")&" "," "),".",","),"")),"")} -> -0.0035 | AB26: {=IF($G26="success",_xlfn.LET(_xlpm.d,_xlfn.XLOOKUP(1,(Event_logs!$A$2:$A$1588=$A26)*(Event_logs!$H$2:$H$1588="fine_align_complete"),Event_logs!$I$2:$I$1588,""),IFERROR(_xlfn.NUMBERVALUE(_xlfn.TEXTBEFORE(_xlfn.TEXTAFTER(_xlpm.d,"error_y=")&" "," "),".",","),"")),"")} -> -0.0064 | AC26: {=IF(AND($G26="success",$I26="success"),_xlfn.LET(_xlpm.d,_xlfn.XLOOKUP(1,(Event_logs!$A$2:$A$1588=$A26)*(Event_logs!$H$2:$H$1588="fine_align_complete"),Event_logs!$I$2:$I$1588,""),IFERROR(_xlfn.NUMBERVALUE(_xlfn.TEXTBEFORE(_xlfn.TEXTAFTER(_xlpm.d,"error_y=")&" "," "),".",","),"")),"")} -> -0.0064 | AD26: {=IF(AND($G26="success",$I26="success"),_xlfn.LET(_xlpm.d,_xlfn.XLOOKUP(1,(Event_logs!$A$2:$A$1588=$A26)*(Event_logs!$H$2:$H$1588="fine_align_complete"),Event_logs!$I$2:$I$1588,""),IFERROR(_xlfn.NUMBERVALUE(_xlfn.TEXTBEFORE(_xlfn.TEXTAFTER(_xlpm.d,"yaw_error="),"deg"),".",","),"")),"")} -> -1.73 | AE26: {=IF($G26="success",_xlfn.LET(_xlpm.d,_xlfn.XLOOKUP(1,(Event_logs!$A$2:$A$1588=$A26)*(Event_logs!$H$2:$H$1588="fine_align_complete"),Event_logs!$I$2:$I$1588,""),IFERROR(_xlfn.NUMBERVALUE(_xlfn.TEXTBEFORE(_xlfn.TEXTAFTER(_xlpm.d,"yaw_error="),"deg"),".",","),"")),"")} -> -1.73
A27: =IF(Handnotes!$A$3="y",Handnotes!$B$3,"") -> 2 | B27: =IF($A27="","",IFERROR(Handnotes!$C$3,"")) -> Normal | C27: =IF($A27="","",IFERROR(Handnotes!$D$3,"")) -> Trash Trolley | D27: =IF($A27="","",IFERROR(Handnotes!$E$3,"")) -> success | E27: =IF($A27="","",IFERROR(Handnotes!$G$3,"")) -> correct | F27: =IF($A27="","",IFERROR(Handnotes!$H$3,"")) -> success | G27: =IF($A27="","",IFERROR(Handnotes!$J$3,"")) -> success | H27: =IF($A27="","",IFERROR(Handnotes!$K$3,"")) -> NO | I27: =IF($A27="","",IFERROR(Handnotes!$M$3,"")) -> success | J27: =IF($A27="","",IFERROR(Handnotes!$O$3,"")) -> success | K27: =IF($A27="","",IFERROR(Handnotes!$P$3,"")) -> success | L27: =IF($A27="","",IFERROR(Handnotes!$Q$3,"")) -> success | M27: {=IF($D27="success",_xlfn.LET(_xlpm.run,$A27,_xlpm.start_cmd,IFERROR(_xlfn.XLOOKUP(1,(Event_logs!$A$2:$A$1588=_xlpm.run)*(Event_logs!$F$2:$F$1588="command")*(Event_logs!$G$2:$G$1588="trolley_command")*(Event_logs!$H$2:$H$1588="side_align"),Event_logs!$E$2:$E$1588),""),_xlpm.start_fb,IFERROR(_xlfn.XLOOKUP(1,(Event_logs!$A$2:$A$1588=_xlpm.run)*(Event_logs!$F$2:$F$1588="dropzone_status")*ISNUMBER(SEARCH("side_aligning",Event_logs!$I$2:$I$1588)),Event_logs!$E$2:$E$1588),""),_xlpm.start,IF(_xlpm.start_cmd<>"",_xlpm.start_cmd,_xlpm.start_fb),_xlpm.ende,IFERROR(_xlfn.XLOOKUP(1,(Event_logs!$A$2:$A$1588=_xlpm.run)*(Event_logs!$F$2:$F$1588="physical_status")*(Event_logs!$G$2:$G$1588="physical_alignment")*(Event_logs!$H$2:$H$1588="side_align_complete")*ISNUMBER(SEARCH("side_align_left_done",Event_logs!$I$2:$I$1588)),Event_logs!$E$2:$E$1588),""),_xlpm.diff,_xlpm.ende-_xlpm.start,_xlpm.sek,IF(_xlpm.diff>1000,_xlpm.diff/1000,_xlpm.diff),IFERROR(IF(AND(_xlpm.start<>"",_xlpm.ende<>"",_xlpm.sek>=0),_xlpm.sek,""),"")),"")} -> 7.603 | N27: {=IF($F27="success",_xlfn.LET(_xlpm.run,$A27,_xlpm.start_cmd,IFERROR(_xlfn.XLOOKUP(1,(Event_logs!$A$2:$A$1588=_xlpm.run)*(Event_logs!$F$2:$F$1588="command")*(Event_logs!$G$2:$G$1588="trolley_command")*(Event_logs!$H$2:$H$1588="drive_under"),Event_logs!$E$2:$E$1588),""),_xlpm.start_fb,IFERROR(_xlfn.XLOOKUP(1,(Event_logs!$A$2:$A$1588=_xlpm.run)*(Event_logs!$F$2:$F$1588="dropzone_status")*ISNUMBER(SEARCH("drive_under_active",Event_logs!$I$2:$I$1588)),Event_logs!$E$2:$E$1588),""),_xlpm.start,IF(_xlpm.start_cmd<>"",_xlpm.start_cmd,_xlpm.start_fb),_xlpm.ende,IFERROR(_xlfn.XLOOKUP(1,(Event_logs!$A$2:$A$1588=_xlpm.run)*(Event_logs!$F$2:$F$1588="physical_status")*(Event_logs!$G$2:$G$1588="physical_alignment")*(Event_logs!$H$2:$H$1588="under_trolley")*ISNUMBER(SEARCH("drive_straight_under_done",Event_logs!$I$2:$I$1588)),Event_logs!$E$2:$E$1588),""),_xlpm.diff,_xlpm.ende-_xlpm.start,_xlpm.sek,IF(_xlpm.diff>1000,_xlpm.diff/1000,_xlpm.diff),IFERROR(IF(AND(_xlpm.start<>"",_xlpm.ende<>"",_xlpm.sek>=0),_xlpm.sek,""),"")),"")} -> 9.43 | O27: {=IF($G27="success",_xlfn.LET(_xlpm.run,$A27,_xlpm.start_cmd,IFERROR(_xlfn.XLOOKUP(1,(Event_logs!$A$2:$A$1588=_xlpm.run)*(Event_logs!$F$2:$F$1588="command")*(Event_logs!$G$2:$G$1588="trolley_command")*(Event_logs!$H$2:$H$1588="fine_align"),Event_logs!$E$2:$E$1588),""),_xlpm.start_fb,IFERROR(_xlfn.XLOOKUP(1,(Event_logs!$A$2:$A$1588=_xlpm.run)*(Event_logs!$F$2:$F$1588="dropzone_status")*ISNUMBER(SEARCH("fine_aligning",Event_logs!$I$2:$I$1588)),Event_logs!$E$2:$E$1588),""),_xlpm.start,IF(_xlpm.start_cmd<>"",_xlpm.start_cmd,_xlpm.start_fb),_xlpm.ende,IFERROR(_xlfn.XLOOKUP(1,(Event_logs!$A$2:$A$1588=_xlpm.run)*(Event_logs!$F$2:$F$1588="physical_status")*(Event_logs!$G$2:$G$1588="physical_alignment")*(Event_logs!$H$2:$H$1588="fine_align_complete")*ISNUMBER(SEARCH("fine_align_under_done",Event_logs!$I$2:$I$1588)),Event_logs!$E$2:$E$1588),""),_xlpm.diff,_xlpm.ende-_xlpm.start,_xlpm.sek,IF(_xlpm.diff>1000,_xlpm.diff/1000,_xlpm.diff),IFERROR(IF(AND(_xlpm.start<>"",_xlpm.ende<>"",_xlpm.sek>=0),_xlpm.sek,""),"")),"")} -> 2.232 | P27: =IF(AND(D27="success",F27="success",G27="success"),SUM(M27:O27),"") -> 19.265 | Q27: =_xlfn.LET(_xlpm.t,$A27,_xlpm.s,_xlfn.MINIFS(Event_logs!$E$2:$E$1588,Event_logs!$A$2:$A$1588,_xlpm.t,Event_logs!$H$2:$H$1588,"fine_align_complete"),_xlpm.e,_xlfn.MINIFS(Event_logs!$E$2:$E$1588,Event_logs!$A$2:$A$1588,_xlpm.t,Event_logs!$H$2:$H$1588,"docking sucessfull"),IF(AND(OR($I27="success",$I27="sucess"),_xlpm.s>0,_xlpm.e>_xlpm.s),(_xlpm.e-_xlpm.s)/1000,"")) -> 33.933 | R27: {=IF($D27="success",_xlfn.LET(_xlpm.d,_xlfn.XLOOKUP(1,(Event_logs!$A$2:$A$1588=$A27)*(Event_logs!$H$2:$H$1588="side_align_complete"),Event_logs!$I$2:$I$1588,""),IFERROR(_xlfn.NUMBERVALUE(_xlfn.TEXTBEFORE(_xlfn.TEXTAFTER(_xlpm.d,"error_x=")&" "," "),".",","),"")),"")} -> 0.0034 | S27: {=IF(AND($F27="success",$D27="success"),_xlfn.LET(_xlpm.d,_xlfn.XLOOKUP(1,(Event_logs!$A$2:$A$1588=$A27)*(Event_logs!$H$2:$H$1588="side_align_complete"),Event_logs!$I$2:$I$1588,""),IFERROR(_xlfn.NUMBERVALUE(_xlfn.TEXTBEFORE(_xlfn.TEXTAFTER(_xlpm.d,"error_x=")&" "," "),".",","),"")),"")} -> 0.0034 | T27: {=IF($D27="success",_xlfn.LET(_xlpm.d,_xlfn.XLOOKUP(1,(Event_logs!$A$2:$A$1588=$A27)*(Event_logs!$H$2:$H$1588="side_align_complete"),Event_logs!$I$2:$I$1588,""),IFERROR(_xlfn.NUMBERVALUE(_xlfn.TEXTBEFORE(_xlfn.TEXTAFTER(_xlpm.d,"yaw_error="),"deg"),".",","),"")),"")} -> -0.25 | U27: {=IF(AND($F27="success",D27="success"),_xlfn.LET(_xlpm.d,_xlfn.XLOOKUP(1,(Event_logs!$A$2:$A$1588=$A27)*(Event_logs!$H$2:$H$1588="side_align_complete"),Event_logs!$I$2:$I$1588,""),IFERROR(_xlfn.NUMBERVALUE(_xlfn.TEXTBEFORE(_xlfn.TEXTAFTER(_xlpm.d,"yaw_error="),"deg"),".",","),"")),"")} -> -0.25 | W27: {=IF(OR($G27="success",$G27="sucess"),_xlfn.LET(_xlpm.d,_xlfn.XLOOKUP(1,(Event_logs!$A$2:$A$1588=$A27)*(Event_logs!$H$2:$H$1588="side_align_complete"),Event_logs!$I$2:$I$1588,""),IFERROR(_xlfn.NUMBERVALUE(_xlfn.TEXTBEFORE(_xlfn.TEXTAFTER(_xlpm.d,"yaw="),"deg"),".",","),"")),"")} -> 179.75 | X27: {=IF(OR($G27="success",$G27="sucess"),_xlfn.XLOOKUP(1,(Event_logs!$A$2:$A$1588=$A27)*(Event_logs!$H$2:$H$1588="side_align_complete"),Event_logs!$I$2:$I$1588,""),"")} -> side_align_left_done | final camera=left ids=[23, 24, 25, 26] target_pair=[24, 25] target_x=+0.3594 target_y=+0.2713 center_x=+0.3676 center_y=-0.0358 yaw=+179.75deg error_x=+0.0034 yaw_error=-0.25deg tolerance_x=0.0060 tolerance_yaw=2.00deg | Z27: {=IF(OR($G27="success",$G27="sucess",$G27="unsuccessfull",$G27="partial"),_xlfn.LET(_xlpm.d,_xlfn.XLOOKUP(1,(Event_logs!$A$2:$A$1588=$A27)*(Event_logs!$H$2:$H$1588="fine_align_complete"),Event_logs!$I$2:$I$1588,""),IFERROR(_xlfn.NUMBERVALUE(_xlfn.TEXTBEFORE(_xlfn.TEXTAFTER(_xlpm.d,"error_x=")&" "," "),".",","),"")),"")} -> -0.0019 | AA27: {=IF(AND($G27="success",$I27="success"),_xlfn.LET(_xlpm.d,_xlfn.XLOOKUP(1,(Event_logs!$A$2:$A$1588=$A27)*(Event_logs!$H$2:$H$1588="fine_align_complete"),Event_logs!$I$2:$I$1588,""),IFERROR(_xlfn.NUMBERVALUE(_xlfn.TEXTBEFORE(_xlfn.TEXTAFTER(_xlpm.d,"error_x=")&" "," "),".",","),"")),"")} -> -0.0019 | AB27: {=IF($G27="success",_xlfn.LET(_xlpm.d,_xlfn.XLOOKUP(1,(Event_logs!$A$2:$A$1588=$A27)*(Event_logs!$H$2:$H$1588="fine_align_complete"),Event_logs!$I$2:$I$1588,""),IFERROR(_xlfn.NUMBERVALUE(_xlfn.TEXTBEFORE(_xlfn.TEXTAFTER(_xlpm.d,"error_y=")&" "," "),".",","),"")),"")} -> -0.0053 | AC27: {=IF(AND($G27="success",$I27="success"),_xlfn.LET(_xlpm.d,_xlfn.XLOOKUP(1,(Event_logs!$A$2:$A$1588=$A27)*(Event_logs!$H$2:$H$1588="fine_align_complete"),Event_logs!$I$2:$I$1588,""),IFERROR(_xlfn.NUMBERVALUE(_xlfn.TEXTBEFORE(_xlfn.TEXTAFTER(_xlpm.d,"error_y=")&" "," "),".",","),"")),"")} -> -0.0053 | AD27: {=IF(AND($G27="success",$I27="success"),_xlfn.LET(_xlpm.d,_xlfn.XLOOKUP(1,(Event_logs!$A$2:$A$1588=$A27)*(Event_logs!$H$2:$H$1588="fine_align_complete"),Event_logs!$I$2:$I$1588,""),IFERROR(_xlfn.NUMBERVALUE(_xlfn.TEXTBEFORE(_xlfn.TEXTAFTER(_xlpm.d,"yaw_error="),"deg"),".",","),"")),"")} -> -2.02 | AE27: {=IF($G27="success",_xlfn.LET(_xlpm.d,_xlfn.XLOOKUP(1,(Event_logs!$A$2:$A$1588=$A27)*(Event_logs!$H$2:$H$1588="fine_align_complete"),Event_logs!$I$2:$I$1588,""),IFERROR(_xlfn.NUMBERVALUE(_xlfn.TEXTBEFORE(_xlfn.TEXTAFTER(_xlpm.d,"yaw_error="),"deg"),".",","),"")),"")} -> -2.02
A28: =IF(Handnotes!$A$4="y",Handnotes!$B$4,"") -> 3 | B28: =IF($A28="","",IFERROR(Handnotes!$C$4,"")) -> Flipped 180 deg | C28: =IF($A28="","",IFERROR(Handnotes!$D$4,"")) -> Trash Trolley | D28: =IF($A28="","",IFERROR(Handnotes!$E$4,"")) -> success | E28: =IF($A28="","",IFERROR(Handnotes!$G$4,"")) -> correct | F28: =IF($A28="","",IFERROR(Handnotes!$H$4,"")) -> success | G28: =IF($A28="","",IFERROR(Handnotes!$J$4,"")) -> success | H28: =IF($A28="","",IFERROR(Handnotes!$K$4,"")) -> YES | I28: =IF($A28="","",IFERROR(Handnotes!$M$4,"")) -> unsuccessfull | J28: =IF($A28="","",IFERROR(Handnotes!$O$4,"")) -> success | K28: =IF($A28="","",IFERROR(Handnotes!$P$4,"")) -> success | L28: =IF($A28="","",IFERROR(Handnotes!$Q$4,"")) -> success | M28: {=IF($D28="success",_xlfn.LET(_xlpm.run,$A28,_xlpm.start_cmd,IFERROR(_xlfn.XLOOKUP(1,(Event_logs!$A$2:$A$1588=_xlpm.run)*(Event_logs!$F$2:$F$1588="command")*(Event_logs!$G$2:$G$1588="trolley_command")*(Event_logs!$H$2:$H$1588="side_align"),Event_logs!$E$2:$E$1588),""),_xlpm.start_fb,IFERROR(_xlfn.XLOOKUP(1,(Event_logs!$A$2:$A$1588=_xlpm.run)*(Event_logs!$F$2:$F$1588="dropzone_status")*ISNUMBER(SEARCH("side_aligning",Event_logs!$I$2:$I$1588)),Event_logs!$E$2:$E$1588),""),_xlpm.start,IF(_xlpm.start_cmd<>"",_xlpm.start_cmd,_xlpm.start_fb),_xlpm.ende,IFERROR(_xlfn.XLOOKUP(1,(Event_logs!$A$2:$A$1588=_xlpm.run)*(Event_logs!$F$2:$F$1588="physical_status")*(Event_logs!$G$2:$G$1588="physical_alignment")*(Event_logs!$H$2:$H$1588="side_align_complete")*ISNUMBER(SEARCH("side_align_left_done",Event_logs!$I$2:$I$1588)),Event_logs!$E$2:$E$1588),""),_xlpm.diff,_xlpm.ende-_xlpm.start,_xlpm.sek,IF(_xlpm.diff>1000,_xlpm.diff/1000,_xlpm.diff),IFERROR(IF(AND(_xlpm.start<>"",_xlpm.ende<>"",_xlpm.sek>=0),_xlpm.sek,""),"")),"")} -> 18.675 | N28: {=IF($F28="success",_xlfn.LET(_xlpm.run,$A28,_xlpm.start_cmd,IFERROR(_xlfn.XLOOKUP(1,(Event_logs!$A$2:$A$1588=_xlpm.run)*(Event_logs!$F$2:$F$1588="command")*(Event_logs!$G$2:$G$1588="trolley_command")*(Event_logs!$H$2:$H$1588="drive_under"),Event_logs!$E$2:$E$1588),""),_xlpm.start_fb,IFERROR(_xlfn.XLOOKUP(1,(Event_logs!$A$2:$A$1588=_xlpm.run)*(Event_logs!$F$2:$F$1588="dropzone_status")*ISNUMBER(SEARCH("drive_under_active",Event_logs!$I$2:$I$1588)),Event_logs!$E$2:$E$1588),""),_xlpm.start,IF(_xlpm.start_cmd<>"",_xlpm.start_cmd,_xlpm.start_fb),_xlpm.ende,IFERROR(_xlfn.XLOOKUP(1,(Event_logs!$A$2:$A$1588=_xlpm.run)*(Event_logs!$F$2:$F$1588="physical_status")*(Event_logs!$G$2:$G$1588="physical_alignment")*(Event_logs!$H$2:$H$1588="under_trolley")*ISNUMBER(SEARCH("drive_straight_under_done",Event_logs!$I$2:$I$1588)),Event_logs!$E$2:$E$1588),""),_xlpm.diff,_xlpm.ende-_xlpm.start,_xlpm.sek,IF(_xlpm.diff>1000,_xlpm.diff/1000,_xlpm.diff),IFERROR(IF(AND(_xlpm.start<>"",_xlpm.ende<>"",_xlpm.sek>=0),_xlpm.sek,""),"")),"")} -> 9.483 | O28: {=IF($G28="success",_xlfn.LET(_xlpm.run,$A28,_xlpm.start_cmd,IFERROR(_xlfn.XLOOKUP(1,(Event_logs!$A$2:$A$1588=_xlpm.run)*(Event_logs!$F$2:$F$1588="command")*(Event_logs!$G$2:$G$1588="trolley_command")*(Event_logs!$H$2:$H$1588="fine_align"),Event_logs!$E$2:$E$1588),""),_xlpm.start_fb,IFERROR(_xlfn.XLOOKUP(1,(Event_logs!$A$2:$A$1588=_xlpm.run)*(Event_logs!$F$2:$F$1588="dropzone_status")*ISNUMBER(SEARCH("fine_aligning",Event_logs!$I$2:$I$1588)),Event_logs!$E$2:$E$1588),""),_xlpm.start,IF(_xlpm.start_cmd<>"",_xlpm.start_cmd,_xlpm.start_fb),_xlpm.ende,IFERROR(_xlfn.XLOOKUP(1,(Event_logs!$A$2:$A$1588=_xlpm.run)*(Event_logs!$F$2:$F$1588="physical_status")*(Event_logs!$G$2:$G$1588="physical_alignment")*(Event_logs!$H$2:$H$1588="fine_align_complete")*ISNUMBER(SEARCH("fine_align_under_done",Event_logs!$I$2:$I$1588)),Event_logs!$E$2:$E$1588),""),_xlpm.diff,_xlpm.ende-_xlpm.start,_xlpm.sek,IF(_xlpm.diff>1000,_xlpm.diff/1000,_xlpm.diff),IFERROR(IF(AND(_xlpm.start<>"",_xlpm.ende<>"",_xlpm.sek>=0),_xlpm.sek,""),"")),"")} -> 134.049 | P28: =IF(AND(D28="success",F28="success",G28="success"),SUM(M28:O28),"") -> 162.207 | Q28: =_xlfn.LET(_xlpm.t,$A28,_xlpm.s,_xlfn.MINIFS(Event_logs!$E$2:$E$1588,Event_logs!$A$2:$A$1588,_xlpm.t,Event_logs!$H$2:$H$1588,"fine_align_complete"),_xlpm.e,_xlfn.MINIFS(Event_logs!$E$2:$E$1588,Event_logs!$A$2:$A$1588,_xlpm.t,Event_logs!$H$2:$H$1588,"docking sucessfull"),IF(AND(OR($I28="success",$I28="sucess"),_xlpm.s>0,_xlpm.e>_xlpm.s),(_xlpm.e-_xlpm.s)/1000,"")) | R28: {=IF($D28="success",_xlfn.LET(_xlpm.d,_xlfn.XLOOKUP(1,(Event_logs!$A$2:$A$1588=$A28)*(Event_logs!$H$2:$H$1588="side_align_complete"),Event_logs!$I$2:$I$1588,""),IFERROR(_xlfn.NUMBERVALUE(_xlfn.TEXTBEFORE(_xlfn.TEXTAFTER(_xlpm.d,"error_x=")&" "," "),".",","),"")),"")} -> -0.0057 | S28: {=IF(AND($F28="success",$D28="success"),_xlfn.LET(_xlpm.d,_xlfn.XLOOKUP(1,(Event_logs!$A$2:$A$1588=$A28)*(Event_logs!$H$2:$H$1588="side_align_complete"),Event_logs!$I$2:$I$1588,""),IFERROR(_xlfn.NUMBERVALUE(_xlfn.TEXTBEFORE(_xlfn.TEXTAFTER(_xlpm.d,"error_x=")&" "," "),".",","),"")),"")} -> -0.0057 | T28: {=IF($D28="success",_xlfn.LET(_xlpm.d,_xlfn.XLOOKUP(1,(Event_logs!$A$2:$A$1588=$A28)*(Event_logs!$H$2:$H$1588="side_align_complete"),Event_logs!$I$2:$I$1588,""),IFERROR(_xlfn.NUMBERVALUE(_xlfn.TEXTBEFORE(_xlfn.TEXTAFTER(_xlpm.d,"yaw_error="),"deg"),".",","),"")),"")} -> 0.08 | U28: {=IF(AND($F28="success",D28="success"),_xlfn.LET(_xlpm.d,_xlfn.XLOOKUP(1,(Event_logs!$A$2:$A$1588=$A28)*(Event_logs!$H$2:$H$1588="side_align_complete"),Event_logs!$I$2:$I$1588,""),IFERROR(_xlfn.NUMBERVALUE(_xlfn.TEXTBEFORE(_xlfn.TEXTAFTER(_xlpm.d,"yaw_error="),"deg"),".",","),"")),"")} -> 0.08 | W28: {=IF(OR($G28="success",$G28="sucess"),_xlfn.LET(_xlpm.d,_xlfn.XLOOKUP(1,(Event_logs!$A$2:$A$1588=$A28)*(Event_logs!$H$2:$H$1588="side_align_complete"),Event_logs!$I$2:$I$1588,""),IFERROR(_xlfn.NUMBERVALUE(_xlfn.TEXTBEFORE(_xlfn.TEXTAFTER(_xlpm.d,"yaw="),"deg"),".",","),"")),"")} -> -179.92 | X28: {=IF(OR($G28="success",$G28="sucess"),_xlfn.XLOOKUP(1,(Event_logs!$A$2:$A$1588=$A28)*(Event_logs!$H$2:$H$1588="side_align_complete"),Event_logs!$I$2:$I$1588,""),"")} -> side_align_left_done | final camera=left ids=[17, 18, 19, 20] target_pair=[18, 19] target_x=+0.3503 target_y=+0.2783 center_x=+0.3593 center_y=+0.5844 yaw=-179.92deg error_x=-0.0057 yaw_error=+0.08deg tolerance_x=0.0060 tolerance_yaw=2.00deg | Z28: {=IF(OR($G28="success",$G28="sucess",$G28="unsuccessfull",$G28="partial"),_xlfn.LET(_xlpm.d,_xlfn.XLOOKUP(1,(Event_logs!$A$2:$A$1588=$A28)*(Event_logs!$H$2:$H$1588="fine_align_complete"),Event_logs!$I$2:$I$1588,""),IFERROR(_xlfn.NUMBERVALUE(_xlfn.TEXTBEFORE(_xlfn.TEXTAFTER(_xlpm.d,"error_x=")&" "," "),".",","),"")),"")} -> 0.0037 | AA28: {=IF(AND($G28="success",$I28="success"),_xlfn.LET(_xlpm.d,_xlfn.XLOOKUP(1,(Event_logs!$A$2:$A$1588=$A28)*(Event_logs!$H$2:$H$1588="fine_align_complete"),Event_logs!$I$2:$I$1588,""),IFERROR(_xlfn.NUMBERVALUE(_xlfn.TEXTBEFORE(_xlfn.TEXTAFTER(_xlpm.d,"error_x=")&" "," "),".",","),"")),"")} | AB28: {=IF($G28="success",_xlfn.LET(_xlpm.d,_xlfn.XLOOKUP(1,(Event_logs!$A$2:$A$1588=$A28)*(Event_logs!$H$2:$H$1588="fine_align_complete"),Event_logs!$I$2:$I$1588,""),IFERROR(_xlfn.NUMBERVALUE(_xlfn.TEXTBEFORE(_xlfn.TEXTAFTER(_xlpm.d,"error_y=")&" "," "),".",","),"")),"")} -> 0.005 | AC28: {=IF(AND($G28="success",$I28="success"),_xlfn.LET(_xlpm.d,_xlfn.XLOOKUP(1,(Event_logs!$A$2:$A$1588=$A28)*(Event_logs!$H$2:$H$1588="fine_align_complete"),Event_logs!$I$2:$I$1588,""),IFERROR(_xlfn.NUMBERVALUE(_xlfn.TEXTBEFORE(_xlfn.TEXTAFTER(_xlpm.d,"error_y=")&" "," "),".",","),"")),"")} | AD28: {=IF(AND($G28="success",$I28="success"),_xlfn.LET(_xlpm.d,_xlfn.XLOOKUP(1,(Event_logs!$A$2:$A$1588=$A28)*(Event_logs!$H$2:$H$1588="fine_align_complete"),Event_logs!$I$2:$I$1588,""),IFERROR(_xlfn.NUMBERVALUE(_xlfn.TEXTBEFORE(_xlfn.TEXTAFTER(_xlpm.d,"yaw_error="),"deg"),".",","),"")),"")} | AE28: {=IF($G28="success",_xlfn.LET(_xlpm.d,_xlfn.XLOOKUP(1,(Event_logs!$A$2:$A$1588=$A28)*(Event_logs!$H$2:$H$1588="fine_align_complete"),Event_logs!$I$2:$I$1588,""),IFERROR(_xlfn.NUMBERVALUE(_xlfn.TEXTBEFORE(_xlfn.TEXTAFTER(_xlpm.d,"yaw_error="),"deg"),".",","),"")),"")} -> -0.01
A29: =IF(Handnotes!$A$5="y",Handnotes!$B$5,"") -> 4 | B29: =IF($A29="","",IFERROR(Handnotes!$C$5,"")) -> Flipped 180 deg | C29: =IF($A29="","",IFERROR(Handnotes!$D$5,"")) -> Laundry Trolley | D29: =IF($A29="","",IFERROR(Handnotes!$E$5,"")) -> success | E29: =IF($A29="","",IFERROR(Handnotes!$G$5,"")) -> correct | F29: =IF($A29="","",IFERROR(Handnotes!$H$5,"")) -> success | G29: =IF($A29="","",IFERROR(Handnotes!$J$5,"")) -> success | H29: =IF($A29="","",IFERROR(Handnotes!$K$5,"")) -> NO | I29: =IF($A29="","",IFERROR(Handnotes!$M$5,"")) -> success | J29: =IF($A29="","",IFERROR(Handnotes!$O$5,"")) -> success | K29: =IF($A29="","",IFERROR(Handnotes!$P$5,"")) -> success | L29: =IF($A29="","",IFERROR(Handnotes!$Q$5,"")) -> success | M29: {=IF($D29="success",_xlfn.LET(_xlpm.run,$A29,_xlpm.start_cmd,IFERROR(_xlfn.XLOOKUP(1,(Event_logs!$A$2:$A$1588=_xlpm.run)*(Event_logs!$F$2:$F$1588="command")*(Event_logs!$G$2:$G$1588="trolley_command")*(Event_logs!$H$2:$H$1588="side_align"),Event_logs!$E$2:$E$1588),""),_xlpm.start_fb,IFERROR(_xlfn.XLOOKUP(1,(Event_logs!$A$2:$A$1588=_xlpm.run)*(Event_logs!$F$2:$F$1588="dropzone_status")*ISNUMBER(SEARCH("side_aligning",Event_logs!$I$2:$I$1588)),Event_logs!$E$2:$E$1588),""),_xlpm.start,IF(_xlpm.start_cmd<>"",_xlpm.start_cmd,_xlpm.start_fb),_xlpm.ende,IFERROR(_xlfn.XLOOKUP(1,(Event_logs!$A$2:$A$1588=_xlpm.run)*(Event_logs!$F$2:$F$1588="physical_status")*(Event_logs!$G$2:$G$1588="physical_alignment")*(Event_logs!$H$2:$H$1588="side_align_complete")*ISNUMBER(SEARCH("side_align_left_done",Event_logs!$I$2:$I$1588)),Event_logs!$E$2:$E$1588),""),_xlpm.diff,_xlpm.ende-_xlpm.start,_xlpm.sek,IF(_xlpm.diff>1000,_xlpm.diff/1000,_xlpm.diff),IFERROR(IF(AND(_xlpm.start<>"",_xlpm.ende<>"",_xlpm.sek>=0),_xlpm.sek,""),"")),"")} -> 6.173 | N29: {=IF($F29="success",_xlfn.LET(_xlpm.run,$A29,_xlpm.start_cmd,IFERROR(_xlfn.XLOOKUP(1,(Event_logs!$A$2:$A$1588=_xlpm.run)*(Event_logs!$F$2:$F$1588="command")*(Event_logs!$G$2:$G$1588="trolley_command")*(Event_logs!$H$2:$H$1588="drive_under"),Event_logs!$E$2:$E$1588),""),_xlpm.start_fb,IFERROR(_xlfn.XLOOKUP(1,(Event_logs!$A$2:$A$1588=_xlpm.run)*(Event_logs!$F$2:$F$1588="dropzone_status")*ISNUMBER(SEARCH("drive_under_active",Event_logs!$I$2:$I$1588)),Event_logs!$E$2:$E$1588),""),_xlpm.start,IF(_xlpm.start_cmd<>"",_xlpm.start_cmd,_xlpm.start_fb),_xlpm.ende,IFERROR(_xlfn.XLOOKUP(1,(Event_logs!$A$2:$A$1588=_xlpm.run)*(Event_logs!$F$2:$F$1588="physical_status")*(Event_logs!$G$2:$G$1588="physical_alignment")*(Event_logs!$H$2:$H$1588="under_trolley")*ISNUMBER(SEARCH("drive_straight_under_done",Event_logs!$I$2:$I$1588)),Event_logs!$E$2:$E$1588),""),_xlpm.diff,_xlpm.ende-_xlpm.start,_xlpm.sek,IF(_xlpm.diff>1000,_xlpm.diff/1000,_xlpm.diff),IFERROR(IF(AND(_xlpm.start<>"",_xlpm.ende<>"",_xlpm.sek>=0),_xlpm.sek,""),"")),"")} -> 9.453 | O29: {=IF($G29="success",_xlfn.LET(_xlpm.run,$A29,_xlpm.start_cmd,IFERROR(_xlfn.XLOOKUP(1,(Event_logs!$A$2:$A$1588=_xlpm.run)*(Event_logs!$F$2:$F$1588="command")*(Event_logs!$G$2:$G$1588="trolley_command")*(Event_logs!$H$2:$H$1588="fine_align"),Event_logs!$E$2:$E$1588),""),_xlpm.start_fb,IFERROR(_xlfn.XLOOKUP(1,(Event_logs!$A$2:$A$1588=_xlpm.run)*(Event_logs!$F$2:$F$1588="dropzone_status")*ISNUMBER(SEARCH("fine_aligning",Event_logs!$I$2:$I$1588)),Event_logs!$E$2:$E$1588),""),_xlpm.start,IF(_xlpm.start_cmd<>"",_xlpm.start_cmd,_xlpm.start_fb),_xlpm.ende,IFERROR(_xlfn.XLOOKUP(1,(Event_logs!$A$2:$A$1588=_xlpm.run)*(Event_logs!$F$2:$F$1588="physical_status")*(Event_logs!$G$2:$G$1588="physical_alignment")*(Event_logs!$H$2:$H$1588="fine_align_complete")*ISNUMBER(SEARCH("fine_align_under_done",Event_logs!$I$2:$I$1588)),Event_logs!$E$2:$E$1588),""),_xlpm.diff,_xlpm.ende-_xlpm.start,_xlpm.sek,IF(_xlpm.diff>1000,_xlpm.diff/1000,_xlpm.diff),IFERROR(IF(AND(_xlpm.start<>"",_xlpm.ende<>"",_xlpm.sek>=0),_xlpm.sek,""),"")),"")} -> 7.431 | P29: =IF(AND(D29="success",F29="success",G29="success"),SUM(M29:O29),"") -> 23.057 | Q29: =_xlfn.LET(_xlpm.t,$A29,_xlpm.s,_xlfn.MINIFS(Event_logs!$E$2:$E$1588,Event_logs!$A$2:$A$1588,_xlpm.t,Event_logs!$H$2:$H$1588,"fine_align_complete"),_xlpm.e,_xlfn.MINIFS(Event_logs!$E$2:$E$1588,Event_logs!$A$2:$A$1588,_xlpm.t,Event_logs!$H$2:$H$1588,"docking sucessfull"),IF(AND(OR($I29="success",$I29="sucess"),_xlpm.s>0,_xlpm.e>_xlpm.s),(_xlpm.e-_xlpm.s)/1000,"")) -> 32.801 | R29: {=IF($D29="success",_xlfn.LET(_xlpm.d,_xlfn.XLOOKUP(1,(Event_logs!$A$2:$A$1588=$A29)*(Event_logs!$H$2:$H$1588="side_align_complete"),Event_logs!$I$2:$I$1588,""),IFERROR(_xlfn.NUMBERVALUE(_xlfn.TEXTBEFORE(_xlfn.TEXTAFTER(_xlpm.d,"error_x=")&" "," "),".",","),"")),"")} -> 0.0004 | S29: {=IF(AND($F29="success",$D29="success"),_xlfn.LET(_xlpm.d,_xlfn.XLOOKUP(1,(Event_logs!$A$2:$A$1588=$A29)*(Event_logs!$H$2:$H$1588="side_align_complete"),Event_logs!$I$2:$I$1588,""),IFERROR(_xlfn.NUMBERVALUE(_xlfn.TEXTBEFORE(_xlfn.TEXTAFTER(_xlpm.d,"error_x=")&" "," "),".",","),"")),"")} -> 0.0004 | T29: {=IF($D29="success",_xlfn.LET(_xlpm.d,_xlfn.XLOOKUP(1,(Event_logs!$A$2:$A$1588=$A29)*(Event_logs!$H$2:$H$1588="side_align_complete"),Event_logs!$I$2:$I$1588,""),IFERROR(_xlfn.NUMBERVALUE(_xlfn.TEXTBEFORE(_xlfn.TEXTAFTER(_xlpm.d,"yaw_error="),"deg"),".",","),"")),"")} -> 1.09 | U29: {=IF(AND($F29="success",D29="success"),_xlfn.LET(_xlpm.d,_xlfn.XLOOKUP(1,(Event_logs!$A$2:$A$1588=$A29)*(Event_logs!$H$2:$H$1588="side_align_complete"),Event_logs!$I$2:$I$1588,""),IFERROR(_xlfn.NUMBERVALUE(_xlfn.TEXTBEFORE(_xlfn.TEXTAFTER(_xlpm.d,"yaw_error="),"deg"),".",","),"")),"")} -> 1.09 | W29: {=IF(OR($G29="success",$G29="sucess"),_xlfn.LET(_xlpm.d,_xlfn.XLOOKUP(1,(Event_logs!$A$2:$A$1588=$A29)*(Event_logs!$H$2:$H$1588="side_align_complete"),Event_logs!$I$2:$I$1588,""),IFERROR(_xlfn.NUMBERVALUE(_xlfn.TEXTBEFORE(_xlfn.TEXTAFTER(_xlpm.d,"yaw="),"deg"),".",","),"")),"")} -> -178.91 | X29: {=IF(OR($G29="success",$G29="sucess"),_xlfn.XLOOKUP(1,(Event_logs!$A$2:$A$1588=$A29)*(Event_logs!$H$2:$H$1588="side_align_complete"),Event_logs!$I$2:$I$1588,""),"")} -> side_align_left_done | final camera=left ids=[17, 18, 19, 20] target_pair=[18, 19] target_x=+0.3564 target_y=+0.2735 center_x=+0.3584 center_y=+0.5793 yaw=-178.91deg error_x=+0.0004 yaw_error=+1.09deg tolerance_x=0.0060 tolerance_yaw=2.00deg | Z29: {=IF(OR($G29="success",$G29="sucess",$G29="unsuccessfull",$G29="partial"),_xlfn.LET(_xlpm.d,_xlfn.XLOOKUP(1,(Event_logs!$A$2:$A$1588=$A29)*(Event_logs!$H$2:$H$1588="fine_align_complete"),Event_logs!$I$2:$I$1588,""),IFERROR(_xlfn.NUMBERVALUE(_xlfn.TEXTBEFORE(_xlfn.TEXTAFTER(_xlpm.d,"error_x=")&" "," "),".",","),"")),"")} -> 0.0019 | AA29: {=IF(AND($G29="success",$I29="success"),_xlfn.LET(_xlpm.d,_xlfn.XLOOKUP(1,(Event_logs!$A$2:$A$1588=$A29)*(Event_logs!$H$2:$H$1588="fine_align_complete"),Event_logs!$I$2:$I$1588,""),IFERROR(_xlfn.NUMBERVALUE(_xlfn.TEXTBEFORE(_xlfn.TEXTAFTER(_xlpm.d,"error_x=")&" "," "),".",","),"")),"")} -> 0.0019 | AB29: {=IF($G29="success",_xlfn.LET(_xlpm.d,_xlfn.XLOOKUP(1,(Event_logs!$A$2:$A$1588=$A29)*(Event_logs!$H$2:$H$1588="fine_align_complete"),Event_logs!$I$2:$I$1588,""),IFERROR(_xlfn.NUMBERVALUE(_xlfn.TEXTBEFORE(_xlfn.TEXTAFTER(_xlpm.d,"error_y=")&" "," "),".",","),"")),"")} -> 0.0096 | AC29: {=IF(AND($G29="success",$I29="success"),_xlfn.LET(_xlpm.d,_xlfn.XLOOKUP(1,(Event_logs!$A$2:$A$1588=$A29)*(Event_logs!$H$2:$H$1588="fine_align_complete"),Event_logs!$I$2:$I$1588,""),IFERROR(_xlfn.NUMBERVALUE(_xlfn.TEXTBEFORE(_xlfn.TEXTAFTER(_xlpm.d,"error_y=")&" "," "),".",","),"")),"")} -> 0.0096 | AD29: {=IF(AND($G29="success",$I29="success"),_xlfn.LET(_xlpm.d,_xlfn.XLOOKUP(1,(Event_logs!$A$2:$A$1588=$A29)*(Event_logs!$H$2:$H$1588="fine_align_complete"),Event_logs!$I$2:$I$1588,""),IFERROR(_xlfn.NUMBERVALUE(_xlfn.TEXTBEFORE(_xlfn.TEXTAFTER(_xlpm.d,"yaw_error="),"deg"),".",","),"")),"")} -> -1.45 | AE29: {=IF($G29="success",_xlfn.LET(_xlpm.d,_xlfn.XLOOKUP(1,(Event_logs!$A$2:$A$1588=$A29)*(Event_logs!$H$2:$H$1588="fine_align_complete"),Event_logs!$I$2:$I$1588,""),IFERROR(_xlfn.NUMBERVALUE(_xlfn.TEXTBEFORE(_xlfn.TEXTAFTER(_xlpm.d,"yaw_error="),"deg"),".",","),"")),"")} -> -1.45
A30: =IF(Handnotes!$A$6="y",Handnotes!$B$6,"") -> 5 | B30: =IF($A30="","",IFERROR(Handnotes!$C$6,"")) -> Flipped 180 deg | C30: =IF($A30="","",IFERROR(Handnotes!$D$6,"")) -> Laundry Trolley | D30: =IF($A30="","",IFERROR(Handnotes!$E$6,"")) -> success | E30: =IF($A30="","",IFERROR(Handnotes!$G$6,"")) -> correct | F30: =IF($A30="","",IFERROR(Handnotes!$H$6,"")) -> success | G30: =IF($A30="","",IFERROR(Handnotes!$J$6,"")) -> unsuccessfull | H30: =IF($A30="","",IFERROR(Handnotes!$K$6,"")) -> YES | I30: =IF($A30="","",IFERROR(Handnotes!$M$6,"")) -> unsuccessfull | J30: =IF($A30="","",IFERROR(Handnotes!$O$6,"")) -> success | K30: =IF($A30="","",IFERROR(Handnotes!$P$6,"")) -> success | L30: =IF($A30="","",IFERROR(Handnotes!$Q$6,"")) -> success | M30: {=IF($D30="success",_xlfn.LET(_xlpm.run,$A30,_xlpm.start_cmd,IFERROR(_xlfn.XLOOKUP(1,(Event_logs!$A$2:$A$1588=_xlpm.run)*(Event_logs!$F$2:$F$1588="command")*(Event_logs!$G$2:$G$1588="trolley_command")*(Event_logs!$H$2:$H$1588="side_align"),Event_logs!$E$2:$E$1588),""),_xlpm.start_fb,IFERROR(_xlfn.XLOOKUP(1,(Event_logs!$A$2:$A$1588=_xlpm.run)*(Event_logs!$F$2:$F$1588="dropzone_status")*ISNUMBER(SEARCH("side_aligning",Event_logs!$I$2:$I$1588)),Event_logs!$E$2:$E$1588),""),_xlpm.start,IF(_xlpm.start_cmd<>"",_xlpm.start_cmd,_xlpm.start_fb),_xlpm.ende,IFERROR(_xlfn.XLOOKUP(1,(Event_logs!$A$2:$A$1588=_xlpm.run)*(Event_logs!$F$2:$F$1588="physical_status")*(Event_logs!$G$2:$G$1588="physical_alignment")*(Event_logs!$H$2:$H$1588="side_align_complete")*ISNUMBER(SEARCH("side_align_left_done",Event_logs!$I$2:$I$1588)),Event_logs!$E$2:$E$1588),""),_xlpm.diff,_xlpm.ende-_xlpm.start,_xlpm.sek,IF(_xlpm.diff>1000,_xlpm.diff/1000,_xlpm.diff),IFERROR(IF(AND(_xlpm.start<>"",_xlpm.ende<>"",_xlpm.sek>=0),_xlpm.sek,""),"")),"")} -> 15.463 | N30: {=IF($F30="success",_xlfn.LET(_xlpm.run,$A30,_xlpm.start_cmd,IFERROR(_xlfn.XLOOKUP(1,(Event_logs!$A$2:$A$1588=_xlpm.run)*(Event_logs!$F$2:$F$1588="command")*(Event_logs!$G$2:$G$1588="trolley_command")*(Event_logs!$H$2:$H$1588="drive_under"),Event_logs!$E$2:$E$1588),""),_xlpm.start_fb,IFERROR(_xlfn.XLOOKUP(1,(Event_logs!$A$2:$A$1588=_xlpm.run)*(Event_logs!$F$2:$F$1588="dropzone_status")*ISNUMBER(SEARCH("drive_under_active",Event_logs!$I$2:$I$1588)),Event_logs!$E$2:$E$1588),""),_xlpm.start,IF(_xlpm.start_cmd<>"",_xlpm.start_cmd,_xlpm.start_fb),_xlpm.ende,IFERROR(_xlfn.XLOOKUP(1,(Event_logs!$A$2:$A$1588=_xlpm.run)*(Event_logs!$F$2:$F$1588="physical_status")*(Event_logs!$G$2:$G$1588="physical_alignment")*(Event_logs!$H$2:$H$1588="under_trolley")*ISNUMBER(SEARCH("drive_straight_under_done",Event_logs!$I$2:$I$1588)),Event_logs!$E$2:$E$1588),""),_xlpm.diff,_xlpm.ende-_xlpm.start,_xlpm.sek,IF(_xlpm.diff>1000,_xlpm.diff/1000,_xlpm.diff),IFERROR(IF(AND(_xlpm.start<>"",_xlpm.ende<>"",_xlpm.sek>=0),_xlpm.sek,""),"")),"")} -> 9.438 | O30: {=IF($G30="success",_xlfn.LET(_xlpm.run,$A30,_xlpm.start_cmd,IFERROR(_xlfn.XLOOKUP(1,(Event_logs!$A$2:$A$1588=_xlpm.run)*(Event_logs!$F$2:$F$1588="command")*(Event_logs!$G$2:$G$1588="trolley_command")*(Event_logs!$H$2:$H$1588="fine_align"),Event_logs!$E$2:$E$1588),""),_xlpm.start_fb,IFERROR(_xlfn.XLOOKUP(1,(Event_logs!$A$2:$A$1588=_xlpm.run)*(Event_logs!$F$2:$F$1588="dropzone_status")*ISNUMBER(SEARCH("fine_aligning",Event_logs!$I$2:$I$1588)),Event_logs!$E$2:$E$1588),""),_xlpm.start,IF(_xlpm.start_cmd<>"",_xlpm.start_cmd,_xlpm.start_fb),_xlpm.ende,IFERROR(_xlfn.XLOOKUP(1,(Event_logs!$A$2:$A$1588=_xlpm.run)*(Event_logs!$F$2:$F$1588="physical_status")*(Event_logs!$G$2:$G$1588="physical_alignment")*(Event_logs!$H$2:$H$1588="fine_align_complete")*ISNUMBER(SEARCH("fine_align_under_done",Event_logs!$I$2:$I$1588)),Event_logs!$E$2:$E$1588),""),_xlpm.diff,_xlpm.ende-_xlpm.start,_xlpm.sek,IF(_xlpm.diff>1000,_xlpm.diff/1000,_xlpm.diff),IFERROR(IF(AND(_xlpm.start<>"",_xlpm.ende<>"",_xlpm.sek>=0),_xlpm.sek,""),"")),"")} | P30: =IF(AND(D30="success",F30="success",G30="success"),SUM(M30:O30),"") | Q30: =_xlfn.LET(_xlpm.t,$A30,_xlpm.s,_xlfn.MINIFS(Event_logs!$E$2:$E$1588,Event_logs!$A$2:$A$1588,_xlpm.t,Event_logs!$H$2:$H$1588,"fine_align_complete"),_xlpm.e,_xlfn.MINIFS(Event_logs!$E$2:$E$1588,Event_logs!$A$2:$A$1588,_xlpm.t,Event_logs!$H$2:$H$1588,"docking sucessfull"),IF(AND(OR($I30="success",$I30="sucess"),_xlpm.s>0,_xlpm.e>_xlpm.s),(_xlpm.e-_xlpm.s)/1000,"")) | R30: {=IF($D30="success",_xlfn.LET(_xlpm.d,_xlfn.XLOOKUP(1,(Event_logs!$A$2:$A$1588=$A30)*(Event_logs!$H$2:$H$1588="side_align_complete"),Event_logs!$I$2:$I$1588,""),IFERROR(_xlfn.NUMBERVALUE(_xlfn.TEXTBEFORE(_xlfn.TEXTAFTER(_xlpm.d,"error_x=")&" "," "),".",","),"")),"")} -> -0.0027 | S30: {=IF(AND($F30="success",$D30="success"),_xlfn.LET(_xlpm.d,_xlfn.XLOOKUP(1,(Event_logs!$A$2:$A$1588=$A30)*(Event_logs!$H$2:$H$1588="side_align_complete"),Event_logs!$I$2:$I$1588,""),IFERROR(_xlfn.NUMBERVALUE(_xlfn.TEXTBEFORE(_xlfn.TEXTAFTER(_xlpm.d,"error_x=")&" "," "),".",","),"")),"")} -> -0.0027 | T30: {=IF($D30="success",_xlfn.LET(_xlpm.d,_xlfn.XLOOKUP(1,(Event_logs!$A$2:$A$1588=$A30)*(Event_logs!$H$2:$H$1588="side_align_complete"),Event_logs!$I$2:$I$1588,""),IFERROR(_xlfn.NUMBERVALUE(_xlfn.TEXTBEFORE(_xlfn.TEXTAFTER(_xlpm.d,"yaw_error="),"deg"),".",","),"")),"")} -> -0.2 | U30: {=IF(AND($F30="success",D30="success"),_xlfn.LET(_xlpm.d,_xlfn.XLOOKUP(1,(Event_logs!$A$2:$A$1588=$A30)*(Event_logs!$H$2:$H$1588="side_align_complete"),Event_logs!$I$2:$I$1588,""),IFERROR(_xlfn.NUMBERVALUE(_xlfn.TEXTBEFORE(_xlfn.TEXTAFTER(_xlpm.d,"yaw_error="),"deg"),".",","),"")),"")} -> -0.2 | W30: {=IF(OR($G30="success",$G30="sucess"),_xlfn.LET(_xlpm.d,_xlfn.XLOOKUP(1,(Event_logs!$A$2:$A$1588=$A30)*(Event_logs!$H$2:$H$1588="side_align_complete"),Event_logs!$I$2:$I$1588,""),IFERROR(_xlfn.NUMBERVALUE(_xlfn.TEXTBEFORE(_xlfn.TEXTAFTER(_xlpm.d,"yaw="),"deg"),".",","),"")),"")} | X30: {=IF(OR($G30="success",$G30="sucess"),_xlfn.XLOOKUP(1,(Event_logs!$A$2:$A$1588=$A30)*(Event_logs!$H$2:$H$1588="side_align_complete"),Event_logs!$I$2:$I$1588,""),"")} | Z30: {=IF(OR($G30="success",$G30="sucess",$G30="unsuccessfull",$G30="partial"),_xlfn.LET(_xlpm.d,_xlfn.XLOOKUP(1,(Event_logs!$A$2:$A$1588=$A30)*(Event_logs!$H$2:$H$1588="fine_align_complete"),Event_logs!$I$2:$I$1588,""),IFERROR(_xlfn.NUMBERVALUE(_xlfn.TEXTBEFORE(_xlfn.TEXTAFTER(_xlpm.d,"error_x=")&" "," "),".",","),"")),"")} -> 0.0034 | AA30: {=IF(AND($G30="success",$I30="success"),_xlfn.LET(_xlpm.d,_xlfn.XLOOKUP(1,(Event_logs!$A$2:$A$1588=$A30)*(Event_logs!$H$2:$H$1588="fine_align_complete"),Event_logs!$I$2:$I$1588,""),IFERROR(_xlfn.NUMBERVALUE(_xlfn.TEXTBEFORE(_xlfn.TEXTAFTER(_xlpm.d,"error_x=")&" "," "),".",","),"")),"")} | AB30: {=IF($G30="success",_xlfn.LET(_xlpm.d,_xlfn.XLOOKUP(1,(Event_logs!$A$2:$A$1588=$A30)*(Event_logs!$H$2:$H$1588="fine_align_complete"),Event_logs!$I$2:$I$1588,""),IFERROR(_xlfn.NUMBERVALUE(_xlfn.TEXTBEFORE(_xlfn.TEXTAFTER(_xlpm.d,"error_y=")&" "," "),".",","),"")),"")} | AC30: {=IF(AND($G30="success",$I30="success"),_xlfn.LET(_xlpm.d,_xlfn.XLOOKUP(1,(Event_logs!$A$2:$A$1588=$A30)*(Event_logs!$H$2:$H$1588="fine_align_complete"),Event_logs!$I$2:$I$1588,""),IFERROR(_xlfn.NUMBERVALUE(_xlfn.TEXTBEFORE(_xlfn.TEXTAFTER(_xlpm.d,"error_y=")&" "," "),".",","),"")),"")} | AD30: {=IF(AND($G30="success",$I30="success"),_xlfn.LET(_xlpm.d,_xlfn.XLOOKUP(1,(Event_logs!$A$2:$A$1588=$A30)*(Event_logs!$H$2:$H$1588="fine_align_complete"),Event_logs!$I$2:$I$1588,""),IFERROR(_xlfn.NUMBERVALUE(_xlfn.TEXTBEFORE(_xlfn.TEXTAFTER(_xlpm.d,"yaw_error="),"deg"),".",","),"")),"")} | AE30: {=IF($G30="success",_xlfn.LET(_xlpm.d,_xlfn.XLOOKUP(1,(Event_logs!$A$2:$A$1588=$A30)*(Event_logs!$H$2:$H$1588="fine_align_complete"),Event_logs!$I$2:$I$1588,""),IFERROR(_xlfn.NUMBERVALUE(_xlfn.TEXTBEFORE(_xlfn.TEXTAFTER(_xlpm.d,"yaw_error="),"deg"),".",","),"")),"")}
A31: =IF(Handnotes!$A$7="y",Handnotes!$B$7,"") -> 6 | B31: =IF($A31="","",IFERROR(Handnotes!$C$7,"")) -> Normal | C31: =IF($A31="","",IFERROR(Handnotes!$D$7,"")) -> Laundry Trolley | D31: =IF($A31="","",IFERROR(Handnotes!$E$7,"")) -> success | E31: =IF($A31="","",IFERROR(Handnotes!$G$7,"")) -> correct | F31: =IF($A31="","",IFERROR(Handnotes!$H$7,"")) -> success | G31: =IF($A31="","",IFERROR(Handnotes!$J$7,"")) -> success | H31: =IF($A31="","",IFERROR(Handnotes!$K$7,"")) -> NO | I31: =IF($A31="","",IFERROR(Handnotes!$M$7,"")) -> success | J31: =IF($A31="","",IFERROR(Handnotes!$O$7,"")) -> success | K31: =IF($A31="","",IFERROR(Handnotes!$P$7,"")) -> success | L31: =IF($A31="","",IFERROR(Handnotes!$Q$7,"")) -> success | M31: {=IF($D31="success",_xlfn.LET(_xlpm.run,$A31,_xlpm.start_cmd,IFERROR(_xlfn.XLOOKUP(1,(Event_logs!$A$2:$A$1588=_xlpm.run)*(Event_logs!$F$2:$F$1588="command")*(Event_logs!$G$2:$G$1588="trolley_command")*(Event_logs!$H$2:$H$1588="side_align"),Event_logs!$E$2:$E$1588),""),_xlpm.start_fb,IFERROR(_xlfn.XLOOKUP(1,(Event_logs!$A$2:$A$1588=_xlpm.run)*(Event_logs!$F$2:$F$1588="dropzone_status")*ISNUMBER(SEARCH("side_aligning",Event_logs!$I$2:$I$1588)),Event_logs!$E$2:$E$1588),""),_xlpm.start,IF(_xlpm.start_cmd<>"",_xlpm.start_cmd,_xlpm.start_fb),_xlpm.ende,IFERROR(_xlfn.XLOOKUP(1,(Event_logs!$A$2:$A$1588=_xlpm.run)*(Event_logs!$F$2:$F$1588="physical_status")*(Event_logs!$G$2:$G$1588="physical_alignment")*(Event_logs!$H$2:$H$1588="side_align_complete")*ISNUMBER(SEARCH("side_align_left_done",Event_logs!$I$2:$I$1588)),Event_logs!$E$2:$E$1588),""),_xlpm.diff,_xlpm.ende-_xlpm.start,_xlpm.sek,IF(_xlpm.diff>1000,_xlpm.diff/1000,_xlpm.diff),IFERROR(IF(AND(_xlpm.start<>"",_xlpm.ende<>"",_xlpm.sek>=0),_xlpm.sek,""),"")),"")} -> 15.004 | N31: {=IF($F31="success",_xlfn.LET(_xlpm.run,$A31,_xlpm.start_cmd,IFERROR(_xlfn.XLOOKUP(1,(Event_logs!$A$2:$A$1588=_xlpm.run)*(Event_logs!$F$2:$F$1588="command")*(Event_logs!$G$2:$G$1588="trolley_command")*(Event_logs!$H$2:$H$1588="drive_under"),Event_logs!$E$2:$E$1588),""),_xlpm.start_fb,IFERROR(_xlfn.XLOOKUP(1,(Event_logs!$A$2:$A$1588=_xlpm.run)*(Event_logs!$F$2:$F$1588="dropzone_status")*ISNUMBER(SEARCH("drive_under_active",Event_logs!$I$2:$I$1588)),Event_logs!$E$2:$E$1588),""),_xlpm.start,IF(_xlpm.start_cmd<>"",_xlpm.start_cmd,_xlpm.start_fb),_xlpm.ende,IFERROR(_xlfn.XLOOKUP(1,(Event_logs!$A$2:$A$1588=_xlpm.run)*(Event_logs!$F$2:$F$1588="physical_status")*(Event_logs!$G$2:$G$1588="physical_alignment")*(Event_logs!$H$2:$H$1588="under_trolley")*ISNUMBER(SEARCH("drive_straight_under_done",Event_logs!$I$2:$I$1588)),Event_logs!$E$2:$E$1588),""),_xlpm.diff,_xlpm.ende-_xlpm.start,_xlpm.sek,IF(_xlpm.diff>1000,_xlpm.diff/1000,_xlpm.diff),IFERROR(IF(AND(_xlpm.start<>"",_xlpm.ende<>"",_xlpm.sek>=0),_xlpm.sek,""),"")),"")} -> 9.45 | O31: {=IF($G31="success",_xlfn.LET(_xlpm.run,$A31,_xlpm.start_cmd,IFERROR(_xlfn.XLOOKUP(1,(Event_logs!$A$2:$A$1588=_xlpm.run)*(Event_logs!$F$2:$F$1588="command")*(Event_logs!$G$2:$G$1588="trolley_command")*(Event_logs!$H$2:$H$1588="fine_align"),Event_logs!$E$2:$E$1588),""),_xlpm.start_fb,IFERROR(_xlfn.XLOOKUP(1,(Event_logs!$A$2:$A$1588=_xlpm.run)*(Event_logs!$F$2:$F$1588="dropzone_status")*ISNUMBER(SEARCH("fine_aligning",Event_logs!$I$2:$I$1588)),Event_logs!$E$2:$E$1588),""),_xlpm.start,IF(_xlpm.start_cmd<>"",_xlpm.start_cmd,_xlpm.start_fb),_xlpm.ende,IFERROR(_xlfn.XLOOKUP(1,(Event_logs!$A$2:$A$1588=_xlpm.run)*(Event_logs!$F$2:$F$1588="physical_status")*(Event_logs!$G$2:$G$1588="physical_alignment")*(Event_logs!$H$2:$H$1588="fine_align_complete")*ISNUMBER(SEARCH("fine_align_under_done",Event_logs!$I$2:$I$1588)),Event_logs!$E$2:$E$1588),""),_xlpm.diff,_xlpm.ende-_xlpm.start,_xlpm.sek,IF(_xlpm.diff>1000,_xlpm.diff/1000,_xlpm.diff),IFERROR(IF(AND(_xlpm.start<>"",_xlpm.ende<>"",_xlpm.sek>=0),_xlpm.sek,""),"")),"")} -> 11.869 | P31: =IF(AND(D31="success",F31="success",G31="success"),SUM(M31:O31),"") -> 36.323 | Q31: =_xlfn.LET(_xlpm.t,$A31,_xlpm.s,_xlfn.MINIFS(Event_logs!$E$2:$E$1588,Event_logs!$A$2:$A$1588,_xlpm.t,Event_logs!$H$2:$H$1588,"fine_align_complete"),_xlpm.e,_xlfn.MINIFS(Event_logs!$E$2:$E$1588,Event_logs!$A$2:$A$1588,_xlpm.t,Event_logs!$H$2:$H$1588,"docking sucessfull"),IF(AND(OR($I31="success",$I31="sucess"),_xlpm.s>0,_xlpm.e>_xlpm.s),(_xlpm.e-_xlpm.s)/1000,"")) -> 52.387 | R31: {=IF($D31="success",_xlfn.LET(_xlpm.d,_xlfn.XLOOKUP(1,(Event_logs!$A$2:$A$1588=$A31)*(Event_logs!$H$2:$H$1588="side_align_complete"),Event_logs!$I$2:$I$1588,""),IFERROR(_xlfn.NUMBERVALUE(_xlfn.TEXTBEFORE(_xlfn.TEXTAFTER(_xlpm.d,"error_x=")&" "," "),".",","),"")),"")} -> -0.0005 | S31: {=IF(AND($F31="success",$D31="success"),_xlfn.LET(_xlpm.d,_xlfn.XLOOKUP(1,(Event_logs!$A$2:$A$1588=$A31)*(Event_logs!$H$2:$H$1588="side_align_complete"),Event_logs!$I$2:$I$1588,""),IFERROR(_xlfn.NUMBERVALUE(_xlfn.TEXTBEFORE(_xlfn.TEXTAFTER(_xlpm.d,"error_x=")&" "," "),".",","),"")),"")} -> -0.0005 | T31: {=IF($D31="success",_xlfn.LET(_xlpm.d,_xlfn.XLOOKUP(1,(Event_logs!$A$2:$A$1588=$A31)*(Event_logs!$H$2:$H$1588="side_align_complete"),Event_logs!$I$2:$I$1588,""),IFERROR(_xlfn.NUMBERVALUE(_xlfn.TEXTBEFORE(_xlfn.TEXTAFTER(_xlpm.d,"yaw_error="),"deg"),".",","),"")),"")} -> 1.62 | U31: {=IF(AND($F31="success",D31="success"),_xlfn.LET(_xlpm.d,_xlfn.XLOOKUP(1,(Event_logs!$A$2:$A$1588=$A31)*(Event_logs!$H$2:$H$1588="side_align_complete"),Event_logs!$I$2:$I$1588,""),IFERROR(_xlfn.NUMBERVALUE(_xlfn.TEXTBEFORE(_xlfn.TEXTAFTER(_xlpm.d,"yaw_error="),"deg"),".",","),"")),"")} -> 1.62 | W31: {=IF(OR($G31="success",$G31="sucess"),_xlfn.LET(_xlpm.d,_xlfn.XLOOKUP(1,(Event_logs!$A$2:$A$1588=$A31)*(Event_logs!$H$2:$H$1588="side_align_complete"),Event_logs!$I$2:$I$1588,""),IFERROR(_xlfn.NUMBERVALUE(_xlfn.TEXTBEFORE(_xlfn.TEXTAFTER(_xlpm.d,"yaw="),"deg"),".",","),"")),"")} -> -178.38 | X31: {=IF(OR($G31="success",$G31="sucess"),_xlfn.XLOOKUP(1,(Event_logs!$A$2:$A$1588=$A31)*(Event_logs!$H$2:$H$1588="side_align_complete"),Event_logs!$I$2:$I$1588,""),"")} -> side_align_left_done | final camera=left ids=[23, 24, 25, 26] target_pair=[24, 25] target_x=+0.3555 target_y=+0.2667 center_x=+0.3715 center_y=-0.0403 yaw=-178.38deg error_x=-0.0005 yaw_error=+1.62deg tolerance_x=0.0060 tolerance_yaw=2.00deg | Z31: {=IF(OR($G31="success",$G31="sucess",$G31="unsuccessfull",$G31="partial"),_xlfn.LET(_xlpm.d,_xlfn.XLOOKUP(1,(Event_logs!$A$2:$A$1588=$A31)*(Event_logs!$H$2:$H$1588="fine_align_complete"),Event_logs!$I$2:$I$1588,""),IFERROR(_xlfn.NUMBERVALUE(_xlfn.TEXTBEFORE(_xlfn.TEXTAFTER(_xlpm.d,"error_x=")&" "," "),".",","),"")),"")} -> -0.0034 | AA31: {=IF(AND($G31="success",$I31="success"),_xlfn.LET(_xlpm.d,_xlfn.XLOOKUP(1,(Event_logs!$A$2:$A$1588=$A31)*(Event_logs!$H$2:$H$1588="fine_align_complete"),Event_logs!$I$2:$I$1588,""),IFERROR(_xlfn.NUMBERVALUE(_xlfn.TEXTBEFORE(_xlfn.TEXTAFTER(_xlpm.d,"error_x=")&" "," "),".",","),"")),"")} -> -0.0034 | AB31: {=IF($G31="success",_xlfn.LET(_xlpm.d,_xlfn.XLOOKUP(1,(Event_logs!$A$2:$A$1588=$A31)*(Event_logs!$H$2:$H$1588="fine_align_complete"),Event_logs!$I$2:$I$1588,""),IFERROR(_xlfn.NUMBERVALUE(_xlfn.TEXTBEFORE(_xlfn.TEXTAFTER(_xlpm.d,"error_y=")&" "," "),".",","),"")),"")} -> -0.0077 | AC31: {=IF(AND($G31="success",$I31="success"),_xlfn.LET(_xlpm.d,_xlfn.XLOOKUP(1,(Event_logs!$A$2:$A$1588=$A31)*(Event_logs!$H$2:$H$1588="fine_align_complete"),Event_logs!$I$2:$I$1588,""),IFERROR(_xlfn.NUMBERVALUE(_xlfn.TEXTBEFORE(_xlfn.TEXTAFTER(_xlpm.d,"error_y=")&" "," "),".",","),"")),"")} -> -0.0077 | AD31: {=IF(AND($G31="success",$I31="success"),_xlfn.LET(_xlpm.d,_xlfn.XLOOKUP(1,(Event_logs!$A$2:$A$1588=$A31)*(Event_logs!$H$2:$H$1588="fine_align_complete"),Event_logs!$I$2:$I$1588,""),IFERROR(_xlfn.NUMBERVALUE(_xlfn.TEXTBEFORE(_xlfn.TEXTAFTER(_xlpm.d,"yaw_error="),"deg"),".",","),"")),"")} -> -2.23 | AE31: {=IF($G31="success",_xlfn.LET(_xlpm.d,_xlfn.XLOOKUP(1,(Event_logs!$A$2:$A$1588=$A31)*(Event_logs!$H$2:$H$1588="fine_align_complete"),Event_logs!$I$2:$I$1588,""),IFERROR(_xlfn.NUMBERVALUE(_xlfn.TEXTBEFORE(_xlfn.TEXTAFTER(_xlpm.d,"yaw_error="),"deg"),".",","),"")),"")} -> -2.23
A32: =IF(Handnotes!$A$8="y",Handnotes!$B$8,"") -> 7 | B32: =IF($A32="","",IFERROR(Handnotes!$C$8,"")) -> Normal | C32: =IF($A32="","",IFERROR(Handnotes!$D$8,"")) -> Laundry Trolley | D32: =IF($A32="","",IFERROR(Handnotes!$E$8,"")) -> success | E32: =IF($A32="","",IFERROR(Handnotes!$G$8,"")) -> correct | F32: =IF($A32="","",IFERROR(Handnotes!$H$8,"")) -> success | G32: =IF($A32="","",IFERROR(Handnotes!$J$8,"")) -> success | H32: =IF($A32="","",IFERROR(Handnotes!$K$8,"")) -> NO | I32: =IF($A32="","",IFERROR(Handnotes!$M$8,"")) -> success | J32: =IF($A32="","",IFERROR(Handnotes!$O$8,"")) -> success | K32: =IF($A32="","",IFERROR(Handnotes!$P$8,"")) -> success | L32: =IF($A32="","",IFERROR(Handnotes!$Q$8,"")) -> success | M32: {=IF($D32="success",_xlfn.LET(_xlpm.run,$A32,_xlpm.start_cmd,IFERROR(_xlfn.XLOOKUP(1,(Event_logs!$A$2:$A$1588=_xlpm.run)*(Event_logs!$F$2:$F$1588="command")*(Event_logs!$G$2:$G$1588="trolley_command")*(Event_logs!$H$2:$H$1588="side_align"),Event_logs!$E$2:$E$1588),""),_xlpm.start_fb,IFERROR(_xlfn.XLOOKUP(1,(Event_logs!$A$2:$A$1588=_xlpm.run)*(Event_logs!$F$2:$F$1588="dropzone_status")*ISNUMBER(SEARCH("side_aligning",Event_logs!$I$2:$I$1588)),Event_logs!$E$2:$E$1588),""),_xlpm.start,IF(_xlpm.start_cmd<>"",_xlpm.start_cmd,_xlpm.start_fb),_xlpm.ende,IFERROR(_xlfn.XLOOKUP(1,(Event_logs!$A$2:$A$1588=_xlpm.run)*(Event_logs!$F$2:$F$1588="physical_status")*(Event_logs!$G$2:$G$1588="physical_alignment")*(Event_logs!$H$2:$H$1588="side_align_complete")*ISNUMBER(SEARCH("side_align_left_done",Event_logs!$I$2:$I$1588)),Event_logs!$E$2:$E$1588),""),_xlpm.diff,_xlpm.ende-_xlpm.start,_xlpm.sek,IF(_xlpm.diff>1000,_xlpm.diff/1000,_xlpm.diff),IFERROR(IF(AND(_xlpm.start<>"",_xlpm.ende<>"",_xlpm.sek>=0),_xlpm.sek,""),"")),"")} -> 5.688 | N32: {=IF($F32="success",_xlfn.LET(_xlpm.run,$A32,_xlpm.start_cmd,IFERROR(_xlfn.XLOOKUP(1,(Event_logs!$A$2:$A$1588=_xlpm.run)*(Event_logs!$F$2:$F$1588="command")*(Event_logs!$G$2:$G$1588="trolley_command")*(Event_logs!$H$2:$H$1588="drive_under"),Event_logs!$E$2:$E$1588),""),_xlpm.start_fb,IFERROR(_xlfn.XLOOKUP(1,(Event_logs!$A$2:$A$1588=_xlpm.run)*(Event_logs!$F$2:$F$1588="dropzone_status")*ISNUMBER(SEARCH("drive_under_active",Event_logs!$I$2:$I$1588)),Event_logs!$E$2:$E$1588),""),_xlpm.start,IF(_xlpm.start_cmd<>"",_xlpm.start_cmd,_xlpm.start_fb),_xlpm.ende,IFERROR(_xlfn.XLOOKUP(1,(Event_logs!$A$2:$A$1588=_xlpm.run)*(Event_logs!$F$2:$F$1588="physical_status")*(Event_logs!$G$2:$G$1588="physical_alignment")*(Event_logs!$H$2:$H$1588="under_trolley")*ISNUMBER(SEARCH("drive_straight_under_done",Event_logs!$I$2:$I$1588)),Event_logs!$E$2:$E$1588),""),_xlpm.diff,_xlpm.ende-_xlpm.start,_xlpm.sek,IF(_xlpm.diff>1000,_xlpm.diff/1000,_xlpm.diff),IFERROR(IF(AND(_xlpm.start<>"",_xlpm.ende<>"",_xlpm.sek>=0),_xlpm.sek,""),"")),"")} -> 9.333 | O32: {=IF($G32="success",_xlfn.LET(_xlpm.run,$A32,_xlpm.start_cmd,IFERROR(_xlfn.XLOOKUP(1,(Event_logs!$A$2:$A$1588=_xlpm.run)*(Event_logs!$F$2:$F$1588="command")*(Event_logs!$G$2:$G$1588="trolley_command")*(Event_logs!$H$2:$H$1588="fine_align"),Event_logs!$E$2:$E$1588),""),_xlpm.start_fb,IFERROR(_xlfn.XLOOKUP(1,(Event_logs!$A$2:$A$1588=_xlpm.run)*(Event_logs!$F$2:$F$1588="dropzone_status")*ISNUMBER(SEARCH("fine_aligning",Event_logs!$I$2:$I$1588)),Event_logs!$E$2:$E$1588),""),_xlpm.start,IF(_xlpm.start_cmd<>"",_xlpm.start_cmd,_xlpm.start_fb),_xlpm.ende,IFERROR(_xlfn.XLOOKUP(1,(Event_logs!$A$2:$A$1588=_xlpm.run)*(Event_logs!$F$2:$F$1588="physical_status")*(Event_logs!$G$2:$G$1588="physical_alignment")*(Event_logs!$H$2:$H$1588="fine_align_complete")*ISNUMBER(SEARCH("fine_align_under_done",Event_logs!$I$2:$I$1588)),Event_logs!$E$2:$E$1588),""),_xlpm.diff,_xlpm.ende-_xlpm.start,_xlpm.sek,IF(_xlpm.diff>1000,_xlpm.diff/1000,_xlpm.diff),IFERROR(IF(AND(_xlpm.start<>"",_xlpm.ende<>"",_xlpm.sek>=0),_xlpm.sek,""),"")),"")} -> 11.307 | P32: =IF(AND(D32="success",F32="success",G32="success"),SUM(M32:O32),"") -> 26.328 | Q32: =_xlfn.LET(_xlpm.t,$A32,_xlpm.s,_xlfn.MINIFS(Event_logs!$E$2:$E$1588,Event_logs!$A$2:$A$1588,_xlpm.t,Event_logs!$H$2:$H$1588,"fine_align_complete"),_xlpm.e,_xlfn.MINIFS(Event_logs!$E$2:$E$1588,Event_logs!$A$2:$A$1588,_xlpm.t,Event_logs!$H$2:$H$1588,"docking sucessfull"),IF(AND(OR($I32="success",$I32="sucess"),_xlpm.s>0,_xlpm.e>_xlpm.s),(_xlpm.e-_xlpm.s)/1000,"")) | R32: {=IF($D32="success",_xlfn.LET(_xlpm.d,_xlfn.XLOOKUP(1,(Event_logs!$A$2:$A$1588=$A32)*(Event_logs!$H$2:$H$1588="side_align_complete"),Event_logs!$I$2:$I$1588,""),IFERROR(_xlfn.NUMBERVALUE(_xlfn.TEXTBEFORE(_xlfn.TEXTAFTER(_xlpm.d,"error_x=")&" "," "),".",","),"")),"")} -> 0.0016 | S32: {=IF(AND($F32="success",$D32="success"),_xlfn.LET(_xlpm.d,_xlfn.XLOOKUP(1,(Event_logs!$A$2:$A$1588=$A32)*(Event_logs!$H$2:$H$1588="side_align_complete"),Event_logs!$I$2:$I$1588,""),IFERROR(_xlfn.NUMBERVALUE(_xlfn.TEXTBEFORE(_xlfn.TEXTAFTER(_xlpm.d,"error_x=")&" "," "),".",","),"")),"")} -> 0.0016 | T32: {=IF($D32="success",_xlfn.LET(_xlpm.d,_xlfn.XLOOKUP(1,(Event_logs!$A$2:$A$1588=$A32)*(Event_logs!$H$2:$H$1588="side_align_complete"),Event_logs!$I$2:$I$1588,""),IFERROR(_xlfn.NUMBERVALUE(_xlfn.TEXTBEFORE(_xlfn.TEXTAFTER(_xlpm.d,"yaw_error="),"deg"),".",","),"")),"")} -> 1.72 | U32: {=IF(AND($F32="success",D32="success"),_xlfn.LET(_xlpm.d,_xlfn.XLOOKUP(1,(Event_logs!$A$2:$A$1588=$A32)*(Event_logs!$H$2:$H$1588="side_align_complete"),Event_logs!$I$2:$I$1588,""),IFERROR(_xlfn.NUMBERVALUE(_xlfn.TEXTBEFORE(_xlfn.TEXTAFTER(_xlpm.d,"yaw_error="),"deg"),".",","),"")),"")} -> 1.72 | W32: {=IF(OR($G32="success",$G32="sucess"),_xlfn.LET(_xlpm.d,_xlfn.XLOOKUP(1,(Event_logs!$A$2:$A$1588=$A32)*(Event_logs!$H$2:$H$1588="side_align_complete"),Event_logs!$I$2:$I$1588,""),IFERROR(_xlfn.NUMBERVALUE(_xlfn.TEXTBEFORE(_xlfn.TEXTAFTER(_xlpm.d,"yaw="),"deg"),".",","),"")),"")} -> -178.28 | X32: {=IF(OR($G32="success",$G32="sucess"),_xlfn.XLOOKUP(1,(Event_logs!$A$2:$A$1588=$A32)*(Event_logs!$H$2:$H$1588="side_align_complete"),Event_logs!$I$2:$I$1588,""),"")} -> side_align_left_done | final camera=left ids=[23, 24, 25, 26] target_pair=[24, 25] target_x=+0.3576 target_y=+0.2735 center_x=+0.3761 center_y=-0.0334 yaw=-178.28deg error_x=+0.0016 yaw_error=+1.72deg tolerance_x=0.0060 tolerance_yaw=2.00deg | Z32: {=IF(OR($G32="success",$G32="sucess",$G32="unsuccessfull",$G32="partial"),_xlfn.LET(_xlpm.d,_xlfn.XLOOKUP(1,(Event_logs!$A$2:$A$1588=$A32)*(Event_logs!$H$2:$H$1588="fine_align_complete"),Event_logs!$I$2:$I$1588,""),IFERROR(_xlfn.NUMBERVALUE(_xlfn.TEXTBEFORE(_xlfn.TEXTAFTER(_xlpm.d,"error_x=")&" "," "),".",","),"")),"")} -> 0.0038 | AA32: {=IF(AND($G32="success",$I32="success"),_xlfn.LET(_xlpm.d,_xlfn.XLOOKUP(1,(Event_logs!$A$2:$A$1588=$A32)*(Event_logs!$H$2:$H$1588="fine_align_complete"),Event_logs!$I$2:$I$1588,""),IFERROR(_xlfn.NUMBERVALUE(_xlfn.TEXTBEFORE(_xlfn.TEXTAFTER(_xlpm.d,"error_x=")&" "," "),".",","),"")),"")} -> 0.0038 | AB32: {=IF($G32="success",_xlfn.LET(_xlpm.d,_xlfn.XLOOKUP(1,(Event_logs!$A$2:$A$1588=$A32)*(Event_logs!$H$2:$H$1588="fine_align_complete"),Event_logs!$I$2:$I$1588,""),IFERROR(_xlfn.NUMBERVALUE(_xlfn.TEXTBEFORE(_xlfn.TEXTAFTER(_xlpm.d,"error_y=")&" "," "),".",","),"")),"")} -> -0.0002 | AC32: {=IF(AND($G32="success",$I32="success"),_xlfn.LET(_xlpm.d,_xlfn.XLOOKUP(1,(Event_logs!$A$2:$A$1588=$A32)*(Event_logs!$H$2:$H$1588="fine_align_complete"),Event_logs!$I$2:$I$1588,""),IFERROR(_xlfn.NUMBERVALUE(_xlfn.TEXTBEFORE(_xlfn.TEXTAFTER(_xlpm.d,"error_y=")&" "," "),".",","),"")),"")} -> -0.0002 | AD32: {=IF(AND($G32="success",$I32="success"),_xlfn.LET(_xlpm.d,_xlfn.XLOOKUP(1,(Event_logs!$A$2:$A$1588=$A32)*(Event_logs!$H$2:$H$1588="fine_align_complete"),Event_logs!$I$2:$I$1588,""),IFERROR(_xlfn.NUMBERVALUE(_xlfn.TEXTBEFORE(_xlfn.TEXTAFTER(_xlpm.d,"yaw_error="),"deg"),".",","),"")),"")} -> -1.41 | AE32: {=IF($G32="success",_xlfn.LET(_xlpm.d,_xlfn.XLOOKUP(1,(Event_logs!$A$2:$A$1588=$A32)*(Event_logs!$H$2:$H$1588="fine_align_complete"),Event_logs!$I$2:$I$1588,""),IFERROR(_xlfn.NUMBERVALUE(_xlfn.TEXTBEFORE(_xlfn.TEXTAFTER(_xlpm.d,"yaw_error="),"deg"),".",","),"")),"")} -> -1.41
M33: {=IF($D33="success",_xlfn.LET(_xlpm.run,$A33,_xlpm.start_cmd,IFERROR(_xlfn.XLOOKUP(1,(Event_logs!$A$2:$A$1588=_xlpm.run)*(Event_logs!$F$2:$F$1588="command")*(Event_logs!$G$2:$G$1588="trolley_command")*(Event_logs!$H$2:$H$1588="side_align"),Event_logs!$E$2:$E$1588),""),_xlpm.start_fb,IFERROR(_xlfn.XLOOKUP(1,(Event_logs!$A$2:$A$1588=_xlpm.run)*(Event_logs!$F$2:$F$1588="dropzone_status")*ISNUMBER(SEARCH("side_aligning",Event_logs!$I$2:$I$1588)),Event_logs!$E$2:$E$1588),""),_xlpm.start,IF(_xlpm.start_cmd<>"",_xlpm.start_cmd,_xlpm.start_fb),_xlpm.ende,IFERROR(_xlfn.XLOOKUP(1,(Event_logs!$A$2:$A$1588=_xlpm.run)*(Event_logs!$F$2:$F$1588="physical_status")*(Event_logs!$G$2:$G$1588="physical_alignment")*(Event_logs!$H$2:$H$1588="side_align_complete")*ISNUMBER(SEARCH("side_align_left_done",Event_logs!$I$2:$I$1588)),Event_logs!$E$2:$E$1588),""),_xlpm.diff,_xlpm.ende-_xlpm.start,_xlpm.sek,IF(_xlpm.diff>1000,_xlpm.diff/1000,_xlpm.diff),IFERROR(IF(AND(_xlpm.start<>"",_xlpm.ende<>"",_xlpm.sek>=0),_xlpm.sek,""),"")),"")} | N33: {=IF($F33="success",_xlfn.LET(_xlpm.run,$A33,_xlpm.start_cmd,IFERROR(_xlfn.XLOOKUP(1,(Event_logs!$A$2:$A$1588=_xlpm.run)*(Event_logs!$F$2:$F$1588="command")*(Event_logs!$G$2:$G$1588="trolley_command")*(Event_logs!$H$2:$H$1588="drive_under"),Event_logs!$E$2:$E$1588),""),_xlpm.start_fb,IFERROR(_xlfn.XLOOKUP(1,(Event_logs!$A$2:$A$1588=_xlpm.run)*(Event_logs!$F$2:$F$1588="dropzone_status")*ISNUMBER(SEARCH("drive_under_active",Event_logs!$I$2:$I$1588)),Event_logs!$E$2:$E$1588),""),_xlpm.start,IF(_xlpm.start_cmd<>"",_xlpm.start_cmd,_xlpm.start_fb),_xlpm.ende,IFERROR(_xlfn.XLOOKUP(1,(Event_logs!$A$2:$A$1588=_xlpm.run)*(Event_logs!$F$2:$F$1588="physical_status")*(Event_logs!$G$2:$G$1588="physical_alignment")*(Event_logs!$H$2:$H$1588="under_trolley")*ISNUMBER(SEARCH("drive_straight_under_done",Event_logs!$I$2:$I$1588)),Event_logs!$E$2:$E$1588),""),_xlpm.diff,_xlpm.ende-_xlpm.start,_xlpm.sek,IF(_xlpm.diff>1000,_xlpm.diff/1000,_xlpm.diff),IFERROR(IF(AND(_xlpm.start<>"",_xlpm.ende<>"",_xlpm.sek>=0),_xlpm.sek,""),"")),"")} | O33: {=IF($G33="success",_xlfn.LET(_xlpm.run,$A33,_xlpm.start_cmd,IFERROR(_xlfn.XLOOKUP(1,(Event_logs!$A$2:$A$1588=_xlpm.run)*(Event_logs!$F$2:$F$1588="command")*(Event_logs!$G$2:$G$1588="trolley_command")*(Event_logs!$H$2:$H$1588="fine_align"),Event_logs!$E$2:$E$1588),""),_xlpm.start_fb,IFERROR(_xlfn.XLOOKUP(1,(Event_logs!$A$2:$A$1588=_xlpm.run)*(Event_logs!$F$2:$F$1588="dropzone_status")*ISNUMBER(SEARCH("fine_aligning",Event_logs!$I$2:$I$1588)),Event_logs!$E$2:$E$1588),""),_xlpm.start,IF(_xlpm.start_cmd<>"",_xlpm.start_cmd,_xlpm.start_fb),_xlpm.ende,IFERROR(_xlfn.XLOOKUP(1,(Event_logs!$A$2:$A$1588=_xlpm.run)*(Event_logs!$F$2:$F$1588="physical_status")*(Event_logs!$G$2:$G$1588="physical_alignment")*(Event_logs!$H$2:$H$1588="fine_align_complete")*ISNUMBER(SEARCH("fine_align_under_done",Event_logs!$I$2:$I$1588)),Event_logs!$E$2:$E$1588),""),_xlpm.diff,_xlpm.ende-_xlpm.start,_xlpm.sek,IF(_xlpm.diff>1000,_xlpm.diff/1000,_xlpm.diff),IFERROR(IF(AND(_xlpm.start<>"",_xlpm.ende<>"",_xlpm.sek>=0),_xlpm.sek,""),"")),"")} | P33: =IF(AND(D33="success",F33="success",G33="success"),SUM(M33:O33),"") | Q33: =_xlfn.LET(_xlpm.t,$A33,_xlpm.s,_xlfn.MINIFS(Event_logs!$E$2:$E$1588,Event_logs!$A$2:$A$1588,_xlpm.t,Event_logs!$H$2:$H$1588,"fine_align_complete"),_xlpm.e,_xlfn.MINIFS(Event_logs!$E$2:$E$1588,Event_logs!$A$2:$A$1588,_xlpm.t,Event_logs!$H$2:$H$1588,"docking sucessfull"),IF(AND(OR($I33="success",$I33="sucess"),_xlpm.s>0,_xlpm.e>_xlpm.s),(_xlpm.e-_xlpm.s)/1000,"")) | R33: {=IF($D33="success",_xlfn.LET(_xlpm.d,_xlfn.XLOOKUP(1,(Event_logs!$A$2:$A$1588=$A33)*(Event_logs!$H$2:$H$1588="side_align_complete"),Event_logs!$I$2:$I$1588,""),IFERROR(_xlfn.NUMBERVALUE(_xlfn.TEXTBEFORE(_xlfn.TEXTAFTER(_xlpm.d,"error_x=")&" "," "),".",","),"")),"")} | S33: {=IF(AND($F33="success",$D33="success"),_xlfn.LET(_xlpm.d,_xlfn.XLOOKUP(1,(Event_logs!$A$2:$A$1588=$A33)*(Event_logs!$H$2:$H$1588="side_align_complete"),Event_logs!$I$2:$I$1588,""),IFERROR(_xlfn.NUMBERVALUE(_xlfn.TEXTBEFORE(_xlfn.TEXTAFTER(_xlpm.d,"error_x=")&" "," "),".",","),"")),"")} | T33: {=IF($D33="success",_xlfn.LET(_xlpm.d,_xlfn.XLOOKUP(1,(Event_logs!$A$2:$A$1588=$A33)*(Event_logs!$H$2:$H$1588="side_align_complete"),Event_logs!$I$2:$I$1588,""),IFERROR(_xlfn.NUMBERVALUE(_xlfn.TEXTBEFORE(_xlfn.TEXTAFTER(_xlpm.d,"yaw_error="),"deg"),".",","),"")),"")} | U33: {=IF(AND($F33="success",D33="success"),_xlfn.LET(_xlpm.d,_xlfn.XLOOKUP(1,(Event_logs!$A$2:$A$1588=$A33)*(Event_logs!$H$2:$H$1588="side_align_complete"),Event_logs!$I$2:$I$1588,""),IFERROR(_xlfn.NUMBERVALUE(_xlfn.TEXTBEFORE(_xlfn.TEXTAFTER(_xlpm.d,"yaw_error="),"deg"),".",","),"")),"")} | W33: {=IF(OR($G33="success",$G33="sucess"),_xlfn.LET(_xlpm.d,_xlfn.XLOOKUP(1,(Event_logs!$A$2:$A$1588=$A33)*(Event_logs!$H$2:$H$1588="side_align_complete"),Event_logs!$I$2:$I$1588,""),IFERROR(_xlfn.NUMBERVALUE(_xlfn.TEXTBEFORE(_xlfn.TEXTAFTER(_xlpm.d,"yaw="),"deg"),".",","),"")),"")} | X33: {=IF(OR($G33="success",$G33="sucess"),_xlfn.XLOOKUP(1,(Event_logs!$A$2:$A$1588=$A33)*(Event_logs!$H$2:$H$1588="side_align_complete"),Event_logs!$I$2:$I$1588,""),"")} | Z33: {=IF(OR($G33="success",$G33="sucess",$G33="unsuccessfull",$G33="partial"),_xlfn.LET(_xlpm.d,_xlfn.XLOOKUP(1,(Event_logs!$A$2:$A$1588=$A33)*(Event_logs!$H$2:$H$1588="fine_align_complete"),Event_logs!$I$2:$I$1588,""),IFERROR(_xlfn.NUMBERVALUE(_xlfn.TEXTBEFORE(_xlfn.TEXTAFTER(_xlpm.d,"error_x=")&" "," "),".",","),"")),"")} | AA33: {=IF(AND($G33="success",$I33="success"),_xlfn.LET(_xlpm.d,_xlfn.XLOOKUP(1,(Event_logs!$A$2:$A$1588=$A33)*(Event_logs!$H$2:$H$1588="fine_align_complete"),Event_logs!$I$2:$I$1588,""),IFERROR(_xlfn.NUMBERVALUE(_xlfn.TEXTBEFORE(_xlfn.TEXTAFTER(_xlpm.d,"error_x=")&" "," "),".",","),"")),"")} | AB33: {=IF($G33="success",_xlfn.LET(_xlpm.d,_xlfn.XLOOKUP(1,(Event_logs!$A$2:$A$1588=$A33)*(Event_logs!$H$2:$H$1588="fine_align_complete"),Event_logs!$I$2:$I$1588,""),IFERROR(_xlfn.NUMBERVALUE(_xlfn.TEXTBEFORE(_xlfn.TEXTAFTER(_xlpm.d,"error_y=")&" "," "),".",","),"")),"")} | AC33: {=IF(AND($G33="success",$I33="success"),_xlfn.LET(_xlpm.d,_xlfn.XLOOKUP(1,(Event_logs!$A$2:$A$1588=$A33)*(Event_logs!$H$2:$H$1588="fine_align_complete"),Event_logs!$I$2:$I$1588,""),IFERROR(_xlfn.NUMBERVALUE(_xlfn.TEXTBEFORE(_xlfn.TEXTAFTER(_xlpm.d,"error_y=")&" "," "),".",","),"")),"")} | AD33: {=IF(AND($G33="success",$I33="success"),_xlfn.LET(_xlpm.d,_xlfn.XLOOKUP(1,(Event_logs!$A$2:$A$1588=$A33)*(Event_logs!$H$2:$H$1588="fine_align_complete"),Event_logs!$I$2:$I$1588,""),IFERROR(_xlfn.NUMBERVALUE(_xlfn.TEXTBEFORE(_xlfn.TEXTAFTER(_xlpm.d,"yaw_error="),"deg"),".",","),"")),"")} | AE33: {=IF($G33="success",_xlfn.LET(_xlpm.d,_xlfn.XLOOKUP(1,(Event_logs!$A$2:$A$1588=$A33)*(Event_logs!$H$2:$H$1588="fine_align_complete"),Event_logs!$I$2:$I$1588,""),IFERROR(_xlfn.NUMBERVALUE(_xlfn.TEXTBEFORE(_xlfn.TEXTAFTER(_xlpm.d,"yaw_error="),"deg"),".",","),"")),"")}
A34: =IF(Handnotes!$A$10="y",Handnotes!$B$10,"") -> 9 | B34: =IF($A34="","",IFERROR(Handnotes!$C$10,"")) -> Flipped 180 deg | C34: =IF($A34="","",IFERROR(Handnotes!$D$10,"")) -> Trash Trolley | D34: =IF($A34="","",IFERROR(Handnotes!$E$10,"")) -> success | E34: =IF($A34="","",IFERROR(Handnotes!$G$10,"")) -> correct | F34: =IF($A34="","",IFERROR(Handnotes!$H$10,"")) -> success | G34: =IF($A34="","",IFERROR(Handnotes!$J$10,"")) -> success | H34: =IF($A34="","",IFERROR(Handnotes!$K$10,"")) -> NO | I34: =IF($A34="","",IFERROR(Handnotes!$M$10,"")) -> success | J34: =IF($A34="","",IFERROR(Handnotes!$O$10,"")) -> success | K34: =IF($A34="","",IFERROR(Handnotes!$P$10,"")) -> success | L34: =IF($A34="","",IFERROR(Handnotes!$Q$10,"")) -> success | M34: {=IF($D34="success",_xlfn.LET(_xlpm.run,$A34,_xlpm.start_cmd,IFERROR(_xlfn.XLOOKUP(1,(Event_logs!$A$2:$A$1588=_xlpm.run)*(Event_logs!$F$2:$F$1588="command")*(Event_logs!$G$2:$G$1588="trolley_command")*(Event_logs!$H$2:$H$1588="side_align"),Event_logs!$E$2:$E$1588),""),_xlpm.start_fb,IFERROR(_xlfn.XLOOKUP(1,(Event_logs!$A$2:$A$1588=_xlpm.run)*(Event_logs!$F$2:$F$1588="dropzone_status")*ISNUMBER(SEARCH("side_aligning",Event_logs!$I$2:$I$1588)),Event_logs!$E$2:$E$1588),""),_xlpm.start,IF(_xlpm.start_cmd<>"",_xlpm.start_cmd,_xlpm.start_fb),_xlpm.ende,IFERROR(_xlfn.XLOOKUP(1,(Event_logs!$A$2:$A$1588=_xlpm.run)*(Event_logs!$F$2:$F$1588="physical_status")*(Event_logs!$G$2:$G$1588="physical_alignment")*(Event_logs!$H$2:$H$1588="side_align_complete")*ISNUMBER(SEARCH("side_align_left_done",Event_logs!$I$2:$I$1588)),Event_logs!$E$2:$E$1588),""),_xlpm.diff,_xlpm.ende-_xlpm.start,_xlpm.sek,IF(_xlpm.diff>1000,_xlpm.diff/1000,_xlpm.diff),IFERROR(IF(AND(_xlpm.start<>"",_xlpm.ende<>"",_xlpm.sek>=0),_xlpm.sek,""),"")),"")} -> 21.879 | N34: {=IF($F34="success",_xlfn.LET(_xlpm.run,$A34,_xlpm.start_cmd,IFERROR(_xlfn.XLOOKUP(1,(Event_logs!$A$2:$A$1588=_xlpm.run)*(Event_logs!$F$2:$F$1588="command")*(Event_logs!$G$2:$G$1588="trolley_command")*(Event_logs!$H$2:$H$1588="drive_under"),Event_logs!$E$2:$E$1588),""),_xlpm.start_fb,IFERROR(_xlfn.XLOOKUP(1,(Event_logs!$A$2:$A$1588=_xlpm.run)*(Event_logs!$F$2:$F$1588="dropzone_status")*ISNUMBER(SEARCH("drive_under_active",Event_logs!$I$2:$I$1588)),Event_logs!$E$2:$E$1588),""),_xlpm.start,IF(_xlpm.start_cmd<>"",_xlpm.start_cmd,_xlpm.start_fb),_xlpm.ende,IFERROR(_xlfn.XLOOKUP(1,(Event_logs!$A$2:$A$1588=_xlpm.run)*(Event_logs!$F$2:$F$1588="physical_status")*(Event_logs!$G$2:$G$1588="physical_alignment")*(Event_logs!$H$2:$H$1588="under_trolley")*ISNUMBER(SEARCH("drive_straight_under_done",Event_logs!$I$2:$I$1588)),Event_logs!$E$2:$E$1588),""),_xlpm.diff,_xlpm.ende-_xlpm.start,_xlpm.sek,IF(_xlpm.diff>1000,_xlpm.diff/1000,_xlpm.diff),IFERROR(IF(AND(_xlpm.start<>"",_xlpm.ende<>"",_xlpm.sek>=0),_xlpm.sek,""),"")),"")} -> 9.419 | O34: {=IF($G34="success",_xlfn.LET(_xlpm.run,$A34,_xlpm.start_cmd,IFERROR(_xlfn.XLOOKUP(1,(Event_logs!$A$2:$A$1588=_xlpm.run)*(Event_logs!$F$2:$F$1588="command")*(Event_logs!$G$2:$G$1588="trolley_command")*(Event_logs!$H$2:$H$1588="fine_align"),Event_logs!$E$2:$E$1588),""),_xlpm.start_fb,IFERROR(_xlfn.XLOOKUP(1,(Event_logs!$A$2:$A$1588=_xlpm.run)*(Event_logs!$F$2:$F$1588="dropzone_status")*ISNUMBER(SEARCH("fine_aligning",Event_logs!$I$2:$I$1588)),Event_logs!$E$2:$E$1588),""),_xlpm.start,IF(_xlpm.start_cmd<>"",_xlpm.start_cmd,_xlpm.start_fb),_xlpm.ende,IFERROR(_xlfn.XLOOKUP(1,(Event_logs!$A$2:$A$1588=_xlpm.run)*(Event_logs!$F$2:$F$1588="physical_status")*(Event_logs!$G$2:$G$1588="physical_alignment")*(Event_logs!$H$2:$H$1588="fine_align_complete")*ISNUMBER(SEARCH("fine_align_under_done",Event_logs!$I$2:$I$1588)),Event_logs!$E$2:$E$1588),""),_xlpm.diff,_xlpm.ende-_xlpm.start,_xlpm.sek,IF(_xlpm.diff>1000,_xlpm.diff/1000,_xlpm.diff),IFERROR(IF(AND(_xlpm.start<>"",_xlpm.ende<>"",_xlpm.sek>=0),_xlpm.sek,""),"")),"")} -> 6 | P34: =IF(AND(D34="success",F34="success",G34="success"),SUM(M34:O34),"") -> 37.298 | Q34: =_xlfn.LET(_xlpm.t,$A34,_xlpm.s,_xlfn.MINIFS(Event_logs!$E$2:$E$1588,Event_logs!$A$2:$A$1588,_xlpm.t,Event_logs!$H$2:$H$1588,"fine_align_complete"),_xlpm.e,_xlfn.MINIFS(Event_logs!$E$2:$E$1588,Event_logs!$A$2:$A$1588,_xlpm.t,Event_logs!$H$2:$H$1588,"docking sucessfull"),IF(AND(OR($I34="success",$I34="sucess"),_xlpm.s>0,_xlpm.e>_xlpm.s),(_xlpm.e-_xlpm.s)/1000,"")) -> 61.2 | R34: {=IF($D34="success",_xlfn.LET(_xlpm.d,_xlfn.XLOOKUP(1,(Event_logs!$A$2:$A$1588=$A34)*(Event_logs!$H$2:$H$1588="side_align_complete"),Event_logs!$I$2:$I$1588,""),IFERROR(_xlfn.NUMBERVALUE(_xlfn.TEXTBEFORE(_xlfn.TEXTAFTER(_xlpm.d,"error_x=")&" "," "),".",","),"")),"")} -> -0.0046 | S34: {=IF(AND($F34="success",$D34="success"),_xlfn.LET(_xlpm.d,_xlfn.XLOOKUP(1,(Event_logs!$A$2:$A$1588=$A34)*(Event_logs!$H$2:$H$1588="side_align_complete"),Event_logs!$I$2:$I$1588,""),IFERROR(_xlfn.NUMBERVALUE(_xlfn.TEXTBEFORE(_xlfn.TEXTAFTER(_xlpm.d,"error_x=")&" "," "),".",","),"")),"")} -> -0.0046 | T34: {=IF($D34="success",_xlfn.LET(_xlpm.d,_xlfn.XLOOKUP(1,(Event_logs!$A$2:$A$1588=$A34)*(Event_logs!$H$2:$H$1588="side_align_complete"),Event_logs!$I$2:$I$1588,""),IFERROR(_xlfn.NUMBERVALUE(_xlfn.TEXTBEFORE(_xlfn.TEXTAFTER(_xlpm.d,"yaw_error="),"deg"),".",","),"")),"")} -> 0.17 | U34: {=IF(AND($F34="success",D34="success"),_xlfn.LET(_xlpm.d,_xlfn.XLOOKUP(1,(Event_logs!$A$2:$A$1588=$A34)*(Event_logs!$H$2:$H$1588="side_align_complete"),Event_logs!$I$2:$I$1588,""),IFERROR(_xlfn.NUMBERVALUE(_xlfn.TEXTBEFORE(_xlfn.TEXTAFTER(_xlpm.d,"yaw_error="),"deg"),".",","),"")),"")} -> 0.17 | W34: {=IF(OR($G34="success",$G34="sucess"),_xlfn.LET(_xlpm.d,_xlfn.XLOOKUP(1,(Event_logs!$A$2:$A$1588=$A34)*(Event_logs!$H$2:$H$1588="side_align_complete"),Event_logs!$I$2:$I$1588,""),IFERROR(_xlfn.NUMBERVALUE(_xlfn.TEXTBEFORE(_xlfn.TEXTAFTER(_xlpm.d,"yaw="),"deg"),".",","),"")),"")} -> -179.83 | X34: {=IF(OR($G34="success",$G34="sucess"),_xlfn.XLOOKUP(1,(Event_logs!$A$2:$A$1588=$A34)*(Event_logs!$H$2:$H$1588="side_align_complete"),Event_logs!$I$2:$I$1588,""),"")} -> side_align_left_done | final camera=left ids=[17, 18, 19, 20] target_pair=[18, 19] target_x=+0.3514 target_y=+0.2723 center_x=+0.3595 center_y=+0.5781 yaw=-179.83deg error_x=-0.0046 yaw_error=+0.17deg tolerance_x=0.0060 tolerance_yaw=2.00deg | Z34: {=IF(OR($G34="success",$G34="sucess",$G34="unsuccessfull",$G34="partial"),_xlfn.LET(_xlpm.d,_xlfn.XLOOKUP(1,(Event_logs!$A$2:$A$1588=$A34)*(Event_logs!$H$2:$H$1588="fine_align_complete"),Event_logs!$I$2:$I$1588,""),IFERROR(_xlfn.NUMBERVALUE(_xlfn.TEXTBEFORE(_xlfn.TEXTAFTER(_xlpm.d,"error_x=")&" "," "),".",","),"")),"")} -> -0.0005 | AA34: {=IF(AND($G34="success",$I34="success"),_xlfn.LET(_xlpm.d,_xlfn.XLOOKUP(1,(Event_logs!$A$2:$A$1588=$A34)*(Event_logs!$H$2:$H$1588="fine_align_complete"),Event_logs!$I$2:$I$1588,""),IFERROR(_xlfn.NUMBERVALUE(_xlfn.TEXTBEFORE(_xlfn.TEXTAFTER(_xlpm.d,"error_x=")&" "," "),".",","),"")),"")} -> -0.0005 | AB34: {=IF($G34="success",_xlfn.LET(_xlpm.d,_xlfn.XLOOKUP(1,(Event_logs!$A$2:$A$1588=$A34)*(Event_logs!$H$2:$H$1588="fine_align_complete"),Event_logs!$I$2:$I$1588,""),IFERROR(_xlfn.NUMBERVALUE(_xlfn.TEXTBEFORE(_xlfn.TEXTAFTER(_xlpm.d,"error_y=")&" "," "),".",","),"")),"")} -> 0.009 | AC34: {=IF(AND($G34="success",$I34="success"),_xlfn.LET(_xlpm.d,_xlfn.XLOOKUP(1,(Event_logs!$A$2:$A$1588=$A34)*(Event_logs!$H$2:$H$1588="fine_align_complete"),Event_logs!$I$2:$I$1588,""),IFERROR(_xlfn.NUMBERVALUE(_xlfn.TEXTBEFORE(_xlfn.TEXTAFTER(_xlpm.d,"error_y=")&" "," "),".",","),"")),"")} -> 0.009 | AD34: {=IF(AND($G34="success",$I34="success"),_xlfn.LET(_xlpm.d,_xlfn.XLOOKUP(1,(Event_logs!$A$2:$A$1588=$A34)*(Event_logs!$H$2:$H$1588="fine_align_complete"),Event_logs!$I$2:$I$1588,""),IFERROR(_xlfn.NUMBERVALUE(_xlfn.TEXTBEFORE(_xlfn.TEXTAFTER(_xlpm.d,"yaw_error="),"deg"),".",","),"")),"")} -> -0.64 | AE34: {=IF($G34="success",_xlfn.LET(_xlpm.d,_xlfn.XLOOKUP(1,(Event_logs!$A$2:$A$1588=$A34)*(Event_logs!$H$2:$H$1588="fine_align_complete"),Event_logs!$I$2:$I$1588,""),IFERROR(_xlfn.NUMBERVALUE(_xlfn.TEXTBEFORE(_xlfn.TEXTAFTER(_xlpm.d,"yaw_error="),"deg"),".",","),"")),"")} -> -0.64
A35: =IF(Handnotes!$A$11="y",Handnotes!$B$11,"") | B35: =IF($A35="","",IFERROR(Handnotes!$C$11,"")) | C35: =IF($A35="","",IFERROR(Handnotes!$D$11,"")) | D35: =IF($A35="","",IFERROR(Handnotes!$E$11,"")) | E35: =IF($A35="","",IFERROR(Handnotes!$G$11,"")) | F35: =IF($A35="","",IFERROR(Handnotes!$H$11,"")) | G35: =IF($A35="","",IFERROR(Handnotes!$J$11,"")) | H35: =IF($A35="","",IFERROR(Handnotes!$K$11,"")) | I35: =IF($A35="","",IFERROR(Handnotes!$M$11,"")) | J35: =IF($A35="","",IFERROR(Handnotes!$O$11,"")) | K35: =IF($A35="","",IFERROR(Handnotes!$P$11,"")) | L35: =IF($A35="","",IFERROR(Handnotes!$Q$11,"")) | M35: {=IF($D35="success",_xlfn.LET(_xlpm.run,$A35,_xlpm.start_cmd,IFERROR(_xlfn.XLOOKUP(1,(Event_logs!$A$2:$A$1588=_xlpm.run)*(Event_logs!$F$2:$F$1588="command")*(Event_logs!$G$2:$G$1588="trolley_command")*(Event_logs!$H$2:$H$1588="side_align"),Event_logs!$E$2:$E$1588),""),_xlpm.start_fb,IFERROR(_xlfn.XLOOKUP(1,(Event_logs!$A$2:$A$1588=_xlpm.run)*(Event_logs!$F$2:$F$1588="dropzone_status")*ISNUMBER(SEARCH("side_aligning",Event_logs!$I$2:$I$1588)),Event_logs!$E$2:$E$1588),""),_xlpm.start,IF(_xlpm.start_cmd<>"",_xlpm.start_cmd,_xlpm.start_fb),_xlpm.ende,IFERROR(_xlfn.XLOOKUP(1,(Event_logs!$A$2:$A$1588=_xlpm.run)*(Event_logs!$F$2:$F$1588="physical_status")*(Event_logs!$G$2:$G$1588="physical_alignment")*(Event_logs!$H$2:$H$1588="side_align_complete")*ISNUMBER(SEARCH("side_align_left_done",Event_logs!$I$2:$I$1588)),Event_logs!$E$2:$E$1588),""),_xlpm.diff,_xlpm.ende-_xlpm.start,_xlpm.sek,IF(_xlpm.diff>1000,_xlpm.diff/1000,_xlpm.diff),IFERROR(IF(AND(_xlpm.start<>"",_xlpm.ende<>"",_xlpm.sek>=0),_xlpm.sek,""),"")),"")} | N35: {=IF($F35="success",_xlfn.LET(_xlpm.run,$A35,_xlpm.start_cmd,IFERROR(_xlfn.XLOOKUP(1,(Event_logs!$A$2:$A$1588=_xlpm.run)*(Event_logs!$F$2:$F$1588="command")*(Event_logs!$G$2:$G$1588="trolley_command")*(Event_logs!$H$2:$H$1588="drive_under"),Event_logs!$E$2:$E$1588),""),_xlpm.start_fb,IFERROR(_xlfn.XLOOKUP(1,(Event_logs!$A$2:$A$1588=_xlpm.run)*(Event_logs!$F$2:$F$1588="dropzone_status")*ISNUMBER(SEARCH("drive_under_active",Event_logs!$I$2:$I$1588)),Event_logs!$E$2:$E$1588),""),_xlpm.start,IF(_xlpm.start_cmd<>"",_xlpm.start_cmd,_xlpm.start_fb),_xlpm.ende,IFERROR(_xlfn.XLOOKUP(1,(Event_logs!$A$2:$A$1588=_xlpm.run)*(Event_logs!$F$2:$F$1588="physical_status")*(Event_logs!$G$2:$G$1588="physical_alignment")*(Event_logs!$H$2:$H$1588="under_trolley")*ISNUMBER(SEARCH("drive_straight_under_done",Event_logs!$I$2:$I$1588)),Event_logs!$E$2:$E$1588),""),_xlpm.diff,_xlpm.ende-_xlpm.start,_xlpm.sek,IF(_xlpm.diff>1000,_xlpm.diff/1000,_xlpm.diff),IFERROR(IF(AND(_xlpm.start<>"",_xlpm.ende<>"",_xlpm.sek>=0),_xlpm.sek,""),"")),"")} | O35: {=IF($G35="success",_xlfn.LET(_xlpm.run,$A35,_xlpm.start_cmd,IFERROR(_xlfn.XLOOKUP(1,(Event_logs!$A$2:$A$1588=_xlpm.run)*(Event_logs!$F$2:$F$1588="command")*(Event_logs!$G$2:$G$1588="trolley_command")*(Event_logs!$H$2:$H$1588="fine_align"),Event_logs!$E$2:$E$1588),""),_xlpm.start_fb,IFERROR(_xlfn.XLOOKUP(1,(Event_logs!$A$2:$A$1588=_xlpm.run)*(Event_logs!$F$2:$F$1588="dropzone_status")*ISNUMBER(SEARCH("fine_aligning",Event_logs!$I$2:$I$1588)),Event_logs!$E$2:$E$1588),""),_xlpm.start,IF(_xlpm.start_cmd<>"",_xlpm.start_cmd,_xlpm.start_fb),_xlpm.ende,IFERROR(_xlfn.XLOOKUP(1,(Event_logs!$A$2:$A$1588=_xlpm.run)*(Event_logs!$F$2:$F$1588="physical_status")*(Event_logs!$G$2:$G$1588="physical_alignment")*(Event_logs!$H$2:$H$1588="fine_align_complete")*ISNUMBER(SEARCH("fine_align_under_done",Event_logs!$I$2:$I$1588)),Event_logs!$E$2:$E$1588),""),_xlpm.diff,_xlpm.ende-_xlpm.start,_xlpm.sek,IF(_xlpm.diff>1000,_xlpm.diff/1000,_xlpm.diff),IFERROR(IF(AND(_xlpm.start<>"",_xlpm.ende<>"",_xlpm.sek>=0),_xlpm.sek,""),"")),"")} | P35: =IF(AND(D35="success",F35="success",G35="success"),SUM(M35:O35),"") | Q35: =_xlfn.LET(_xlpm.t,$A35,_xlpm.s,_xlfn.MINIFS(Event_logs!$E$2:$E$1588,Event_logs!$A$2:$A$1588,_xlpm.t,Event_logs!$H$2:$H$1588,"fine_align_complete"),_xlpm.e,_xlfn.MINIFS(Event_logs!$E$2:$E$1588,Event_logs!$A$2:$A$1588,_xlpm.t,Event_logs!$H$2:$H$1588,"docking sucessfull"),IF(AND(OR($I35="success",$I35="sucess"),_xlpm.s>0,_xlpm.e>_xlpm.s),(_xlpm.e-_xlpm.s)/1000,"")) | R35: {=IF($D35="success",_xlfn.LET(_xlpm.d,_xlfn.XLOOKUP(1,(Event_logs!$A$2:$A$1588=$A35)*(Event_logs!$H$2:$H$1588="side_align_complete"),Event_logs!$I$2:$I$1588,""),IFERROR(_xlfn.NUMBERVALUE(_xlfn.TEXTBEFORE(_xlfn.TEXTAFTER(_xlpm.d,"error_x=")&" "," "),".",","),"")),"")} | S35: {=IF(AND($F35="success",$D35="success"),_xlfn.LET(_xlpm.d,_xlfn.XLOOKUP(1,(Event_logs!$A$2:$A$1588=$A35)*(Event_logs!$H$2:$H$1588="side_align_complete"),Event_logs!$I$2:$I$1588,""),IFERROR(_xlfn.NUMBERVALUE(_xlfn.TEXTBEFORE(_xlfn.TEXTAFTER(_xlpm.d,"error_x=")&" "," "),".",","),"")),"")} | T35: {=IF($D35="success",_xlfn.LET(_xlpm.d,_xlfn.XLOOKUP(1,(Event_logs!$A$2:$A$1588=$A35)*(Event_logs!$H$2:$H$1588="side_align_complete"),Event_logs!$I$2:$I$1588,""),IFERROR(_xlfn.NUMBERVALUE(_xlfn.TEXTBEFORE(_xlfn.TEXTAFTER(_xlpm.d,"yaw_error="),"deg"),".",","),"")),"")} | U35: {=IF(AND($F35="success",D35="success"),_xlfn.LET(_xlpm.d,_xlfn.XLOOKUP(1,(Event_logs!$A$2:$A$1588=$A35)*(Event_logs!$H$2:$H$1588="side_align_complete"),Event_logs!$I$2:$I$1588,""),IFERROR(_xlfn.NUMBERVALUE(_xlfn.TEXTBEFORE(_xlfn.TEXTAFTER(_xlpm.d,"yaw_error="),"deg"),".",","),"")),"")} | W35: {=IF(OR($G35="success",$G35="sucess"),_xlfn.LET(_xlpm.d,_xlfn.XLOOKUP(1,(Event_logs!$A$2:$A$1588=$A35)*(Event_logs!$H$2:$H$1588="side_align_complete"),Event_logs!$I$2:$I$1588,""),IFERROR(_xlfn.NUMBERVALUE(_xlfn.TEXTBEFORE(_xlfn.TEXTAFTER(_xlpm.d,"yaw="),"deg"),".",","),"")),"")} | X35: {=IF(OR($G35="success",$G35="sucess"),_xlfn.XLOOKUP(1,(Event_logs!$A$2:$A$1588=$A35)*(Event_logs!$H$2:$H$1588="side_align_complete"),Event_logs!$I$2:$I$1588,""),"")} | Z35: {=IF(OR($G35="success",$G35="sucess",$G35="unsuccessfull",$G35="partial"),_xlfn.LET(_xlpm.d,_xlfn.XLOOKUP(1,(Event_logs!$A$2:$A$1588=$A35)*(Event_logs!$H$2:$H$1588="fine_align_complete"),Event_logs!$I$2:$I$1588,""),IFERROR(_xlfn.NUMBERVALUE(_xlfn.TEXTBEFORE(_xlfn.TEXTAFTER(_xlpm.d,"error_x=")&" "," "),".",","),"")),"")} | AA35: {=IF(AND($G35="success",$I35="success"),_xlfn.LET(_xlpm.d,_xlfn.XLOOKUP(1,(Event_logs!$A$2:$A$1588=$A35)*(Event_logs!$H$2:$H$1588="fine_align_complete"),Event_logs!$I$2:$I$1588,""),IFERROR(_xlfn.NUMBERVALUE(_xlfn.TEXTBEFORE(_xlfn.TEXTAFTER(_xlpm.d,"error_x=")&" "," "),".",","),"")),"")} | AB35: {=IF($G35="success",_xlfn.LET(_xlpm.d,_xlfn.XLOOKUP(1,(Event_logs!$A$2:$A$1588=$A35)*(Event_logs!$H$2:$H$1588="fine_align_complete"),Event_logs!$I$2:$I$1588,""),IFERROR(_xlfn.NUMBERVALUE(_xlfn.TEXTBEFORE(_xlfn.TEXTAFTER(_xlpm.d,"error_y=")&" "," "),".",","),"")),"")} | AC35: {=IF(AND($G35="success",$I35="success"),_xlfn.LET(_xlpm.d,_xlfn.XLOOKUP(1,(Event_logs!$A$2:$A$1588=$A35)*(Event_logs!$H$2:$H$1588="fine_align_complete"),Event_logs!$I$2:$I$1588,""),IFERROR(_xlfn.NUMBERVALUE(_xlfn.TEXTBEFORE(_xlfn.TEXTAFTER(_xlpm.d,"error_y=")&" "," "),".",","),"")),"")} | AD35: {=IF(AND($G35="success",$I35="success"),_xlfn.LET(_xlpm.d,_xlfn.XLOOKUP(1,(Event_logs!$A$2:$A$1588=$A35)*(Event_logs!$H$2:$H$1588="fine_align_complete"),Event_logs!$I$2:$I$1588,""),IFERROR(_xlfn.NUMBERVALUE(_xlfn.TEXTBEFORE(_xlfn.TEXTAFTER(_xlpm.d,"yaw_error="),"deg"),".",","),"")),"")} | AE35: {=IF($G35="success",_xlfn.LET(_xlpm.d,_xlfn.XLOOKUP(1,(Event_logs!$A$2:$A$1588=$A35)*(Event_logs!$H$2:$H$1588="fine_align_complete"),Event_logs!$I$2:$I$1588,""),IFERROR(_xlfn.NUMBERVALUE(_xlfn.TEXTBEFORE(_xlfn.TEXTAFTER(_xlpm.d,"yaw_error="),"deg"),".",","),"")),"")}
A36: =IF(Handnotes!$A$12="y",Handnotes!$B$12,"") | B36: =IF($A36="","",IFERROR(Handnotes!$C$12,"")) | C36: =IF($A36="","",IFERROR(Handnotes!$D$12,"")) | D36: =IF($A36="","",IFERROR(Handnotes!$E$12,"")) | E36: =IF($A36="","",IFERROR(Handnotes!$G$12,"")) | F36: =IF($A36="","",IFERROR(Handnotes!$H$12,"")) | G36: =IF($A36="","",IFERROR(Handnotes!$J$12,"")) | H36: =IF($A36="","",IFERROR(Handnotes!$K$12,"")) | I36: =IF($A36="","",IFERROR(Handnotes!$M$12,"")) | J36: =IF($A36="","",IFERROR(Handnotes!$O$12,"")) | K36: =IF($A36="","",IFERROR(Handnotes!$P$12,"")) | L36: =IF($A36="","",IFERROR(Handnotes!$Q$12,"")) | M36: {=IF($D36="success",_xlfn.LET(_xlpm.run,$A36,_xlpm.start_cmd,IFERROR(_xlfn.XLOOKUP(1,(Event_logs!$A$2:$A$1588=_xlpm.run)*(Event_logs!$F$2:$F$1588="command")*(Event_logs!$G$2:$G$1588="trolley_command")*(Event_logs!$H$2:$H$1588="side_align"),Event_logs!$E$2:$E$1588),""),_xlpm.start_fb,IFERROR(_xlfn.XLOOKUP(1,(Event_logs!$A$2:$A$1588=_xlpm.run)*(Event_logs!$F$2:$F$1588="dropzone_status")*ISNUMBER(SEARCH("side_aligning",Event_logs!$I$2:$I$1588)),Event_logs!$E$2:$E$1588),""),_xlpm.start,IF(_xlpm.start_cmd<>"",_xlpm.start_cmd,_xlpm.start_fb),_xlpm.ende,IFERROR(_xlfn.XLOOKUP(1,(Event_logs!$A$2:$A$1588=_xlpm.run)*(Event_logs!$F$2:$F$1588="physical_status")*(Event_logs!$G$2:$G$1588="physical_alignment")*(Event_logs!$H$2:$H$1588="side_align_complete")*ISNUMBER(SEARCH("side_align_left_done",Event_logs!$I$2:$I$1588)),Event_logs!$E$2:$E$1588),""),_xlpm.diff,_xlpm.ende-_xlpm.start,_xlpm.sek,IF(_xlpm.diff>1000,_xlpm.diff/1000,_xlpm.diff),IFERROR(IF(AND(_xlpm.start<>"",_xlpm.ende<>"",_xlpm.sek>=0),_xlpm.sek,""),"")),"")} | N36: {=IF($F36="success",_xlfn.LET(_xlpm.run,$A36,_xlpm.start_cmd,IFERROR(_xlfn.XLOOKUP(1,(Event_logs!$A$2:$A$1588=_xlpm.run)*(Event_logs!$F$2:$F$1588="command")*(Event_logs!$G$2:$G$1588="trolley_command")*(Event_logs!$H$2:$H$1588="drive_under"),Event_logs!$E$2:$E$1588),""),_xlpm.start_fb,IFERROR(_xlfn.XLOOKUP(1,(Event_logs!$A$2:$A$1588=_xlpm.run)*(Event_logs!$F$2:$F$1588="dropzone_status")*ISNUMBER(SEARCH("drive_under_active",Event_logs!$I$2:$I$1588)),Event_logs!$E$2:$E$1588),""),_xlpm.start,IF(_xlpm.start_cmd<>"",_xlpm.start_cmd,_xlpm.start_fb),_xlpm.ende,IFERROR(_xlfn.XLOOKUP(1,(Event_logs!$A$2:$A$1588=_xlpm.run)*(Event_logs!$F$2:$F$1588="physical_status")*(Event_logs!$G$2:$G$1588="physical_alignment")*(Event_logs!$H$2:$H$1588="under_trolley")*ISNUMBER(SEARCH("drive_straight_under_done",Event_logs!$I$2:$I$1588)),Event_logs!$E$2:$E$1588),""),_xlpm.diff,_xlpm.ende-_xlpm.start,_xlpm.sek,IF(_xlpm.diff>1000,_xlpm.diff/1000,_xlpm.diff),IFERROR(IF(AND(_xlpm.start<>"",_xlpm.ende<>"",_xlpm.sek>=0),_xlpm.sek,""),"")),"")} | O36: {=IF($G36="success",_xlfn.LET(_xlpm.run,$A36,_xlpm.start_cmd,IFERROR(_xlfn.XLOOKUP(1,(Event_logs!$A$2:$A$1588=_xlpm.run)*(Event_logs!$F$2:$F$1588="command")*(Event_logs!$G$2:$G$1588="trolley_command")*(Event_logs!$H$2:$H$1588="fine_align"),Event_logs!$E$2:$E$1588),""),_xlpm.start_fb,IFERROR(_xlfn.XLOOKUP(1,(Event_logs!$A$2:$A$1588=_xlpm.run)*(Event_logs!$F$2:$F$1588="dropzone_status")*ISNUMBER(SEARCH("fine_aligning",Event_logs!$I$2:$I$1588)),Event_logs!$E$2:$E$1588),""),_xlpm.start,IF(_xlpm.start_cmd<>"",_xlpm.start_cmd,_xlpm.start_fb),_xlpm.ende,IFERROR(_xlfn.XLOOKUP(1,(Event_logs!$A$2:$A$1588=_xlpm.run)*(Event_logs!$F$2:$F$1588="physical_status")*(Event_logs!$G$2:$G$1588="physical_alignment")*(Event_logs!$H$2:$H$1588="fine_align_complete")*ISNUMBER(SEARCH("fine_align_under_done",Event_logs!$I$2:$I$1588)),Event_logs!$E$2:$E$1588),""),_xlpm.diff,_xlpm.ende-_xlpm.start,_xlpm.sek,IF(_xlpm.diff>1000,_xlpm.diff/1000,_xlpm.diff),IFERROR(IF(AND(_xlpm.start<>"",_xlpm.ende<>"",_xlpm.sek>=0),_xlpm.sek,""),"")),"")} | P36: =IF(AND(D36="success",F36="success",G36="success"),SUM(M36:O36),"") | Q36: =_xlfn.LET(_xlpm.t,$A36,_xlpm.s,_xlfn.MINIFS(Event_logs!$E$2:$E$1588,Event_logs!$A$2:$A$1588,_xlpm.t,Event_logs!$H$2:$H$1588,"fine_align_complete"),_xlpm.e,_xlfn.MINIFS(Event_logs!$E$2:$E$1588,Event_logs!$A$2:$A$1588,_xlpm.t,Event_logs!$H$2:$H$1588,"docking sucessfull"),IF(AND(OR($I36="success",$I36="sucess"),_xlpm.s>0,_xlpm.e>_xlpm.s),(_xlpm.e-_xlpm.s)/1000,"")) | R36: {=IF($D36="success",_xlfn.LET(_xlpm.d,_xlfn.XLOOKUP(1,(Event_logs!$A$2:$A$1588=$A36)*(Event_logs!$H$2:$H$1588="side_align_complete"),Event_logs!$I$2:$I$1588,""),IFERROR(_xlfn.NUMBERVALUE(_xlfn.TEXTBEFORE(_xlfn.TEXTAFTER(_xlpm.d,"error_x=")&" "," "),".",","),"")),"")} | S36: {=IF(AND($F36="success",$D36="success"),_xlfn.LET(_xlpm.d,_xlfn.XLOOKUP(1,(Event_logs!$A$2:$A$1588=$A36)*(Event_logs!$H$2:$H$1588="side_align_complete"),Event_logs!$I$2:$I$1588,""),IFERROR(_xlfn.NUMBERVALUE(_xlfn.TEXTBEFORE(_xlfn.TEXTAFTER(_xlpm.d,"error_x=")&" "," "),".",","),"")),"")} | T36: {=IF($D36="success",_xlfn.LET(_xlpm.d,_xlfn.XLOOKUP(1,(Event_logs!$A$2:$A$1588=$A36)*(Event_logs!$H$2:$H$1588="side_align_complete"),Event_logs!$I$2:$I$1588,""),IFERROR(_xlfn.NUMBERVALUE(_xlfn.TEXTBEFORE(_xlfn.TEXTAFTER(_xlpm.d,"yaw_error="),"deg"),".",","),"")),"")} | U36: {=IF(AND($F36="success",D36="success"),_xlfn.LET(_xlpm.d,_xlfn.XLOOKUP(1,(Event_logs!$A$2:$A$1588=$A36)*(Event_logs!$H$2:$H$1588="side_align_complete"),Event_logs!$I$2:$I$1588,""),IFERROR(_xlfn.NUMBERVALUE(_xlfn.TEXTBEFORE(_xlfn.TEXTAFTER(_xlpm.d,"yaw_error="),"deg"),".",","),"")),"")} | W36: {=IF(OR($G36="success",$G36="sucess"),_xlfn.LET(_xlpm.d,_xlfn.XLOOKUP(1,(Event_logs!$A$2:$A$1588=$A36)*(Event_logs!$H$2:$H$1588="side_align_complete"),Event_logs!$I$2:$I$1588,""),IFERROR(_xlfn.NUMBERVALUE(_xlfn.TEXTBEFORE(_xlfn.TEXTAFTER(_xlpm.d,"yaw="),"deg"),".",","),"")),"")} | X36: {=IF(OR($G36="success",$G36="sucess"),_xlfn.XLOOKUP(1,(Event_logs!$A$2:$A$1588=$A36)*(Event_logs!$H$2:$H$1588="side_align_complete"),Event_logs!$I$2:$I$1588,""),"")} | Z36: {=IF(OR($G36="success",$G36="sucess",$G36="unsuccessfull",$G36="partial"),_xlfn.LET(_xlpm.d,_xlfn.XLOOKUP(1,(Event_logs!$A$2:$A$1588=$A36)*(Event_logs!$H$2:$H$1588="fine_align_complete"),Event_logs!$I$2:$I$1588,""),IFERROR(_xlfn.NUMBERVALUE(_xlfn.TEXTBEFORE(_xlfn.TEXTAFTER(_xlpm.d,"error_x=")&" "," "),".",","),"")),"")} | AA36: {=IF(AND($G36="success",$I36="success"),_xlfn.LET(_xlpm.d,_xlfn.XLOOKUP(1,(Event_logs!$A$2:$A$1588=$A36)*(Event_logs!$H$2:$H$1588="fine_align_complete"),Event_logs!$I$2:$I$1588,""),IFERROR(_xlfn.NUMBERVALUE(_xlfn.TEXTBEFORE(_xlfn.TEXTAFTER(_xlpm.d,"error_x=")&" "," "),".",","),"")),"")} | AB36: {=IF($G36="success",_xlfn.LET(_xlpm.d,_xlfn.XLOOKUP(1,(Event_logs!$A$2:$A$1588=$A36)*(Event_logs!$H$2:$H$1588="fine_align_complete"),Event_logs!$I$2:$I$1588,""),IFERROR(_xlfn.NUMBERVALUE(_xlfn.TEXTBEFORE(_xlfn.TEXTAFTER(_xlpm.d,"error_y=")&" "," "),".",","),"")),"")} | AC36: {=IF(AND($G36="success",$I36="success"),_xlfn.LET(_xlpm.d,_xlfn.XLOOKUP(1,(Event_logs!$A$2:$A$1588=$A36)*(Event_logs!$H$2:$H$1588="fine_align_complete"),Event_logs!$I$2:$I$1588,""),IFERROR(_xlfn.NUMBERVALUE(_xlfn.TEXTBEFORE(_xlfn.TEXTAFTER(_xlpm.d,"error_y=")&" "," "),".",","),"")),"")} | AD36: {=IF(AND($G36="success",$I36="success"),_xlfn.LET(_xlpm.d,_xlfn.XLOOKUP(1,(Event_logs!$A$2:$A$1588=$A36)*(Event_logs!$H$2:$H$1588="fine_align_complete"),Event_logs!$I$2:$I$1588,""),IFERROR(_xlfn.NUMBERVALUE(_xlfn.TEXTBEFORE(_xlfn.TEXTAFTER(_xlpm.d,"yaw_error="),"deg"),".",","),"")),"")} | AE36: {=IF($G36="success",_xlfn.LET(_xlpm.d,_xlfn.XLOOKUP(1,(Event_logs!$A$2:$A$1588=$A36)*(Event_logs!$H$2:$H$1588="fine_align_complete"),Event_logs!$I$2:$I$1588,""),IFERROR(_xlfn.NUMBERVALUE(_xlfn.TEXTBEFORE(_xlfn.TEXTAFTER(_xlpm.d,"yaw_error="),"deg"),".",","),"")),"")}
A37: =IF(Handnotes!$A$13="y",Handnotes!$B$13,"") -> 12 | B37: =IF($A37="","",IFERROR(Handnotes!$C$13,"")) -> Normal | C37: =IF($A37="","",IFERROR(Handnotes!$D$13,"")) -> Trash Trolley | D37: =IF($A37="","",IFERROR(Handnotes!$E$13,"")) -> partial | E37: =IF($A37="","",IFERROR(Handnotes!$G$13,"")) -> correct | F37: =IF($A37="","",IFERROR(Handnotes!$H$13,"")) -> success | G37: =IF($A37="","",IFERROR(Handnotes!$J$13,"")) -> success | H37: =IF($A37="","",IFERROR(Handnotes!$K$13,"")) -> NO | I37: =IF($A37="","",IFERROR(Handnotes!$M$13,"")) -> success | J37: =IF($A37="","",IFERROR(Handnotes!$O$13,"")) -> success | K37: =IF($A37="","",IFERROR(Handnotes!$P$13,"")) -> success | L37: =IF($A37="","",IFERROR(Handnotes!$Q$13,"")) -> success | M37: {=IF($D37="success",_xlfn.LET(_xlpm.run,$A37,_xlpm.start_cmd,IFERROR(_xlfn.XLOOKUP(1,(Event_logs!$A$2:$A$1588=_xlpm.run)*(Event_logs!$F$2:$F$1588="command")*(Event_logs!$G$2:$G$1588="trolley_command")*(Event_logs!$H$2:$H$1588="side_align"),Event_logs!$E$2:$E$1588),""),_xlpm.start_fb,IFERROR(_xlfn.XLOOKUP(1,(Event_logs!$A$2:$A$1588=_xlpm.run)*(Event_logs!$F$2:$F$1588="dropzone_status")*ISNUMBER(SEARCH("side_aligning",Event_logs!$I$2:$I$1588)),Event_logs!$E$2:$E$1588),""),_xlpm.start,IF(_xlpm.start_cmd<>"",_xlpm.start_cmd,_xlpm.start_fb),_xlpm.ende,IFERROR(_xlfn.XLOOKUP(1,(Event_logs!$A$2:$A$1588=_xlpm.run)*(Event_logs!$F$2:$F$1588="physical_status")*(Event_logs!$G$2:$G$1588="physical_alignment")*(Event_logs!$H$2:$H$1588="side_align_complete")*ISNUMBER(SEARCH("side_align_left_done",Event_logs!$I$2:$I$1588)),Event_logs!$E$2:$E$1588),""),_xlpm.diff,_xlpm.ende-_xlpm.start,_xlpm.sek,IF(_xlpm.diff>1000,_xlpm.diff/1000,_xlpm.diff),IFERROR(IF(AND(_xlpm.start<>"",_xlpm.ende<>"",_xlpm.sek>=0),_xlpm.sek,""),"")),"")} | N37: {=IF($F37="success",_xlfn.LET(_xlpm.run,$A37,_xlpm.start_cmd,IFERROR(_xlfn.XLOOKUP(1,(Event_logs!$A$2:$A$1588=_xlpm.run)*(Event_logs!$F$2:$F$1588="command")*(Event_logs!$G$2:$G$1588="trolley_command")*(Event_logs!$H$2:$H$1588="drive_under"),Event_logs!$E$2:$E$1588),""),_xlpm.start_fb,IFERROR(_xlfn.XLOOKUP(1,(Event_logs!$A$2:$A$1588=_xlpm.run)*(Event_logs!$F$2:$F$1588="dropzone_status")*ISNUMBER(SEARCH("drive_under_active",Event_logs!$I$2:$I$1588)),Event_logs!$E$2:$E$1588),""),_xlpm.start,IF(_xlpm.start_cmd<>"",_xlpm.start_cmd,_xlpm.start_fb),_xlpm.ende,IFERROR(_xlfn.XLOOKUP(1,(Event_logs!$A$2:$A$1588=_xlpm.run)*(Event_logs!$F$2:$F$1588="physical_status")*(Event_logs!$G$2:$G$1588="physical_alignment")*(Event_logs!$H$2:$H$1588="under_trolley")*ISNUMBER(SEARCH("drive_straight_under_done",Event_logs!$I$2:$I$1588)),Event_logs!$E$2:$E$1588),""),_xlpm.diff,_xlpm.ende-_xlpm.start,_xlpm.sek,IF(_xlpm.diff>1000,_xlpm.diff/1000,_xlpm.diff),IFERROR(IF(AND(_xlpm.start<>"",_xlpm.ende<>"",_xlpm.sek>=0),_xlpm.sek,""),"")),"")} -> 9.501 | O37: {=IF($G37="success",_xlfn.LET(_xlpm.run,$A37,_xlpm.start_cmd,IFERROR(_xlfn.XLOOKUP(1,(Event_logs!$A$2:$A$1588=_xlpm.run)*(Event_logs!$F$2:$F$1588="command")*(Event_logs!$G$2:$G$1588="trolley_command")*(Event_logs!$H$2:$H$1588="fine_align"),Event_logs!$E$2:$E$1588),""),_xlpm.start_fb,IFERROR(_xlfn.XLOOKUP(1,(Event_logs!$A$2:$A$1588=_xlpm.run)*(Event_logs!$F$2:$F$1588="dropzone_status")*ISNUMBER(SEARCH("fine_aligning",Event_logs!$I$2:$I$1588)),Event_logs!$E$2:$E$1588),""),_xlpm.start,IF(_xlpm.start_cmd<>"",_xlpm.start_cmd,_xlpm.start_fb),_xlpm.ende,IFERROR(_xlfn.XLOOKUP(1,(Event_logs!$A$2:$A$1588=_xlpm.run)*(Event_logs!$F$2:$F$1588="physical_status")*(Event_logs!$G$2:$G$1588="physical_alignment")*(Event_logs!$H$2:$H$1588="fine_align_complete")*ISNUMBER(SEARCH("fine_align_under_done",Event_logs!$I$2:$I$1588)),Event_logs!$E$2:$E$1588),""),_xlpm.diff,_xlpm.ende-_xlpm.start,_xlpm.sek,IF(_xlpm.diff>1000,_xlpm.diff/1000,_xlpm.diff),IFERROR(IF(AND(_xlpm.start<>"",_xlpm.ende<>"",_xlpm.sek>=0),_xlpm.sek,""),"")),"")} -> 4.838 | P37: =IF(AND(D37="success",F37="success",G37="success"),SUM(M37:O37),"") | Q37: =_xlfn.LET(_xlpm.t,$A37,_xlpm.s,_xlfn.MINIFS(Event_logs!$E$2:$E$1588,Event_logs!$A$2:$A$1588,_xlpm.t,Event_logs!$H$2:$H$1588,"fine_align_complete"),_xlpm.e,_xlfn.MINIFS(Event_logs!$E$2:$E$1588,Event_logs!$A$2:$A$1588,_xlpm.t,Event_logs!$H$2:$H$1588,"docking sucessfull"),IF(AND(OR($I37="success",$I37="sucess"),_xlpm.s>0,_xlpm.e>_xlpm.s),(_xlpm.e-_xlpm.s)/1000,"")) -> 37.818 | R37: {=IF($D37="success",_xlfn.LET(_xlpm.d,_xlfn.XLOOKUP(1,(Event_logs!$A$2:$A$1588=$A37)*(Event_logs!$H$2:$H$1588="side_align_complete"),Event_logs!$I$2:$I$1588,""),IFERROR(_xlfn.NUMBERVALUE(_xlfn.TEXTBEFORE(_xlfn.TEXTAFTER(_xlpm.d,"error_x=")&" "," "),".",","),"")),"")} | S37: {=IF(AND($F37="success",$D37="success"),_xlfn.LET(_xlpm.d,_xlfn.XLOOKUP(1,(Event_logs!$A$2:$A$1588=$A37)*(Event_logs!$H$2:$H$1588="side_align_complete"),Event_logs!$I$2:$I$1588,""),IFERROR(_xlfn.NUMBERVALUE(_xlfn.TEXTBEFORE(_xlfn.TEXTAFTER(_xlpm.d,"error_x=")&" "," "),".",","),"")),"")} | T37: {=IF($D37="success",_xlfn.LET(_xlpm.d,_xlfn.XLOOKUP(1,(Event_logs!$A$2:$A$1588=$A37)*(Event_logs!$H$2:$H$1588="side_align_complete"),Event_logs!$I$2:$I$1588,""),IFERROR(_xlfn.NUMBERVALUE(_xlfn.TEXTBEFORE(_xlfn.TEXTAFTER(_xlpm.d,"yaw_error="),"deg"),".",","),"")),"")} | U37: {=IF(AND($F37="success",D37="success"),_xlfn.LET(_xlpm.d,_xlfn.XLOOKUP(1,(Event_logs!$A$2:$A$1588=$A37)*(Event_logs!$H$2:$H$1588="side_align_complete"),Event_logs!$I$2:$I$1588,""),IFERROR(_xlfn.NUMBERVALUE(_xlfn.TEXTBEFORE(_xlfn.TEXTAFTER(_xlpm.d,"yaw_error="),"deg"),".",","),"")),"")} | W37: {=IF(OR($G37="success",$G37="sucess"),_xlfn.LET(_xlpm.d,_xlfn.XLOOKUP(1,(Event_logs!$A$2:$A$1588=$A37)*(Event_logs!$H$2:$H$1588="side_align_complete"),Event_logs!$I$2:$I$1588,""),IFERROR(_xlfn.NUMBERVALUE(_xlfn.TEXTBEFORE(_xlfn.TEXTAFTER(_xlpm.d,"yaw="),"deg"),".",","),"")),"")} -> 179.88 | X37: {=IF(OR($G37="success",$G37="sucess"),_xlfn.XLOOKUP(1,(Event_logs!$A$2:$A$1588=$A37)*(Event_logs!$H$2:$H$1588="side_align_complete"),Event_logs!$I$2:$I$1588,""),"")} -> side_align_left_done | final camera=left ids=[23, 24, 25, 26] target_pair=[24, 25] target_x=+0.3552 target_y=+0.2685 center_x=+0.3628 center_y=-0.0384 yaw=+179.88deg error_x=-0.0008 yaw_error=-0.12deg tolerance_x=0.0060 tolerance_yaw=2.00deg | Z37: {=IF(OR($G37="success",$G37="sucess",$G37="unsuccessfull",$G37="partial"),_xlfn.LET(_xlpm.d,_xlfn.XLOOKUP(1,(Event_logs!$A$2:$A$1588=$A37)*(Event_logs!$H$2:$H$1588="fine_align_complete"),Event_logs!$I$2:$I$1588,""),IFERROR(_xlfn.NUMBERVALUE(_xlfn.TEXTBEFORE(_xlfn.TEXTAFTER(_xlpm.d,"error_x=")&" "," "),".",","),"")),"")} -> -0.0028 | AA37: {=IF(AND($G37="success",$I37="success"),_xlfn.LET(_xlpm.d,_xlfn.XLOOKUP(1,(Event_logs!$A$2:$A$1588=$A37)*(Event_logs!$H$2:$H$1588="fine_align_complete"),Event_logs!$I$2:$I$1588,""),IFERROR(_xlfn.NUMBERVALUE(_xlfn.TEXTBEFORE(_xlfn.TEXTAFTER(_xlpm.d,"error_x=")&" "," "),".",","),"")),"")} -> -0.0028 | AB37: {=IF($G37="success",_xlfn.LET(_xlpm.d,_xlfn.XLOOKUP(1,(Event_logs!$A$2:$A$1588=$A37)*(Event_logs!$H$2:$H$1588="fine_align_complete"),Event_logs!$I$2:$I$1588,""),IFERROR(_xlfn.NUMBERVALUE(_xlfn.TEXTBEFORE(_xlfn.TEXTAFTER(_xlpm.d,"error_y=")&" "," "),".",","),"")),"")} -> -0.0041 | AC37: {=IF(AND($G37="success",$I37="success"),_xlfn.LET(_xlpm.d,_xlfn.XLOOKUP(1,(Event_logs!$A$2:$A$1588=$A37)*(Event_logs!$H$2:$H$1588="fine_align_complete"),Event_logs!$I$2:$I$1588,""),IFERROR(_xlfn.NUMBERVALUE(_xlfn.TEXTBEFORE(_xlfn.TEXTAFTER(_xlpm.d,"error_y=")&" "," "),".",","),"")),"")} -> -0.0041 | AD37: {=IF(AND($G37="success",$I37="success"),_xlfn.LET(_xlpm.d,_xlfn.XLOOKUP(1,(Event_logs!$A$2:$A$1588=$A37)*(Event_logs!$H$2:$H$1588="fine_align_complete"),Event_logs!$I$2:$I$1588,""),IFERROR(_xlfn.NUMBERVALUE(_xlfn.TEXTBEFORE(_xlfn.TEXTAFTER(_xlpm.d,"yaw_error="),"deg"),".",","),"")),"")} -> -2.74 | AE37: {=IF($G37="success",_xlfn.LET(_xlpm.d,_xlfn.XLOOKUP(1,(Event_logs!$A$2:$A$1588=$A37)*(Event_logs!$H$2:$H$1588="fine_align_complete"),Event_logs!$I$2:$I$1588,""),IFERROR(_xlfn.NUMBERVALUE(_xlfn.TEXTBEFORE(_xlfn.TEXTAFTER(_xlpm.d,"yaw_error="),"deg"),".",","),"")),"")} -> -2.74
A38: =IF(Handnotes!$A$14="y",Handnotes!$B$14,"") -> 13 | B38: =IF($A38="","",IFERROR(Handnotes!$C$14,"")) -> Normal | C38: =IF($A38="","",IFERROR(Handnotes!$D$14,"")) -> Trash Trolley | D38: =IF($A38="","",IFERROR(Handnotes!$E$14,"")) -> success | E38: =IF($A38="","",IFERROR(Handnotes!$G$14,"")) -> correct | F38: =IF($A38="","",IFERROR(Handnotes!$H$14,"")) -> success | G38: =IF($A38="","",IFERROR(Handnotes!$J$14,"")) -> success | H38: =IF($A38="","",IFERROR(Handnotes!$K$14,"")) -> YES | I38: =IF($A38="","",IFERROR(Handnotes!$M$14,"")) -> success | J38: =IF($A38="","",IFERROR(Handnotes!$O$14,"")) -> success | K38: =IF($A38="","",IFERROR(Handnotes!$P$14,"")) -> success | L38: =IF($A38="","",IFERROR(Handnotes!$Q$14,"")) -> success | M38: {=IF($D38="success",_xlfn.LET(_xlpm.run,$A38,_xlpm.start_cmd,IFERROR(_xlfn.XLOOKUP(1,(Event_logs!$A$2:$A$1588=_xlpm.run)*(Event_logs!$F$2:$F$1588="command")*(Event_logs!$G$2:$G$1588="trolley_command")*(Event_logs!$H$2:$H$1588="side_align"),Event_logs!$E$2:$E$1588),""),_xlpm.start_fb,IFERROR(_xlfn.XLOOKUP(1,(Event_logs!$A$2:$A$1588=_xlpm.run)*(Event_logs!$F$2:$F$1588="dropzone_status")*ISNUMBER(SEARCH("side_aligning",Event_logs!$I$2:$I$1588)),Event_logs!$E$2:$E$1588),""),_xlpm.start,IF(_xlpm.start_cmd<>"",_xlpm.start_cmd,_xlpm.start_fb),_xlpm.ende,IFERROR(_xlfn.XLOOKUP(1,(Event_logs!$A$2:$A$1588=_xlpm.run)*(Event_logs!$F$2:$F$1588="physical_status")*(Event_logs!$G$2:$G$1588="physical_alignment")*(Event_logs!$H$2:$H$1588="side_align_complete")*ISNUMBER(SEARCH("side_align_left_done",Event_logs!$I$2:$I$1588)),Event_logs!$E$2:$E$1588),""),_xlpm.diff,_xlpm.ende-_xlpm.start,_xlpm.sek,IF(_xlpm.diff>1000,_xlpm.diff/1000,_xlpm.diff),IFERROR(IF(AND(_xlpm.start<>"",_xlpm.ende<>"",_xlpm.sek>=0),_xlpm.sek,""),"")),"")} -> 18.499 | N38: {=IF($F38="success",_xlfn.LET(_xlpm.run,$A38,_xlpm.start_cmd,IFERROR(_xlfn.XLOOKUP(1,(Event_logs!$A$2:$A$1588=_xlpm.run)*(Event_logs!$F$2:$F$1588="command")*(Event_logs!$G$2:$G$1588="trolley_command")*(Event_logs!$H$2:$H$1588="drive_under"),Event_logs!$E$2:$E$1588),""),_xlpm.start_fb,IFERROR(_xlfn.XLOOKUP(1,(Event_logs!$A$2:$A$1588=_xlpm.run)*(Event_logs!$F$2:$F$1588="dropzone_status")*ISNUMBER(SEARCH("drive_under_active",Event_logs!$I$2:$I$1588)),Event_logs!$E$2:$E$1588),""),_xlpm.start,IF(_xlpm.start_cmd<>"",_xlpm.start_cmd,_xlpm.start_fb),_xlpm.ende,IFERROR(_xlfn.XLOOKUP(1,(Event_logs!$A$2:$A$1588=_xlpm.run)*(Event_logs!$F$2:$F$1588="physical_status")*(Event_logs!$G$2:$G$1588="physical_alignment")*(Event_logs!$H$2:$H$1588="under_trolley")*ISNUMBER(SEARCH("drive_straight_under_done",Event_logs!$I$2:$I$1588)),Event_logs!$E$2:$E$1588),""),_xlpm.diff,_xlpm.ende-_xlpm.start,_xlpm.sek,IF(_xlpm.diff>1000,_xlpm.diff/1000,_xlpm.diff),IFERROR(IF(AND(_xlpm.start<>"",_xlpm.ende<>"",_xlpm.sek>=0),_xlpm.sek,""),"")),"")} -> 9.432 | O38: {=IF($G38="success",_xlfn.LET(_xlpm.run,$A38,_xlpm.start_cmd,IFERROR(_xlfn.XLOOKUP(1,(Event_logs!$A$2:$A$1588=_xlpm.run)*(Event_logs!$F$2:$F$1588="command")*(Event_logs!$G$2:$G$1588="trolley_command")*(Event_logs!$H$2:$H$1588="fine_align"),Event_logs!$E$2:$E$1588),""),_xlpm.start_fb,IFERROR(_xlfn.XLOOKUP(1,(Event_logs!$A$2:$A$1588=_xlpm.run)*(Event_logs!$F$2:$F$1588="dropzone_status")*ISNUMBER(SEARCH("fine_aligning",Event_logs!$I$2:$I$1588)),Event_logs!$E$2:$E$1588),""),_xlpm.start,IF(_xlpm.start_cmd<>"",_xlpm.start_cmd,_xlpm.start_fb),_xlpm.ende,IFERROR(_xlfn.XLOOKUP(1,(Event_logs!$A$2:$A$1588=_xlpm.run)*(Event_logs!$F$2:$F$1588="physical_status")*(Event_logs!$G$2:$G$1588="physical_alignment")*(Event_logs!$H$2:$H$1588="fine_align_complete")*ISNUMBER(SEARCH("fine_align_under_done",Event_logs!$I$2:$I$1588)),Event_logs!$E$2:$E$1588),""),_xlpm.diff,_xlpm.ende-_xlpm.start,_xlpm.sek,IF(_xlpm.diff>1000,_xlpm.diff/1000,_xlpm.diff),IFERROR(IF(AND(_xlpm.start<>"",_xlpm.ende<>"",_xlpm.sek>=0),_xlpm.sek,""),"")),"")} -> 114.33 | P38: =IF(AND(D38="success",F38="success",G38="success"),SUM(M38:O38),"") -> 142.261 | Q38: =_xlfn.LET(_xlpm.t,$A38,_xlpm.s,_xlfn.MINIFS(Event_logs!$E$2:$E$1588,Event_logs!$A$2:$A$1588,_xlpm.t,Event_logs!$H$2:$H$1588,"fine_align_complete"),_xlpm.e,_xlfn.MINIFS(Event_logs!$E$2:$E$1588,Event_logs!$A$2:$A$1588,_xlpm.t,Event_logs!$H$2:$H$1588,"docking sucessfull"),IF(AND(OR($I38="success",$I38="sucess"),_xlpm.s>0,_xlpm.e>_xlpm.s),(_xlpm.e-_xlpm.s)/1000,"")) -> 30.141 | R38: {=IF($D38="success",_xlfn.LET(_xlpm.d,_xlfn.XLOOKUP(1,(Event_logs!$A$2:$A$1588=$A38)*(Event_logs!$H$2:$H$1588="side_align_complete"),Event_logs!$I$2:$I$1588,""),IFERROR(_xlfn.NUMBERVALUE(_xlfn.TEXTBEFORE(_xlfn.TEXTAFTER(_xlpm.d,"error_x=")&" "," "),".",","),"")),"")} -> -0.0016 | S38: {=IF(AND($F38="success",$D38="success"),_xlfn.LET(_xlpm.d,_xlfn.XLOOKUP(1,(Event_logs!$A$2:$A$1588=$A38)*(Event_logs!$H$2:$H$1588="side_align_complete"),Event_logs!$I$2:$I$1588,""),IFERROR(_xlfn.NUMBERVALUE(_xlfn.TEXTBEFORE(_xlfn.TEXTAFTER(_xlpm.d,"error_x=")&" "," "),".",","),"")),"")} -> -0.0016 | T38: {=IF($D38="success",_xlfn.LET(_xlpm.d,_xlfn.XLOOKUP(1,(Event_logs!$A$2:$A$1588=$A38)*(Event_logs!$H$2:$H$1588="side_align_complete"),Event_logs!$I$2:$I$1588,""),IFERROR(_xlfn.NUMBERVALUE(_xlfn.TEXTBEFORE(_xlfn.TEXTAFTER(_xlpm.d,"yaw_error="),"deg"),".",","),"")),"")} -> 0.07 | U38: {=IF(AND($F38="success",D38="success"),_xlfn.LET(_xlpm.d,_xlfn.XLOOKUP(1,(Event_logs!$A$2:$A$1588=$A38)*(Event_logs!$H$2:$H$1588="side_align_complete"),Event_logs!$I$2:$I$1588,""),IFERROR(_xlfn.NUMBERVALUE(_xlfn.TEXTBEFORE(_xlfn.TEXTAFTER(_xlpm.d,"yaw_error="),"deg"),".",","),"")),"")} -> 0.07 | W38: {=IF(OR($G38="success",$G38="sucess"),_xlfn.LET(_xlpm.d,_xlfn.XLOOKUP(1,(Event_logs!$A$2:$A$1588=$A38)*(Event_logs!$H$2:$H$1588="side_align_complete"),Event_logs!$I$2:$I$1588,""),IFERROR(_xlfn.NUMBERVALUE(_xlfn.TEXTBEFORE(_xlfn.TEXTAFTER(_xlpm.d,"yaw="),"deg"),".",","),"")),"")} -> -179.93 | X38: {=IF(OR($G38="success",$G38="sucess"),_xlfn.XLOOKUP(1,(Event_logs!$A$2:$A$1588=$A38)*(Event_logs!$H$2:$H$1588="side_align_complete"),Event_logs!$I$2:$I$1588,""),"")} -> side_align_left_done | final camera=left ids=[23, 24, 25, 26] target_pair=[24, 25] target_x=+0.3544 target_y=+0.2771 center_x=+0.3632 center_y=-0.0300 yaw=-179.93deg error_x=-0.0016 yaw_error=+0.07deg tolerance_x=0.0060 tolerance_yaw=2.00deg | Z38: {=IF(OR($G38="success",$G38="sucess",$G38="unsuccessfull",$G38="partial"),_xlfn.LET(_xlpm.d,_xlfn.XLOOKUP(1,(Event_logs!$A$2:$A$1588=$A38)*(Event_logs!$H$2:$H$1588="fine_align_complete"),Event_logs!$I$2:$I$1588,""),IFERROR(_xlfn.NUMBERVALUE(_xlfn.TEXTBEFORE(_xlfn.TEXTAFTER(_xlpm.d,"error_x=")&" "," "),".",","),"")),"")} -> 0.0033 | AA38: {=IF(AND($G38="success",$I38="success"),_xlfn.LET(_xlpm.d,_xlfn.XLOOKUP(1,(Event_logs!$A$2:$A$1588=$A38)*(Event_logs!$H$2:$H$1588="fine_align_complete"),Event_logs!$I$2:$I$1588,""),IFERROR(_xlfn.NUMBERVALUE(_xlfn.TEXTBEFORE(_xlfn.TEXTAFTER(_xlpm.d,"error_x=")&" "," "),".",","),"")),"")} -> 0.0033 | AB38: {=IF($G38="success",_xlfn.LET(_xlpm.d,_xlfn.XLOOKUP(1,(Event_logs!$A$2:$A$1588=$A38)*(Event_logs!$H$2:$H$1588="fine_align_complete"),Event_logs!$I$2:$I$1588,""),IFERROR(_xlfn.NUMBERVALUE(_xlfn.TEXTBEFORE(_xlfn.TEXTAFTER(_xlpm.d,"error_y=")&" "," "),".",","),"")),"")} -> 0.0059 | AC38: {=IF(AND($G38="success",$I38="success"),_xlfn.LET(_xlpm.d,_xlfn.XLOOKUP(1,(Event_logs!$A$2:$A$1588=$A38)*(Event_logs!$H$2:$H$1588="fine_align_complete"),Event_logs!$I$2:$I$1588,""),IFERROR(_xlfn.NUMBERVALUE(_xlfn.TEXTBEFORE(_xlfn.TEXTAFTER(_xlpm.d,"error_y=")&" "," "),".",","),"")),"")} -> 0.0059 | AD38: {=IF(AND($G38="success",$I38="success"),_xlfn.LET(_xlpm.d,_xlfn.XLOOKUP(1,(Event_logs!$A$2:$A$1588=$A38)*(Event_logs!$H$2:$H$1588="fine_align_complete"),Event_logs!$I$2:$I$1588,""),IFERROR(_xlfn.NUMBERVALUE(_xlfn.TEXTBEFORE(_xlfn.TEXTAFTER(_xlpm.d,"yaw_error="),"deg"),".",","),"")),"")} -> -0.24 | AE38: {=IF($G38="success",_xlfn.LET(_xlpm.d,_xlfn.XLOOKUP(1,(Event_logs!$A$2:$A$1588=$A38)*(Event_logs!$H$2:$H$1588="fine_align_complete"),Event_logs!$I$2:$I$1588,""),IFERROR(_xlfn.NUMBERVALUE(_xlfn.TEXTBEFORE(_xlfn.TEXTAFTER(_xlpm.d,"yaw_error="),"deg"),".",","),"")),"")} -> -0.24
A39: =IF(Handnotes!$A$15="y",Handnotes!$B$15,"") -> 14 | B39: =IF($A39="","",IFERROR(Handnotes!$C$15,"")) -> Normal | C39: =IF($A39="","",IFERROR(Handnotes!$D$15,"")) -> Trash Trolley | D39: =IF($A39="","",IFERROR(Handnotes!$E$15,"")) -> success | E39: =IF($A39="","",IFERROR(Handnotes!$G$15,"")) -> correct | F39: =IF($A39="","",IFERROR(Handnotes!$H$15,"")) -> unsuccessfull | G39: =IF($A39="","",IFERROR(Handnotes!$J$15,"")) -> 0 | H39: =IF($A39="","",IFERROR(Handnotes!$K$15,"")) -> 0 | I39: =IF($A39="","",IFERROR(Handnotes!$M$15,"")) -> 0 | J39: =IF($A39="","",IFERROR(Handnotes!$O$15,"")) -> 0 | K39: =IF($A39="","",IFERROR(Handnotes!$P$15,"")) -> 0 | L39: =IF($A39="","",IFERROR(Handnotes!$Q$15,"")) -> 0 | M39: {=IF($D39="success",_xlfn.LET(_xlpm.run,$A39,_xlpm.start_cmd,IFERROR(_xlfn.XLOOKUP(1,(Event_logs!$A$2:$A$1588=_xlpm.run)*(Event_logs!$F$2:$F$1588="command")*(Event_logs!$G$2:$G$1588="trolley_command")*(Event_logs!$H$2:$H$1588="side_align"),Event_logs!$E$2:$E$1588),""),_xlpm.start_fb,IFERROR(_xlfn.XLOOKUP(1,(Event_logs!$A$2:$A$1588=_xlpm.run)*(Event_logs!$F$2:$F$1588="dropzone_status")*ISNUMBER(SEARCH("side_aligning",Event_logs!$I$2:$I$1588)),Event_logs!$E$2:$E$1588),""),_xlpm.start,IF(_xlpm.start_cmd<>"",_xlpm.start_cmd,_xlpm.start_fb),_xlpm.ende,IFERROR(_xlfn.XLOOKUP(1,(Event_logs!$A$2:$A$1588=_xlpm.run)*(Event_logs!$F$2:$F$1588="physical_status")*(Event_logs!$G$2:$G$1588="physical_alignment")*(Event_logs!$H$2:$H$1588="side_align_complete")*ISNUMBER(SEARCH("side_align_left_done",Event_logs!$I$2:$I$1588)),Event_logs!$E$2:$E$1588),""),_xlpm.diff,_xlpm.ende-_xlpm.start,_xlpm.sek,IF(_xlpm.diff>1000,_xlpm.diff/1000,_xlpm.diff),IFERROR(IF(AND(_xlpm.start<>"",_xlpm.ende<>"",_xlpm.sek>=0),_xlpm.sek,""),"")),"")} -> 29.9 | N39: {=IF($F39="success",_xlfn.LET(_xlpm.run,$A39,_xlpm.start_cmd,IFERROR(_xlfn.XLOOKUP(1,(Event_logs!$A$2:$A$1588=_xlpm.run)*(Event_logs!$F$2:$F$1588="command")*(Event_logs!$G$2:$G$1588="trolley_command")*(Event_logs!$H$2:$H$1588="drive_under"),Event_logs!$E$2:$E$1588),""),_xlpm.start_fb,IFERROR(_xlfn.XLOOKUP(1,(Event_logs!$A$2:$A$1588=_xlpm.run)*(Event_logs!$F$2:$F$1588="dropzone_status")*ISNUMBER(SEARCH("drive_under_active",Event_logs!$I$2:$I$1588)),Event_logs!$E$2:$E$1588),""),_xlpm.start,IF(_xlpm.start_cmd<>"",_xlpm.start_cmd,_xlpm.start_fb),_xlpm.ende,IFERROR(_xlfn.XLOOKUP(1,(Event_logs!$A$2:$A$1588=_xlpm.run)*(Event_logs!$F$2:$F$1588="physical_status")*(Event_logs!$G$2:$G$1588="physical_alignment")*(Event_logs!$H$2:$H$1588="under_trolley")*ISNUMBER(SEARCH("drive_straight_under_done",Event_logs!$I$2:$I$1588)),Event_logs!$E$2:$E$1588),""),_xlpm.diff,_xlpm.ende-_xlpm.start,_xlpm.sek,IF(_xlpm.diff>1000,_xlpm.diff/1000,_xlpm.diff),IFERROR(IF(AND(_xlpm.start<>"",_xlpm.ende<>"",_xlpm.sek>=0),_xlpm.sek,""),"")),"")} | O39: {=IF($G39="success",_xlfn.LET(_xlpm.run,$A39,_xlpm.start_cmd,IFERROR(_xlfn.XLOOKUP(1,(Event_logs!$A$2:$A$1588=_xlpm.run)*(Event_logs!$F$2:$F$1588="command")*(Event_logs!$G$2:$G$1588="trolley_command")*(Event_logs!$H$2:$H$1588="fine_align"),Event_logs!$E$2:$E$1588),""),_xlpm.start_fb,IFERROR(_xlfn.XLOOKUP(1,(Event_logs!$A$2:$A$1588=_xlpm.run)*(Event_logs!$F$2:$F$1588="dropzone_status")*ISNUMBER(SEARCH("fine_aligning",Event_logs!$I$2:$I$1588)),Event_logs!$E$2:$E$1588),""),_xlpm.start,IF(_xlpm.start_cmd<>"",_xlpm.start_cmd,_xlpm.start_fb),_xlpm.ende,IFERROR(_xlfn.XLOOKUP(1,(Event_logs!$A$2:$A$1588=_xlpm.run)*(Event_logs!$F$2:$F$1588="physical_status")*(Event_logs!$G$2:$G$1588="physical_alignment")*(Event_logs!$H$2:$H$1588="fine_align_complete")*ISNUMBER(SEARCH("fine_align_under_done",Event_logs!$I$2:$I$1588)),Event_logs!$E$2:$E$1588),""),_xlpm.diff,_xlpm.ende-_xlpm.start,_xlpm.sek,IF(_xlpm.diff>1000,_xlpm.diff/1000,_xlpm.diff),IFERROR(IF(AND(_xlpm.start<>"",_xlpm.ende<>"",_xlpm.sek>=0),_xlpm.sek,""),"")),"")} | P39: =IF(AND(D39="success",F39="success",G39="success"),SUM(M39:O39),"") | Q39: =_xlfn.LET(_xlpm.t,$A39,_xlpm.s,_xlfn.MINIFS(Event_logs!$E$2:$E$1588,Event_logs!$A$2:$A$1588,_xlpm.t,Event_logs!$H$2:$H$1588,"fine_align_complete"),_xlpm.e,_xlfn.MINIFS(Event_logs!$E$2:$E$1588,Event_logs!$A$2:$A$1588,_xlpm.t,Event_logs!$H$2:$H$1588,"docking sucessfull"),IF(AND(OR($I39="success",$I39="sucess"),_xlpm.s>0,_xlpm.e>_xlpm.s),(_xlpm.e-_xlpm.s)/1000,"")) | R39: {=IF($D39="success",_xlfn.LET(_xlpm.d,_xlfn.XLOOKUP(1,(Event_logs!$A$2:$A$1588=$A39)*(Event_logs!$H$2:$H$1588="side_align_complete"),Event_logs!$I$2:$I$1588,""),IFERROR(_xlfn.NUMBERVALUE(_xlfn.TEXTBEFORE(_xlfn.TEXTAFTER(_xlpm.d,"error_x=")&" "," "),".",","),"")),"")} -> -0.0043 | S39: {=IF(AND($F39="success",$D39="success"),_xlfn.LET(_xlpm.d,_xlfn.XLOOKUP(1,(Event_logs!$A$2:$A$1588=$A39)*(Event_logs!$H$2:$H$1588="side_align_complete"),Event_logs!$I$2:$I$1588,""),IFERROR(_xlfn.NUMBERVALUE(_xlfn.TEXTBEFORE(_xlfn.TEXTAFTER(_xlpm.d,"error_x=")&" "," "),".",","),"")),"")} | T39: {=IF($D39="success",_xlfn.LET(_xlpm.d,_xlfn.XLOOKUP(1,(Event_logs!$A$2:$A$1588=$A39)*(Event_logs!$H$2:$H$1588="side_align_complete"),Event_logs!$I$2:$I$1588,""),IFERROR(_xlfn.NUMBERVALUE(_xlfn.TEXTBEFORE(_xlfn.TEXTAFTER(_xlpm.d,"yaw_error="),"deg"),".",","),"")),"")} -> 0.08 | U39: {=IF(AND($F39="success",D39="success"),_xlfn.LET(_xlpm.d,_xlfn.XLOOKUP(1,(Event_logs!$A$2:$A$1588=$A39)*(Event_logs!$H$2:$H$1588="side_align_complete"),Event_logs!$I$2:$I$1588,""),IFERROR(_xlfn.NUMBERVALUE(_xlfn.TEXTBEFORE(_xlfn.TEXTAFTER(_xlpm.d,"yaw_error="),"deg"),".",","),"")),"")} | W39: {=IF(OR($G39="success",$G39="sucess"),_xlfn.LET(_xlpm.d,_xlfn.XLOOKUP(1,(Event_logs!$A$2:$A$1588=$A39)*(Event_logs!$H$2:$H$1588="side_align_complete"),Event_logs!$I$2:$I$1588,""),IFERROR(_xlfn.NUMBERVALUE(_xlfn.TEXTBEFORE(_xlfn.TEXTAFTER(_xlpm.d,"yaw="),"deg"),".",","),"")),"")} | X39: {=IF(OR($G39="success",$G39="sucess"),_xlfn.XLOOKUP(1,(Event_logs!$A$2:$A$1588=$A39)*(Event_logs!$H$2:$H$1588="side_align_complete"),Event_logs!$I$2:$I$1588,""),"")} | Z39: {=IF(OR($G39="success",$G39="sucess",$G39="unsuccessfull",$G39="partial"),_xlfn.LET(_xlpm.d,_xlfn.XLOOKUP(1,(Event_logs!$A$2:$A$1588=$A39)*(Event_logs!$H$2:$H$1588="fine_align_complete"),Event_logs!$I$2:$I$1588,""),IFERROR(_xlfn.NUMBERVALUE(_xlfn.TEXTBEFORE(_xlfn.TEXTAFTER(_xlpm.d,"error_x=")&" "," "),".",","),"")),"")} | AA39: {=IF(AND($G39="success",$I39="success"),_xlfn.LET(_xlpm.d,_xlfn.XLOOKUP(1,(Event_logs!$A$2:$A$1588=$A39)*(Event_logs!$H$2:$H$1588="fine_align_complete"),Event_logs!$I$2:$I$1588,""),IFERROR(_xlfn.NUMBERVALUE(_xlfn.TEXTBEFORE(_xlfn.TEXTAFTER(_xlpm.d,"error_x=")&" "," "),".",","),"")),"")} | AB39: {=IF($G39="success",_xlfn.LET(_xlpm.d,_xlfn.XLOOKUP(1,(Event_logs!$A$2:$A$1588=$A39)*(Event_logs!$H$2:$H$1588="fine_align_complete"),Event_logs!$I$2:$I$1588,""),IFERROR(_xlfn.NUMBERVALUE(_xlfn.TEXTBEFORE(_xlfn.TEXTAFTER(_xlpm.d,"error_y=")&" "," "),".",","),"")),"")} | AC39: {=IF(AND($G39="success",$I39="success"),_xlfn.LET(_xlpm.d,_xlfn.XLOOKUP(1,(Event_logs!$A$2:$A$1588=$A39)*(Event_logs!$H$2:$H$1588="fine_align_complete"),Event_logs!$I$2:$I$1588,""),IFERROR(_xlfn.NUMBERVALUE(_xlfn.TEXTBEFORE(_xlfn.TEXTAFTER(_xlpm.d,"error_y=")&" "," "),".",","),"")),"")} | AD39: {=IF(AND($G39="success",$I39="success"),_xlfn.LET(_xlpm.d,_xlfn.XLOOKUP(1,(Event_logs!$A$2:$A$1588=$A39)*(Event_logs!$H$2:$H$1588="fine_align_complete"),Event_logs!$I$2:$I$1588,""),IFERROR(_xlfn.NUMBERVALUE(_xlfn.TEXTBEFORE(_xlfn.TEXTAFTER(_xlpm.d,"yaw_error="),"deg"),".",","),"")),"")} | AE39: {=IF($G39="success",_xlfn.LET(_xlpm.d,_xlfn.XLOOKUP(1,(Event_logs!$A$2:$A$1588=$A39)*(Event_logs!$H$2:$H$1588="fine_align_complete"),Event_logs!$I$2:$I$1588,""),IFERROR(_xlfn.NUMBERVALUE(_xlfn.TEXTBEFORE(_xlfn.TEXTAFTER(_xlpm.d,"yaw_error="),"deg"),".",","),"")),"")}
A40: =IF(Handnotes!$A$16="y",Handnotes!$B$16,"") -> 15 | B40: =IF($A40="","",IFERROR(Handnotes!$C$16,"")) -> Normal | C40: =IF($A40="","",IFERROR(Handnotes!$D$16,"")) -> Trash Trolley | D40: =IF($A40="","",IFERROR(Handnotes!$E$16,"")) -> success | E40: =IF($A40="","",IFERROR(Handnotes!$G$16,"")) -> correct | F40: =IF($A40="","",IFERROR(Handnotes!$H$16,"")) -> success | G40: =IF($A40="","",IFERROR(Handnotes!$J$16,"")) -> success | H40: =IF($A40="","",IFERROR(Handnotes!$K$16,"")) -> NO | I40: =IF($A40="","",IFERROR(Handnotes!$M$16,"")) -> success | J40: =IF($A40="","",IFERROR(Handnotes!$O$16,"")) -> success | K40: =IF($A40="","",IFERROR(Handnotes!$P$16,"")) -> success | L40: =IF($A40="","",IFERROR(Handnotes!$Q$16,"")) -> success | M40: {=IF($D40="success",_xlfn.LET(_xlpm.run,$A40,_xlpm.start_cmd,IFERROR(_xlfn.XLOOKUP(1,(Event_logs!$A$2:$A$1588=_xlpm.run)*(Event_logs!$F$2:$F$1588="command")*(Event_logs!$G$2:$G$1588="trolley_command")*(Event_logs!$H$2:$H$1588="side_align"),Event_logs!$E$2:$E$1588),""),_xlpm.start_fb,IFERROR(_xlfn.XLOOKUP(1,(Event_logs!$A$2:$A$1588=_xlpm.run)*(Event_logs!$F$2:$F$1588="dropzone_status")*ISNUMBER(SEARCH("side_aligning",Event_logs!$I$2:$I$1588)),Event_logs!$E$2:$E$1588),""),_xlpm.start,IF(_xlpm.start_cmd<>"",_xlpm.start_cmd,_xlpm.start_fb),_xlpm.ende,IFERROR(_xlfn.XLOOKUP(1,(Event_logs!$A$2:$A$1588=_xlpm.run)*(Event_logs!$F$2:$F$1588="physical_status")*(Event_logs!$G$2:$G$1588="physical_alignment")*(Event_logs!$H$2:$H$1588="side_align_complete")*ISNUMBER(SEARCH("side_align_left_done",Event_logs!$I$2:$I$1588)),Event_logs!$E$2:$E$1588),""),_xlpm.diff,_xlpm.ende-_xlpm.start,_xlpm.sek,IF(_xlpm.diff>1000,_xlpm.diff/1000,_xlpm.diff),IFERROR(IF(AND(_xlpm.start<>"",_xlpm.ende<>"",_xlpm.sek>=0),_xlpm.sek,""),"")),"")} -> 18.518 | N40: {=IF($F40="success",_xlfn.LET(_xlpm.run,$A40,_xlpm.start_cmd,IFERROR(_xlfn.XLOOKUP(1,(Event_logs!$A$2:$A$1588=_xlpm.run)*(Event_logs!$F$2:$F$1588="command")*(Event_logs!$G$2:$G$1588="trolley_command")*(Event_logs!$H$2:$H$1588="drive_under"),Event_logs!$E$2:$E$1588),""),_xlpm.start_fb,IFERROR(_xlfn.XLOOKUP(1,(Event_logs!$A$2:$A$1588=_xlpm.run)*(Event_logs!$F$2:$F$1588="dropzone_status")*ISNUMBER(SEARCH("drive_under_active",Event_logs!$I$2:$I$1588)),Event_logs!$E$2:$E$1588),""),_xlpm.start,IF(_xlpm.start_cmd<>"",_xlpm.start_cmd,_xlpm.start_fb),_xlpm.ende,IFERROR(_xlfn.XLOOKUP(1,(Event_logs!$A$2:$A$1588=_xlpm.run)*(Event_logs!$F$2:$F$1588="physical_status")*(Event_logs!$G$2:$G$1588="physical_alignment")*(Event_logs!$H$2:$H$1588="under_trolley")*ISNUMBER(SEARCH("drive_straight_under_done",Event_logs!$I$2:$I$1588)),Event_logs!$E$2:$E$1588),""),_xlpm.diff,_xlpm.ende-_xlpm.start,_xlpm.sek,IF(_xlpm.diff>1000,_xlpm.diff/1000,_xlpm.diff),IFERROR(IF(AND(_xlpm.start<>"",_xlpm.ende<>"",_xlpm.sek>=0),_xlpm.sek,""),"")),"")} -> 9.415 | O40: {=IF($G40="success",_xlfn.LET(_xlpm.run,$A40,_xlpm.start_cmd,IFERROR(_xlfn.XLOOKUP(1,(Event_logs!$A$2:$A$1588=_xlpm.run)*(Event_logs!$F$2:$F$1588="command")*(Event_logs!$G$2:$G$1588="trolley_command")*(Event_logs!$H$2:$H$1588="fine_align"),Event_logs!$E$2:$E$1588),""),_xlpm.start_fb,IFERROR(_xlfn.XLOOKUP(1,(Event_logs!$A$2:$A$1588=_xlpm.run)*(Event_logs!$F$2:$F$1588="dropzone_status")*ISNUMBER(SEARCH("fine_aligning",Event_logs!$I$2:$I$1588)),Event_logs!$E$2:$E$1588),""),_xlpm.start,IF(_xlpm.start_cmd<>"",_xlpm.start_cmd,_xlpm.start_fb),_xlpm.ende,IFERROR(_xlfn.XLOOKUP(1,(Event_logs!$A$2:$A$1588=_xlpm.run)*(Event_logs!$F$2:$F$1588="physical_status")*(Event_logs!$G$2:$G$1588="physical_alignment")*(Event_logs!$H$2:$H$1588="fine_align_complete")*ISNUMBER(SEARCH("fine_align_under_done",Event_logs!$I$2:$I$1588)),Event_logs!$E$2:$E$1588),""),_xlpm.diff,_xlpm.ende-_xlpm.start,_xlpm.sek,IF(_xlpm.diff>1000,_xlpm.diff/1000,_xlpm.diff),IFERROR(IF(AND(_xlpm.start<>"",_xlpm.ende<>"",_xlpm.sek>=0),_xlpm.sek,""),"")),"")} -> 14.449 | P40: =IF(AND(D40="success",F40="success",G40="success"),SUM(M40:O40),"") -> 42.382 | Q40: =_xlfn.LET(_xlpm.t,$A40,_xlpm.s,_xlfn.MINIFS(Event_logs!$E$2:$E$1588,Event_logs!$A$2:$A$1588,_xlpm.t,Event_logs!$H$2:$H$1588,"fine_align_complete"),_xlpm.e,_xlfn.MINIFS(Event_logs!$E$2:$E$1588,Event_logs!$A$2:$A$1588,_xlpm.t,Event_logs!$H$2:$H$1588,"docking sucessfull"),IF(AND(OR($I40="success",$I40="sucess"),_xlpm.s>0,_xlpm.e>_xlpm.s),(_xlpm.e-_xlpm.s)/1000,"")) | R40: {=IF($D40="success",_xlfn.LET(_xlpm.d,_xlfn.XLOOKUP(1,(Event_logs!$A$2:$A$1588=$A40)*(Event_logs!$H$2:$H$1588="side_align_complete"),Event_logs!$I$2:$I$1588,""),IFERROR(_xlfn.NUMBERVALUE(_xlfn.TEXTBEFORE(_xlfn.TEXTAFTER(_xlpm.d,"error_x=")&" "," "),".",","),"")),"")} -> -0.0058 | S40: {=IF(AND($F40="success",$D40="success"),_xlfn.LET(_xlpm.d,_xlfn.XLOOKUP(1,(Event_logs!$A$2:$A$1588=$A40)*(Event_logs!$H$2:$H$1588="side_align_complete"),Event_logs!$I$2:$I$1588,""),IFERROR(_xlfn.NUMBERVALUE(_xlfn.TEXTBEFORE(_xlfn.TEXTAFTER(_xlpm.d,"error_x=")&" "," "),".",","),"")),"")} -> -0.0058 | T40: {=IF($D40="success",_xlfn.LET(_xlpm.d,_xlfn.XLOOKUP(1,(Event_logs!$A$2:$A$1588=$A40)*(Event_logs!$H$2:$H$1588="side_align_complete"),Event_logs!$I$2:$I$1588,""),IFERROR(_xlfn.NUMBERVALUE(_xlfn.TEXTBEFORE(_xlfn.TEXTAFTER(_xlpm.d,"yaw_error="),"deg"),".",","),"")),"")} -> -0.01 | U40: {=IF(AND($F40="success",D40="success"),_xlfn.LET(_xlpm.d,_xlfn.XLOOKUP(1,(Event_logs!$A$2:$A$1588=$A40)*(Event_logs!$H$2:$H$1588="side_align_complete"),Event_logs!$I$2:$I$1588,""),IFERROR(_xlfn.NUMBERVALUE(_xlfn.TEXTBEFORE(_xlfn.TEXTAFTER(_xlpm.d,"yaw_error="),"deg"),".",","),"")),"")} -> -0.01 | W40: {=IF(OR($G40="success",$G40="sucess"),_xlfn.LET(_xlpm.d,_xlfn.XLOOKUP(1,(Event_logs!$A$2:$A$1588=$A40)*(Event_logs!$H$2:$H$1588="side_align_complete"),Event_logs!$I$2:$I$1588,""),IFERROR(_xlfn.NUMBERVALUE(_xlfn.TEXTBEFORE(_xlfn.TEXTAFTER(_xlpm.d,"yaw="),"deg"),".",","),"")),"")} -> 179.99 | X40: {=IF(OR($G40="success",$G40="sucess"),_xlfn.XLOOKUP(1,(Event_logs!$A$2:$A$1588=$A40)*(Event_logs!$H$2:$H$1588="side_align_complete"),Event_logs!$I$2:$I$1588,""),"")} -> side_align_left_done | final camera=left ids=[23, 24, 25, 26] target_pair=[24, 25] target_x=+0.3502 target_y=+0.2801 center_x=+0.3591 center_y=-0.0268 yaw=+179.99deg error_x=-0.0058 yaw_error=-0.01deg tolerance_x=0.0060 tolerance_yaw=2.00deg | Z40: {=IF(OR($G40="success",$G40="sucess",$G40="unsuccessfull",$G40="partial"),_xlfn.LET(_xlpm.d,_xlfn.XLOOKUP(1,(Event_logs!$A$2:$A$1588=$A40)*(Event_logs!$H$2:$H$1588="fine_align_complete"),Event_logs!$I$2:$I$1588,""),IFERROR(_xlfn.NUMBERVALUE(_xlfn.TEXTBEFORE(_xlfn.TEXTAFTER(_xlpm.d,"error_x=")&" "," "),".",","),"")),"")} -> 0.0036 | AA40: {=IF(AND($G40="success",$I40="success"),_xlfn.LET(_xlpm.d,_xlfn.XLOOKUP(1,(Event_logs!$A$2:$A$1588=$A40)*(Event_logs!$H$2:$H$1588="fine_align_complete"),Event_logs!$I$2:$I$1588,""),IFERROR(_xlfn.NUMBERVALUE(_xlfn.TEXTBEFORE(_xlfn.TEXTAFTER(_xlpm.d,"error_x=")&" "," "),".",","),"")),"")} -> 0.0036 | AB40: {=IF($G40="success",_xlfn.LET(_xlpm.d,_xlfn.XLOOKUP(1,(Event_logs!$A$2:$A$1588=$A40)*(Event_logs!$H$2:$H$1588="fine_align_complete"),Event_logs!$I$2:$I$1588,""),IFERROR(_xlfn.NUMBERVALUE(_xlfn.TEXTBEFORE(_xlfn.TEXTAFTER(_xlpm.d,"error_y=")&" "," "),".",","),"")),"")} -> 0.0074 | AC40: {=IF(AND($G40="success",$I40="success"),_xlfn.LET(_xlpm.d,_xlfn.XLOOKUP(1,(Event_logs!$A$2:$A$1588=$A40)*(Event_logs!$H$2:$H$1588="fine_align_complete"),Event_logs!$I$2:$I$1588,""),IFERROR(_xlfn.NUMBERVALUE(_xlfn.TEXTBEFORE(_xlfn.TEXTAFTER(_xlpm.d,"error_y=")&" "," "),".",","),"")),"")} -> 0.0074 | AD40: {=IF(AND($G40="success",$I40="success"),_xlfn.LET(_xlpm.d,_xlfn.XLOOKUP(1,(Event_logs!$A$2:$A$1588=$A40)*(Event_logs!$H$2:$H$1588="fine_align_complete"),Event_logs!$I$2:$I$1588,""),IFERROR(_xlfn.NUMBERVALUE(_xlfn.TEXTBEFORE(_xlfn.TEXTAFTER(_xlpm.d,"yaw_error="),"deg"),".",","),"")),"")} -> -0.33 | AE40: {=IF($G40="success",_xlfn.LET(_xlpm.d,_xlfn.XLOOKUP(1,(Event_logs!$A$2:$A$1588=$A40)*(Event_logs!$H$2:$H$1588="fine_align_complete"),Event_logs!$I$2:$I$1588,""),IFERROR(_xlfn.NUMBERVALUE(_xlfn.TEXTBEFORE(_xlfn.TEXTAFTER(_xlpm.d,"yaw_error="),"deg"),".",","),"")),"")} -> -0.33
A41: =IF(Handnotes!$A$17="y",Handnotes!$B$17,"") -> 16 | B41: =IF($A41="","",IFERROR(Handnotes!$C$17,"")) -> Flipped 180 deg | C41: =IF($A41="","",IFERROR(Handnotes!$D$17,"")) -> Laundry Trolley | D41: =IF($A41="","",IFERROR(Handnotes!$E$17,"")) -> unsuccessfull | E41: =IF($A41="","",IFERROR(Handnotes!$G$17,"")) -> correct | F41: =IF($A41="","",IFERROR(Handnotes!$H$17,"")) -> success | G41: =IF($A41="","",IFERROR(Handnotes!$J$17,"")) -> unsuccessfull | H41: =IF($A41="","",IFERROR(Handnotes!$K$17,"")) -> YES | I41: =IF($A41="","",IFERROR(Handnotes!$M$17,"")) -> unsuccessfull | J41: =IF($A41="","",IFERROR(Handnotes!$O$17,"")) -> 0 | K41: =IF($A41="","",IFERROR(Handnotes!$P$17,"")) -> 0 | L41: =IF($A41="","",IFERROR(Handnotes!$Q$17,"")) -> 0 | M41: {=IF($D41="success",_xlfn.LET(_xlpm.run,$A41,_xlpm.start_cmd,IFERROR(_xlfn.XLOOKUP(1,(Event_logs!$A$2:$A$1588=_xlpm.run)*(Event_logs!$F$2:$F$1588="command")*(Event_logs!$G$2:$G$1588="trolley_command")*(Event_logs!$H$2:$H$1588="side_align"),Event_logs!$E$2:$E$1588),""),_xlpm.start_fb,IFERROR(_xlfn.XLOOKUP(1,(Event_logs!$A$2:$A$1588=_xlpm.run)*(Event_logs!$F$2:$F$1588="dropzone_status")*ISNUMBER(SEARCH("side_aligning",Event_logs!$I$2:$I$1588)),Event_logs!$E$2:$E$1588),""),_xlpm.start,IF(_xlpm.start_cmd<>"",_xlpm.start_cmd,_xlpm.start_fb),_xlpm.ende,IFERROR(_xlfn.XLOOKUP(1,(Event_logs!$A$2:$A$1588=_xlpm.run)*(Event_logs!$F$2:$F$1588="physical_status")*(Event_logs!$G$2:$G$1588="physical_alignment")*(Event_logs!$H$2:$H$1588="side_align_complete")*ISNUMBER(SEARCH("side_align_left_done",Event_logs!$I$2:$I$1588)),Event_logs!$E$2:$E$1588),""),_xlpm.diff,_xlpm.ende-_xlpm.start,_xlpm.sek,IF(_xlpm.diff>1000,_xlpm.diff/1000,_xlpm.diff),IFERROR(IF(AND(_xlpm.start<>"",_xlpm.ende<>"",_xlpm.sek>=0),_xlpm.sek,""),"")),"")} | N41: {=IF($F41="success",_xlfn.LET(_xlpm.run,$A41,_xlpm.start_cmd,IFERROR(_xlfn.XLOOKUP(1,(Event_logs!$A$2:$A$1588=_xlpm.run)*(Event_logs!$F$2:$F$1588="command")*(Event_logs!$G$2:$G$1588="trolley_command")*(Event_logs!$H$2:$H$1588="drive_under"),Event_logs!$E$2:$E$1588),""),_xlpm.start_fb,IFERROR(_xlfn.XLOOKUP(1,(Event_logs!$A$2:$A$1588=_xlpm.run)*(Event_logs!$F$2:$F$1588="dropzone_status")*ISNUMBER(SEARCH("drive_under_active",Event_logs!$I$2:$I$1588)),Event_logs!$E$2:$E$1588),""),_xlpm.start,IF(_xlpm.start_cmd<>"",_xlpm.start_cmd,_xlpm.start_fb),_xlpm.ende,IFERROR(_xlfn.XLOOKUP(1,(Event_logs!$A$2:$A$1588=_xlpm.run)*(Event_logs!$F$2:$F$1588="physical_status")*(Event_logs!$G$2:$G$1588="physical_alignment")*(Event_logs!$H$2:$H$1588="under_trolley")*ISNUMBER(SEARCH("drive_straight_under_done",Event_logs!$I$2:$I$1588)),Event_logs!$E$2:$E$1588),""),_xlpm.diff,_xlpm.ende-_xlpm.start,_xlpm.sek,IF(_xlpm.diff>1000,_xlpm.diff/1000,_xlpm.diff),IFERROR(IF(AND(_xlpm.start<>"",_xlpm.ende<>"",_xlpm.sek>=0),_xlpm.sek,""),"")),"")} -> 9.471 | O41: {=IF($G41="success",_xlfn.LET(_xlpm.run,$A41,_xlpm.start_cmd,IFERROR(_xlfn.XLOOKUP(1,(Event_logs!$A$2:$A$1588=_xlpm.run)*(Event_logs!$F$2:$F$1588="command")*(Event_logs!$G$2:$G$1588="trolley_command")*(Event_logs!$H$2:$H$1588="fine_align"),Event_logs!$E$2:$E$1588),""),_xlpm.start_fb,IFERROR(_xlfn.XLOOKUP(1,(Event_logs!$A$2:$A$1588=_xlpm.run)*(Event_logs!$F$2:$F$1588="dropzone_status")*ISNUMBER(SEARCH("fine_aligning",Event_logs!$I$2:$I$1588)),Event_logs!$E$2:$E$1588),""),_xlpm.start,IF(_xlpm.start_cmd<>"",_xlpm.start_cmd,_xlpm.start_fb),_xlpm.ende,IFERROR(_xlfn.XLOOKUP(1,(Event_logs!$A$2:$A$1588=_xlpm.run)*(Event_logs!$F$2:$F$1588="physical_status")*(Event_logs!$G$2:$G$1588="physical_alignment")*(Event_logs!$H$2:$H$1588="fine_align_complete")*ISNUMBER(SEARCH("fine_align_under_done",Event_logs!$I$2:$I$1588)),Event_logs!$E$2:$E$1588),""),_xlpm.diff,_xlpm.ende-_xlpm.start,_xlpm.sek,IF(_xlpm.diff>1000,_xlpm.diff/1000,_xlpm.diff),IFERROR(IF(AND(_xlpm.start<>"",_xlpm.ende<>"",_xlpm.sek>=0),_xlpm.sek,""),"")),"")} | P41: =IF(AND(D41="success",F41="success",G41="success"),SUM(M41:O41),"") | Q41: =_xlfn.LET(_xlpm.t,$A41,_xlpm.s,_xlfn.MINIFS(Event_logs!$E$2:$E$1588,Event_logs!$A$2:$A$1588,_xlpm.t,Event_logs!$H$2:$H$1588,"fine_align_complete"),_xlpm.e,_xlfn.MINIFS(Event_logs!$E$2:$E$1588,Event_logs!$A$2:$A$1588,_xlpm.t,Event_logs!$H$2:$H$1588,"docking sucessfull"),IF(AND(OR($I41="success",$I41="sucess"),_xlpm.s>0,_xlpm.e>_xlpm.s),(_xlpm.e-_xlpm.s)/1000,"")) | R41: {=IF($D41="success",_xlfn.LET(_xlpm.d,_xlfn.XLOOKUP(1,(Event_logs!$A$2:$A$1588=$A41)*(Event_logs!$H$2:$H$1588="side_align_complete"),Event_logs!$I$2:$I$1588,""),IFERROR(_xlfn.NUMBERVALUE(_xlfn.TEXTBEFORE(_xlfn.TEXTAFTER(_xlpm.d,"error_x=")&" "," "),".",","),"")),"")} | S41: {=IF(AND($F41="success",$D41="success"),_xlfn.LET(_xlpm.d,_xlfn.XLOOKUP(1,(Event_logs!$A$2:$A$1588=$A41)*(Event_logs!$H$2:$H$1588="side_align_complete"),Event_logs!$I$2:$I$1588,""),IFERROR(_xlfn.NUMBERVALUE(_xlfn.TEXTBEFORE(_xlfn.TEXTAFTER(_xlpm.d,"error_x=")&" "," "),".",","),"")),"")} | T41: {=IF($D41="success",_xlfn.LET(_xlpm.d,_xlfn.XLOOKUP(1,(Event_logs!$A$2:$A$1588=$A41)*(Event_logs!$H$2:$H$1588="side_align_complete"),Event_logs!$I$2:$I$1588,""),IFERROR(_xlfn.NUMBERVALUE(_xlfn.TEXTBEFORE(_xlfn.TEXTAFTER(_xlpm.d,"yaw_error="),"deg"),".",","),"")),"")} | U41: {=IF(AND($F41="success",D41="success"),_xlfn.LET(_xlpm.d,_xlfn.XLOOKUP(1,(Event_logs!$A$2:$A$1588=$A41)*(Event_logs!$H$2:$H$1588="side_align_complete"),Event_logs!$I$2:$I$1588,""),IFERROR(_xlfn.NUMBERVALUE(_xlfn.TEXTBEFORE(_xlfn.TEXTAFTER(_xlpm.d,"yaw_error="),"deg"),".",","),"")),"")} | W41: {=IF(OR($G41="success",$G41="sucess"),_xlfn.LET(_xlpm.d,_xlfn.XLOOKUP(1,(Event_logs!$A$2:$A$1588=$A41)*(Event_logs!$H$2:$H$1588="side_align_complete"),Event_logs!$I$2:$I$1588,""),IFERROR(_xlfn.NUMBERVALUE(_xlfn.TEXTBEFORE(_xlfn.TEXTAFTER(_xlpm.d,"yaw="),"deg"),".",","),"")),"")} | X41: {=IF(OR($G41="success",$G41="sucess"),_xlfn.XLOOKUP(1,(Event_logs!$A$2:$A$1588=$A41)*(Event_logs!$H$2:$H$1588="side_align_complete"),Event_logs!$I$2:$I$1588,""),"")} | Z41: {=IF(OR($G41="success",$G41="sucess",$G41="unsuccessfull",$G41="partial"),_xlfn.LET(_xlpm.d,_xlfn.XLOOKUP(1,(Event_logs!$A$2:$A$1588=$A41)*(Event_logs!$H$2:$H$1588="fine_align_complete"),Event_logs!$I$2:$I$1588,""),IFERROR(_xlfn.NUMBERVALUE(_xlfn.TEXTBEFORE(_xlfn.TEXTAFTER(_xlpm.d,"error_x=")&" "," "),".",","),"")),"")} -> 0.0034 | AA41: {=IF(AND($G41="success",$I41="success"),_xlfn.LET(_xlpm.d,_xlfn.XLOOKUP(1,(Event_logs!$A$2:$A$1588=$A41)*(Event_logs!$H$2:$H$1588="fine_align_complete"),Event_logs!$I$2:$I$1588,""),IFERROR(_xlfn.NUMBERVALUE(_xlfn.TEXTBEFORE(_xlfn.TEXTAFTER(_xlpm.d,"error_x=")&" "," "),".",","),"")),"")} | AB41: {=IF($G41="success",_xlfn.LET(_xlpm.d,_xlfn.XLOOKUP(1,(Event_logs!$A$2:$A$1588=$A41)*(Event_logs!$H$2:$H$1588="fine_align_complete"),Event_logs!$I$2:$I$1588,""),IFERROR(_xlfn.NUMBERVALUE(_xlfn.TEXTBEFORE(_xlfn.TEXTAFTER(_xlpm.d,"error_y=")&" "," "),".",","),"")),"")} | AC41: {=IF(AND($G41="success",$I41="success"),_xlfn.LET(_xlpm.d,_xlfn.XLOOKUP(1,(Event_logs!$A$2:$A$1588=$A41)*(Event_logs!$H$2:$H$1588="fine_align_complete"),Event_logs!$I$2:$I$1588,""),IFERROR(_xlfn.NUMBERVALUE(_xlfn.TEXTBEFORE(_xlfn.TEXTAFTER(_xlpm.d,"error_y=")&" "," "),".",","),"")),"")} | AD41: {=IF(AND($G41="success",$I41="success"),_xlfn.LET(_xlpm.d,_xlfn.XLOOKUP(1,(Event_logs!$A$2:$A$1588=$A41)*(Event_logs!$H$2:$H$1588="fine_align_complete"),Event_logs!$I$2:$I$1588,""),IFERROR(_xlfn.NUMBERVALUE(_xlfn.TEXTBEFORE(_xlfn.TEXTAFTER(_xlpm.d,"yaw_error="),"deg"),".",","),"")),"")} | AE41: {=IF($G41="success",_xlfn.LET(_xlpm.d,_xlfn.XLOOKUP(1,(Event_logs!$A$2:$A$1588=$A41)*(Event_logs!$H$2:$H$1588="fine_align_complete"),Event_logs!$I$2:$I$1588,""),IFERROR(_xlfn.NUMBERVALUE(_xlfn.TEXTBEFORE(_xlfn.TEXTAFTER(_xlpm.d,"yaw_error="),"deg"),".",","),"")),"")}
A42: =IF(Handnotes!$A$18="y",Handnotes!$B$18,"") -> 17 | B42: =IF($A42="","",IFERROR(Handnotes!$C$18,"")) -> Flipped 180 deg | C42: =IF($A42="","",IFERROR(Handnotes!$D$18,"")) -> Laundry Trolley | D42: =IF($A42="","",IFERROR(Handnotes!$E$18,"")) -> success | E42: =IF($A42="","",IFERROR(Handnotes!$G$18,"")) -> correct | F42: =IF($A42="","",IFERROR(Handnotes!$H$18,"")) -> success | G42: =IF($A42="","",IFERROR(Handnotes!$J$18,"")) -> success | H42: =IF($A42="","",IFERROR(Handnotes!$K$18,"")) -> YES | I42: =IF($A42="","",IFERROR(Handnotes!$M$18,"")) -> unsuccessfull | J42: =IF($A42="","",IFERROR(Handnotes!$O$18,"")) -> success | K42: =IF($A42="","",IFERROR(Handnotes!$P$18,"")) -> success | L42: =IF($A42="","",IFERROR(Handnotes!$Q$18,"")) -> success | M42: {=IF($D42="success",_xlfn.LET(_xlpm.run,$A42,_xlpm.start_cmd,IFERROR(_xlfn.XLOOKUP(1,(Event_logs!$A$2:$A$1588=_xlpm.run)*(Event_logs!$F$2:$F$1588="command")*(Event_logs!$G$2:$G$1588="trolley_command")*(Event_logs!$H$2:$H$1588="side_align"),Event_logs!$E$2:$E$1588),""),_xlpm.start_fb,IFERROR(_xlfn.XLOOKUP(1,(Event_logs!$A$2:$A$1588=_xlpm.run)*(Event_logs!$F$2:$F$1588="dropzone_status")*ISNUMBER(SEARCH("side_aligning",Event_logs!$I$2:$I$1588)),Event_logs!$E$2:$E$1588),""),_xlpm.start,IF(_xlpm.start_cmd<>"",_xlpm.start_cmd,_xlpm.start_fb),_xlpm.ende,IFERROR(_xlfn.XLOOKUP(1,(Event_logs!$A$2:$A$1588=_xlpm.run)*(Event_logs!$F$2:$F$1588="physical_status")*(Event_logs!$G$2:$G$1588="physical_alignment")*(Event_logs!$H$2:$H$1588="side_align_complete")*ISNUMBER(SEARCH("side_align_left_done",Event_logs!$I$2:$I$1588)),Event_logs!$E$2:$E$1588),""),_xlpm.diff,_xlpm.ende-_xlpm.start,_xlpm.sek,IF(_xlpm.diff>1000,_xlpm.diff/1000,_xlpm.diff),IFERROR(IF(AND(_xlpm.start<>"",_xlpm.ende<>"",_xlpm.sek>=0),_xlpm.sek,""),"")),"")} | N42: {=IF($F42="success",_xlfn.LET(_xlpm.run,$A42,_xlpm.start_cmd,IFERROR(_xlfn.XLOOKUP(1,(Event_logs!$A$2:$A$1588=_xlpm.run)*(Event_logs!$F$2:$F$1588="command")*(Event_logs!$G$2:$G$1588="trolley_command")*(Event_logs!$H$2:$H$1588="drive_under"),Event_logs!$E$2:$E$1588),""),_xlpm.start_fb,IFERROR(_xlfn.XLOOKUP(1,(Event_logs!$A$2:$A$1588=_xlpm.run)*(Event_logs!$F$2:$F$1588="dropzone_status")*ISNUMBER(SEARCH("drive_under_active",Event_logs!$I$2:$I$1588)),Event_logs!$E$2:$E$1588),""),_xlpm.start,IF(_xlpm.start_cmd<>"",_xlpm.start_cmd,_xlpm.start_fb),_xlpm.ende,IFERROR(_xlfn.XLOOKUP(1,(Event_logs!$A$2:$A$1588=_xlpm.run)*(Event_logs!$F$2:$F$1588="physical_status")*(Event_logs!$G$2:$G$1588="physical_alignment")*(Event_logs!$H$2:$H$1588="under_trolley")*ISNUMBER(SEARCH("drive_straight_under_done",Event_logs!$I$2:$I$1588)),Event_logs!$E$2:$E$1588),""),_xlpm.diff,_xlpm.ende-_xlpm.start,_xlpm.sek,IF(_xlpm.diff>1000,_xlpm.diff/1000,_xlpm.diff),IFERROR(IF(AND(_xlpm.start<>"",_xlpm.ende<>"",_xlpm.sek>=0),_xlpm.sek,""),"")),"")} -> 9.461 | O42: {=IF($G42="success",_xlfn.LET(_xlpm.run,$A42,_xlpm.start_cmd,IFERROR(_xlfn.XLOOKUP(1,(Event_logs!$A$2:$A$1588=_xlpm.run)*(Event_logs!$F$2:$F$1588="command")*(Event_logs!$G$2:$G$1588="trolley_command")*(Event_logs!$H$2:$H$1588="fine_align"),Event_logs!$E$2:$E$1588),""),_xlpm.start_fb,IFERROR(_xlfn.XLOOKUP(1,(Event_logs!$A$2:$A$1588=_xlpm.run)*(Event_logs!$F$2:$F$1588="dropzone_status")*ISNUMBER(SEARCH("fine_aligning",Event_logs!$I$2:$I$1588)),Event_logs!$E$2:$E$1588),""),_xlpm.start,IF(_xlpm.start_cmd<>"",_xlpm.start_cmd,_xlpm.start_fb),_xlpm.ende,IFERROR(_xlfn.XLOOKUP(1,(Event_logs!$A$2:$A$1588=_xlpm.run)*(Event_logs!$F$2:$F$1588="physical_status")*(Event_logs!$G$2:$G$1588="physical_alignment")*(Event_logs!$H$2:$H$1588="fine_align_complete")*ISNUMBER(SEARCH("fine_align_under_done",Event_logs!$I$2:$I$1588)),Event_logs!$E$2:$E$1588),""),_xlpm.diff,_xlpm.ende-_xlpm.start,_xlpm.sek,IF(_xlpm.diff>1000,_xlpm.diff/1000,_xlpm.diff),IFERROR(IF(AND(_xlpm.start<>"",_xlpm.ende<>"",_xlpm.sek>=0),_xlpm.sek,""),"")),"")} -> 89.027 | P42: =IF(AND(D42="success",F42="success",G42="success"),SUM(M42:O42),"") -> 98.488 | Q42: =_xlfn.LET(_xlpm.t,$A42,_xlpm.s,_xlfn.MINIFS(Event_logs!$E$2:$E$1588,Event_logs!$A$2:$A$1588,_xlpm.t,Event_logs!$H$2:$H$1588,"fine_align_complete"),_xlpm.e,_xlfn.MINIFS(Event_logs!$E$2:$E$1588,Event_logs!$A$2:$A$1588,_xlpm.t,Event_logs!$H$2:$H$1588,"docking sucessfull"),IF(AND(OR($I42="success",$I42="sucess"),_xlpm.s>0,_xlpm.e>_xlpm.s),(_xlpm.e-_xlpm.s)/1000,"")) | R42: {=IF($D42="success",_xlfn.LET(_xlpm.d,_xlfn.XLOOKUP(1,(Event_logs!$A$2:$A$1588=$A42)*(Event_logs!$H$2:$H$1588="side_align_complete"),Event_logs!$I$2:$I$1588,""),IFERROR(_xlfn.NUMBERVALUE(_xlfn.TEXTBEFORE(_xlfn.TEXTAFTER(_xlpm.d,"error_x=")&" "," "),".",","),"")),"")} -> -0.0007 | S42: {=IF(AND($F42="success",$D42="success"),_xlfn.LET(_xlpm.d,_xlfn.XLOOKUP(1,(Event_logs!$A$2:$A$1588=$A42)*(Event_logs!$H$2:$H$1588="side_align_complete"),Event_logs!$I$2:$I$1588,""),IFERROR(_xlfn.NUMBERVALUE(_xlfn.TEXTBEFORE(_xlfn.TEXTAFTER(_xlpm.d,"error_x=")&" "," "),".",","),"")),"")} -> -0.0007 | T42: {=IF($D42="success",_xlfn.LET(_xlpm.d,_xlfn.XLOOKUP(1,(Event_logs!$A$2:$A$1588=$A42)*(Event_logs!$H$2:$H$1588="side_align_complete"),Event_logs!$I$2:$I$1588,""),IFERROR(_xlfn.NUMBERVALUE(_xlfn.TEXTBEFORE(_xlfn.TEXTAFTER(_xlpm.d,"yaw_error="),"deg"),".",","),"")),"")} -> -0.66 | U42: {=IF(AND($F42="success",D42="success"),_xlfn.LET(_xlpm.d,_xlfn.XLOOKUP(1,(Event_logs!$A$2:$A$1588=$A42)*(Event_logs!$H$2:$H$1588="side_align_complete"),Event_logs!$I$2:$I$1588,""),IFERROR(_xlfn.NUMBERVALUE(_xlfn.TEXTBEFORE(_xlfn.TEXTAFTER(_xlpm.d,"yaw_error="),"deg"),".",","),"")),"")} -> -0.66 | W42: {=IF(OR($G42="success",$G42="sucess"),_xlfn.LET(_xlpm.d,_xlfn.XLOOKUP(1,(Event_logs!$A$2:$A$1588=$A42)*(Event_logs!$H$2:$H$1588="side_align_complete"),Event_logs!$I$2:$I$1588,""),IFERROR(_xlfn.NUMBERVALUE(_xlfn.TEXTBEFORE(_xlfn.TEXTAFTER(_xlpm.d,"yaw="),"deg"),".",","),"")),"")} -> 179.34 | X42: {=IF(OR($G42="success",$G42="sucess"),_xlfn.XLOOKUP(1,(Event_logs!$A$2:$A$1588=$A42)*(Event_logs!$H$2:$H$1588="side_align_complete"),Event_logs!$I$2:$I$1588,""),"")} -> side_align_left_done | final camera=left ids=[18, 19, 20, 21] target_pair=[18, 19] target_x=+0.3553 target_y=+0.2897 center_x=+0.4680 center_y=+0.5944 yaw=+179.34deg error_x=-0.0007 yaw_error=-0.66deg tolerance_x=0.0060 tolerance_yaw=2.00deg | Z42: {=IF(OR($G42="success",$G42="sucess",$G42="unsuccessfull",$G42="partial"),_xlfn.LET(_xlpm.d,_xlfn.XLOOKUP(1,(Event_logs!$A$2:$A$1588=$A42)*(Event_logs!$H$2:$H$1588="fine_align_complete"),Event_logs!$I$2:$I$1588,""),IFERROR(_xlfn.NUMBERVALUE(_xlfn.TEXTBEFORE(_xlfn.TEXTAFTER(_xlpm.d,"error_x=")&" "," "),".",","),"")),"")} -> 0.0035 | AA42: {=IF(AND($G42="success",$I42="success"),_xlfn.LET(_xlpm.d,_xlfn.XLOOKUP(1,(Event_logs!$A$2:$A$1588=$A42)*(Event_logs!$H$2:$H$1588="fine_align_complete"),Event_logs!$I$2:$I$1588,""),IFERROR(_xlfn.NUMBERVALUE(_xlfn.TEXTBEFORE(_xlfn.TEXTAFTER(_xlpm.d,"error_x=")&" "," "),".",","),"")),"")} | AB42: {=IF($G42="success",_xlfn.LET(_xlpm.d,_xlfn.XLOOKUP(1,(Event_logs!$A$2:$A$1588=$A42)*(Event_logs!$H$2:$H$1588="fine_align_complete"),Event_logs!$I$2:$I$1588,""),IFERROR(_xlfn.NUMBERVALUE(_xlfn.TEXTBEFORE(_xlfn.TEXTAFTER(_xlpm.d,"error_y=")&" "," "),".",","),"")),"")} -> 0.0047 | AC42: {=IF(AND($G42="success",$I42="success"),_xlfn.LET(_xlpm.d,_xlfn.XLOOKUP(1,(Event_logs!$A$2:$A$1588=$A42)*(Event_logs!$H$2:$H$1588="fine_align_complete"),Event_logs!$I$2:$I$1588,""),IFERROR(_xlfn.NUMBERVALUE(_xlfn.TEXTBEFORE(_xlfn.TEXTAFTER(_xlpm.d,"error_y=")&" "," "),".",","),"")),"")} | AD42: {=IF(AND($G42="success",$I42="success"),_xlfn.LET(_xlpm.d,_xlfn.XLOOKUP(1,(Event_logs!$A$2:$A$1588=$A42)*(Event_logs!$H$2:$H$1588="fine_align_complete"),Event_logs!$I$2:$I$1588,""),IFERROR(_xlfn.NUMBERVALUE(_xlfn.TEXTBEFORE(_xlfn.TEXTAFTER(_xlpm.d,"yaw_error="),"deg"),".",","),"")),"")} | AE42: {=IF($G42="success",_xlfn.LET(_xlpm.d,_xlfn.XLOOKUP(1,(Event_logs!$A$2:$A$1588=$A42)*(Event_logs!$H$2:$H$1588="fine_align_complete"),Event_logs!$I$2:$I$1588,""),IFERROR(_xlfn.NUMBERVALUE(_xlfn.TEXTBEFORE(_xlfn.TEXTAFTER(_xlpm.d,"yaw_error="),"deg"),".",","),"")),"")} -> -1.4
A43: =IF(Handnotes!$A$19="y",Handnotes!$B$19,"") -> 18 | B43: =IF($A43="","",IFERROR(Handnotes!$C$19,"")) -> Flipped 180 deg | C43: =IF($A43="","",IFERROR(Handnotes!$D$19,"")) -> Laundry Trolley | D43: =IF($A43="","",IFERROR(Handnotes!$E$19,"")) -> success | E43: =IF($A43="","",IFERROR(Handnotes!$G$19,"")) -> correct | F43: =IF($A43="","",IFERROR(Handnotes!$H$19,"")) -> success | G43: =IF($A43="","",IFERROR(Handnotes!$J$19,"")) -> success | H43: =IF($A43="","",IFERROR(Handnotes!$K$19,"")) -> YES | I43: =IF($A43="","",IFERROR(Handnotes!$M$19,"")) -> partial | J43: =IF($A43="","",IFERROR(Handnotes!$O$19,"")) -> success | K43: =IF($A43="","",IFERROR(Handnotes!$P$19,"")) -> success | L43: =IF($A43="","",IFERROR(Handnotes!$Q$19,"")) -> success | M43: {=IF($D43="success",_xlfn.LET(_xlpm.run,$A43,_xlpm.start_cmd,IFERROR(_xlfn.XLOOKUP(1,(Event_logs!$A$2:$A$1588=_xlpm.run)*(Event_logs!$F$2:$F$1588="command")*(Event_logs!$G$2:$G$1588="trolley_command")*(Event_logs!$H$2:$H$1588="side_align"),Event_logs!$E$2:$E$1588),""),_xlpm.start_fb,IFERROR(_xlfn.XLOOKUP(1,(Event_logs!$A$2:$A$1588=_xlpm.run)*(Event_logs!$F$2:$F$1588="dropzone_status")*ISNUMBER(SEARCH("side_aligning",Event_logs!$I$2:$I$1588)),Event_logs!$E$2:$E$1588),""),_xlpm.start,IF(_xlpm.start_cmd<>"",_xlpm.start_cmd,_xlpm.start_fb),_xlpm.ende,IFERROR(_xlfn.XLOOKUP(1,(Event_logs!$A$2:$A$1588=_xlpm.run)*(Event_logs!$F$2:$F$1588="physical_status")*(Event_logs!$G$2:$G$1588="physical_alignment")*(Event_logs!$H$2:$H$1588="side_align_complete")*ISNUMBER(SEARCH("side_align_left_done",Event_logs!$I$2:$I$1588)),Event_logs!$E$2:$E$1588),""),_xlpm.diff,_xlpm.ende-_xlpm.start,_xlpm.sek,IF(_xlpm.diff>1000,_xlpm.diff/1000,_xlpm.diff),IFERROR(IF(AND(_xlpm.start<>"",_xlpm.ende<>"",_xlpm.sek>=0),_xlpm.sek,""),"")),"")} -> 11.217 | N43: {=IF($F43="success",_xlfn.LET(_xlpm.run,$A43,_xlpm.start_cmd,IFERROR(_xlfn.XLOOKUP(1,(Event_logs!$A$2:$A$1588=_xlpm.run)*(Event_logs!$F$2:$F$1588="command")*(Event_logs!$G$2:$G$1588="trolley_command")*(Event_logs!$H$2:$H$1588="drive_under"),Event_logs!$E$2:$E$1588),""),_xlpm.start_fb,IFERROR(_xlfn.XLOOKUP(1,(Event_logs!$A$2:$A$1588=_xlpm.run)*(Event_logs!$F$2:$F$1588="dropzone_status")*ISNUMBER(SEARCH("drive_under_active",Event_logs!$I$2:$I$1588)),Event_logs!$E$2:$E$1588),""),_xlpm.start,IF(_xlpm.start_cmd<>"",_xlpm.start_cmd,_xlpm.start_fb),_xlpm.ende,IFERROR(_xlfn.XLOOKUP(1,(Event_logs!$A$2:$A$1588=_xlpm.run)*(Event_logs!$F$2:$F$1588="physical_status")*(Event_logs!$G$2:$G$1588="physical_alignment")*(Event_logs!$H$2:$H$1588="under_trolley")*ISNUMBER(SEARCH("drive_straight_under_done",Event_logs!$I$2:$I$1588)),Event_logs!$E$2:$E$1588),""),_xlpm.diff,_xlpm.ende-_xlpm.start,_xlpm.sek,IF(_xlpm.diff>1000,_xlpm.diff/1000,_xlpm.diff),IFERROR(IF(AND(_xlpm.start<>"",_xlpm.ende<>"",_xlpm.sek>=0),_xlpm.sek,""),"")),"")} -> 9.423 | O43: {=IF($G43="success",_xlfn.LET(_xlpm.run,$A43,_xlpm.start_cmd,IFERROR(_xlfn.XLOOKUP(1,(Event_logs!$A$2:$A$1588=_xlpm.run)*(Event_logs!$F$2:$F$1588="command")*(Event_logs!$G$2:$G$1588="trolley_command")*(Event_logs!$H$2:$H$1588="fine_align"),Event_logs!$E$2:$E$1588),""),_xlpm.start_fb,IFERROR(_xlfn.XLOOKUP(1,(Event_logs!$A$2:$A$1588=_xlpm.run)*(Event_logs!$F$2:$F$1588="dropzone_status")*ISNUMBER(SEARCH("fine_aligning",Event_logs!$I$2:$I$1588)),Event_logs!$E$2:$E$1588),""),_xlpm.start,IF(_xlpm.start_cmd<>"",_xlpm.start_cmd,_xlpm.start_fb),_xlpm.ende,IFERROR(_xlfn.XLOOKUP(1,(Event_logs!$A$2:$A$1588=_xlpm.run)*(Event_logs!$F$2:$F$1588="physical_status")*(Event_logs!$G$2:$G$1588="physical_alignment")*(Event_logs!$H$2:$H$1588="fine_align_complete")*ISNUMBER(SEARCH("fine_align_under_done",Event_logs!$I$2:$I$1588)),Event_logs!$E$2:$E$1588),""),_xlpm.diff,_xlpm.ende-_xlpm.start,_xlpm.sek,IF(_xlpm.diff>1000,_xlpm.diff/1000,_xlpm.diff),IFERROR(IF(AND(_xlpm.start<>"",_xlpm.ende<>"",_xlpm.sek>=0),_xlpm.sek,""),"")),"")} -> 25.977 | P43: =IF(AND(D43="success",F43="success",G43="success"),SUM(M43:O43),"") -> 46.617 | Q43: =_xlfn.LET(_xlpm.t,$A43,_xlpm.s,_xlfn.MINIFS(Event_logs!$E$2:$E$1588,Event_logs!$A$2:$A$1588,_xlpm.t,Event_logs!$H$2:$H$1588,"fine_align_complete"),_xlpm.e,_xlfn.MINIFS(Event_logs!$E$2:$E$1588,Event_logs!$A$2:$A$1588,_xlpm.t,Event_logs!$H$2:$H$1588,"docking sucessfull"),IF(AND(OR($I43="success",$I43="sucess"),_xlpm.s>0,_xlpm.e>_xlpm.s),(_xlpm.e-_xlpm.s)/1000,"")) | R43: {=IF($D43="success",_xlfn.LET(_xlpm.d,_xlfn.XLOOKUP(1,(Event_logs!$A$2:$A$1588=$A43)*(Event_logs!$H$2:$H$1588="side_align_complete"),Event_logs!$I$2:$I$1588,""),IFERROR(_xlfn.NUMBERVALUE(_xlfn.TEXTBEFORE(_xlfn.TEXTAFTER(_xlpm.d,"error_x=")&" "," "),".",","),"")),"")} -> -0.0028 | S43: {=IF(AND($F43="success",$D43="success"),_xlfn.LET(_xlpm.d,_xlfn.XLOOKUP(1,(Event_logs!$A$2:$A$1588=$A43)*(Event_logs!$H$2:$H$1588="side_align_complete"),Event_logs!$I$2:$I$1588,""),IFERROR(_xlfn.NUMBERVALUE(_xlfn.TEXTBEFORE(_xlfn.TEXTAFTER(_xlpm.d,"error_x=")&" "," "),".",","),"")),"")} -> -0.0028 | T43: {=IF($D43="success",_xlfn.LET(_xlpm.d,_xlfn.XLOOKUP(1,(Event_logs!$A$2:$A$1588=$A43)*(Event_logs!$H$2:$H$1588="side_align_complete"),Event_logs!$I$2:$I$1588,""),IFERROR(_xlfn.NUMBERVALUE(_xlfn.TEXTBEFORE(_xlfn.TEXTAFTER(_xlpm.d,"yaw_error="),"deg"),".",","),"")),"")} -> 0.7 | U43: {=IF(AND($F43="success",D43="success"),_xlfn.LET(_xlpm.d,_xlfn.XLOOKUP(1,(Event_logs!$A$2:$A$1588=$A43)*(Event_logs!$H$2:$H$1588="side_align_complete"),Event_logs!$I$2:$I$1588,""),IFERROR(_xlfn.NUMBERVALUE(_xlfn.TEXTBEFORE(_xlfn.TEXTAFTER(_xlpm.d,"yaw_error="),"deg"),".",","),"")),"")} -> 0.7 | W43: {=IF(OR($G43="success",$G43="sucess"),_xlfn.LET(_xlpm.d,_xlfn.XLOOKUP(1,(Event_logs!$A$2:$A$1588=$A43)*(Event_logs!$H$2:$H$1588="side_align_complete"),Event_logs!$I$2:$I$1588,""),IFERROR(_xlfn.NUMBERVALUE(_xlfn.TEXTBEFORE(_xlfn.TEXTAFTER(_xlpm.d,"yaw="),"deg"),".",","),"")),"")} -> -179.3 | X43: {=IF(OR($G43="success",$G43="sucess"),_xlfn.XLOOKUP(1,(Event_logs!$A$2:$A$1588=$A43)*(Event_logs!$H$2:$H$1588="side_align_complete"),Event_logs!$I$2:$I$1588,""),"")} -> side_align_left_done | final camera=left ids=[18, 19, 20] target_pair=[18, 19] target_x=+0.3532 target_y=+0.2830 center_x=+0.4056 center_y=+0.5901 yaw=-179.30deg error_x=-0.0028 yaw_error=+0.70deg tolerance_x=0.0060 tolerance_yaw=2.00deg | Z43: {=IF(OR($G43="success",$G43="sucess",$G43="unsuccessfull",$G43="partial"),_xlfn.LET(_xlpm.d,_xlfn.XLOOKUP(1,(Event_logs!$A$2:$A$1588=$A43)*(Event_logs!$H$2:$H$1588="fine_align_complete"),Event_logs!$I$2:$I$1588,""),IFERROR(_xlfn.NUMBERVALUE(_xlfn.TEXTBEFORE(_xlfn.TEXTAFTER(_xlpm.d,"error_x=")&" "," "),".",","),"")),"")} -> 0.0038 | AA43: {=IF(AND($G43="success",$I43="success"),_xlfn.LET(_xlpm.d,_xlfn.XLOOKUP(1,(Event_logs!$A$2:$A$1588=$A43)*(Event_logs!$H$2:$H$1588="fine_align_complete"),Event_logs!$I$2:$I$1588,""),IFERROR(_xlfn.NUMBERVALUE(_xlfn.TEXTBEFORE(_xlfn.TEXTAFTER(_xlpm.d,"error_x=")&" "," "),".",","),"")),"")} | AB43: {=IF($G43="success",_xlfn.LET(_xlpm.d,_xlfn.XLOOKUP(1,(Event_logs!$A$2:$A$1588=$A43)*(Event_logs!$H$2:$H$1588="fine_align_complete"),Event_logs!$I$2:$I$1588,""),IFERROR(_xlfn.NUMBERVALUE(_xlfn.TEXTBEFORE(_xlfn.TEXTAFTER(_xlpm.d,"error_y=")&" "," "),".",","),"")),"")} -> 0.0046 | AC43: {=IF(AND($G43="success",$I43="success"),_xlfn.LET(_xlpm.d,_xlfn.XLOOKUP(1,(Event_logs!$A$2:$A$1588=$A43)*(Event_logs!$H$2:$H$1588="fine_align_complete"),Event_logs!$I$2:$I$1588,""),IFERROR(_xlfn.NUMBERVALUE(_xlfn.TEXTBEFORE(_xlfn.TEXTAFTER(_xlpm.d,"error_y=")&" "," "),".",","),"")),"")} | AD43: {=IF(AND($G43="success",$I43="success"),_xlfn.LET(_xlpm.d,_xlfn.XLOOKUP(1,(Event_logs!$A$2:$A$1588=$A43)*(Event_logs!$H$2:$H$1588="fine_align_complete"),Event_logs!$I$2:$I$1588,""),IFERROR(_xlfn.NUMBERVALUE(_xlfn.TEXTBEFORE(_xlfn.TEXTAFTER(_xlpm.d,"yaw_error="),"deg"),".",","),"")),"")} | AE43: {=IF($G43="success",_xlfn.LET(_xlpm.d,_xlfn.XLOOKUP(1,(Event_logs!$A$2:$A$1588=$A43)*(Event_logs!$H$2:$H$1588="fine_align_complete"),Event_logs!$I$2:$I$1588,""),IFERROR(_xlfn.NUMBERVALUE(_xlfn.TEXTBEFORE(_xlfn.TEXTAFTER(_xlpm.d,"yaw_error="),"deg"),".",","),"")),"")} -> 0.57
A44: =IF(Handnotes!$A$20="y",Handnotes!$B$20,"") -> 19 | B44: =IF($A44="","",IFERROR(Handnotes!$C$20,"")) -> Flipped 180 deg | C44: =IF($A44="","",IFERROR(Handnotes!$D$20,"")) -> Laundry Trolley | D44: =IF($A44="","",IFERROR(Handnotes!$E$20,"")) -> partial | E44: =IF($A44="","",IFERROR(Handnotes!$G$20,"")) -> correct | F44: =IF($A44="","",IFERROR(Handnotes!$H$20,"")) -> success | G44: =IF($A44="","",IFERROR(Handnotes!$J$20,"")) -> success | H44: =IF($A44="","",IFERROR(Handnotes!$K$20,"")) -> YES | I44: =IF($A44="","",IFERROR(Handnotes!$M$20,"")) -> success | J44: =IF($A44="","",IFERROR(Handnotes!$O$20,"")) -> success | K44: =IF($A44="","",IFERROR(Handnotes!$P$20,"")) -> success | L44: =IF($A44="","",IFERROR(Handnotes!$Q$20,"")) -> success | M44: {=IF($D44="success",_xlfn.LET(_xlpm.run,$A44,_xlpm.start_cmd,IFERROR(_xlfn.XLOOKUP(1,(Event_logs!$A$2:$A$1588=_xlpm.run)*(Event_logs!$F$2:$F$1588="command")*(Event_logs!$G$2:$G$1588="trolley_command")*(Event_logs!$H$2:$H$1588="side_align"),Event_logs!$E$2:$E$1588),""),_xlpm.start_fb,IFERROR(_xlfn.XLOOKUP(1,(Event_logs!$A$2:$A$1588=_xlpm.run)*(Event_logs!$F$2:$F$1588="dropzone_status")*ISNUMBER(SEARCH("side_aligning",Event_logs!$I$2:$I$1588)),Event_logs!$E$2:$E$1588),""),_xlpm.start,IF(_xlpm.start_cmd<>"",_xlpm.start_cmd,_xlpm.start_fb),_xlpm.ende,IFERROR(_xlfn.XLOOKUP(1,(Event_logs!$A$2:$A$1588=_xlpm.run)*(Event_logs!$F$2:$F$1588="physical_status")*(Event_logs!$G$2:$G$1588="physical_alignment")*(Event_logs!$H$2:$H$1588="side_align_complete")*ISNUMBER(SEARCH("side_align_left_done",Event_logs!$I$2:$I$1588)),Event_logs!$E$2:$E$1588),""),_xlpm.diff,_xlpm.ende-_xlpm.start,_xlpm.sek,IF(_xlpm.diff>1000,_xlpm.diff/1000,_xlpm.diff),IFERROR(IF(AND(_xlpm.start<>"",_xlpm.ende<>"",_xlpm.sek>=0),_xlpm.sek,""),"")),"")} | N44: {=IF($F44="success",_xlfn.LET(_xlpm.run,$A44,_xlpm.start_cmd,IFERROR(_xlfn.XLOOKUP(1,(Event_logs!$A$2:$A$1588=_xlpm.run)*(Event_logs!$F$2:$F$1588="command")*(Event_logs!$G$2:$G$1588="trolley_command")*(Event_logs!$H$2:$H$1588="drive_under"),Event_logs!$E$2:$E$1588),""),_xlpm.start_fb,IFERROR(_xlfn.XLOOKUP(1,(Event_logs!$A$2:$A$1588=_xlpm.run)*(Event_logs!$F$2:$F$1588="dropzone_status")*ISNUMBER(SEARCH("drive_under_active",Event_logs!$I$2:$I$1588)),Event_logs!$E$2:$E$1588),""),_xlpm.start,IF(_xlpm.start_cmd<>"",_xlpm.start_cmd,_xlpm.start_fb),_xlpm.ende,IFERROR(_xlfn.XLOOKUP(1,(Event_logs!$A$2:$A$1588=_xlpm.run)*(Event_logs!$F$2:$F$1588="physical_status")*(Event_logs!$G$2:$G$1588="physical_alignment")*(Event_logs!$H$2:$H$1588="under_trolley")*ISNUMBER(SEARCH("drive_straight_under_done",Event_logs!$I$2:$I$1588)),Event_logs!$E$2:$E$1588),""),_xlpm.diff,_xlpm.ende-_xlpm.start,_xlpm.sek,IF(_xlpm.diff>1000,_xlpm.diff/1000,_xlpm.diff),IFERROR(IF(AND(_xlpm.start<>"",_xlpm.ende<>"",_xlpm.sek>=0),_xlpm.sek,""),"")),"")} -> 9.447 | O44: {=IF($G44="success",_xlfn.LET(_xlpm.run,$A44,_xlpm.start_cmd,IFERROR(_xlfn.XLOOKUP(1,(Event_logs!$A$2:$A$1588=_xlpm.run)*(Event_logs!$F$2:$F$1588="command")*(Event_logs!$G$2:$G$1588="trolley_command")*(Event_logs!$H$2:$H$1588="fine_align"),Event_logs!$E$2:$E$1588),""),_xlpm.start_fb,IFERROR(_xlfn.XLOOKUP(1,(Event_logs!$A$2:$A$1588=_xlpm.run)*(Event_logs!$F$2:$F$1588="dropzone_status")*ISNUMBER(SEARCH("fine_aligning",Event_logs!$I$2:$I$1588)),Event_logs!$E$2:$E$1588),""),_xlpm.start,IF(_xlpm.start_cmd<>"",_xlpm.start_cmd,_xlpm.start_fb),_xlpm.ende,IFERROR(_xlfn.XLOOKUP(1,(Event_logs!$A$2:$A$1588=_xlpm.run)*(Event_logs!$F$2:$F$1588="physical_status")*(Event_logs!$G$2:$G$1588="physical_alignment")*(Event_logs!$H$2:$H$1588="fine_align_complete")*ISNUMBER(SEARCH("fine_align_under_done",Event_logs!$I$2:$I$1588)),Event_logs!$E$2:$E$1588),""),_xlpm.diff,_xlpm.ende-_xlpm.start,_xlpm.sek,IF(_xlpm.diff>1000,_xlpm.diff/1000,_xlpm.diff),IFERROR(IF(AND(_xlpm.start<>"",_xlpm.ende<>"",_xlpm.sek>=0),_xlpm.sek,""),"")),"")} -> 25.445 | P44: =IF(AND(D44="success",F44="success",G44="success"),SUM(M44:O44),"") | Q44: =_xlfn.LET(_xlpm.t,$A44,_xlpm.s,_xlfn.MINIFS(Event_logs!$E$2:$E$1588,Event_logs!$A$2:$A$1588,_xlpm.t,Event_logs!$H$2:$H$1588,"fine_align_complete"),_xlpm.e,_xlfn.MINIFS(Event_logs!$E$2:$E$1588,Event_logs!$A$2:$A$1588,_xlpm.t,Event_logs!$H$2:$H$1588,"docking sucessfull"),IF(AND(OR($I44="success",$I44="sucess"),_xlpm.s>0,_xlpm.e>_xlpm.s),(_xlpm.e-_xlpm.s)/1000,"")) -> 31.172 | R44: {=IF($D44="success",_xlfn.LET(_xlpm.d,_xlfn.XLOOKUP(1,(Event_logs!$A$2:$A$1588=$A44)*(Event_logs!$H$2:$H$1588="side_align_complete"),Event_logs!$I$2:$I$1588,""),IFERROR(_xlfn.NUMBERVALUE(_xlfn.TEXTBEFORE(_xlfn.TEXTAFTER(_xlpm.d,"error_x=")&" "," "),".",","),"")),"")} | S44: {=IF(AND($F44="success",$D44="success"),_xlfn.LET(_xlpm.d,_xlfn.XLOOKUP(1,(Event_logs!$A$2:$A$1588=$A44)*(Event_logs!$H$2:$H$1588="side_align_complete"),Event_logs!$I$2:$I$1588,""),IFERROR(_xlfn.NUMBERVALUE(_xlfn.TEXTBEFORE(_xlfn.TEXTAFTER(_xlpm.d,"error_x=")&" "," "),".",","),"")),"")} | T44: {=IF($D44="success",_xlfn.LET(_xlpm.d,_xlfn.XLOOKUP(1,(Event_logs!$A$2:$A$1588=$A44)*(Event_logs!$H$2:$H$1588="side_align_complete"),Event_logs!$I$2:$I$1588,""),IFERROR(_xlfn.NUMBERVALUE(_xlfn.TEXTBEFORE(_xlfn.TEXTAFTER(_xlpm.d,"yaw_error="),"deg"),".",","),"")),"")} | U44: {=IF(AND($F44="success",D44="success"),_xlfn.LET(_xlpm.d,_xlfn.XLOOKUP(1,(Event_logs!$A$2:$A$1588=$A44)*(Event_logs!$H$2:$H$1588="side_align_complete"),Event_logs!$I$2:$I$1588,""),IFERROR(_xlfn.NUMBERVALUE(_xlfn.TEXTBEFORE(_xlfn.TEXTAFTER(_xlpm.d,"yaw_error="),"deg"),".",","),"")),"")} | W44: {=IF(OR($G44="success",$G44="sucess"),_xlfn.LET(_xlpm.d,_xlfn.XLOOKUP(1,(Event_logs!$A$2:$A$1588=$A44)*(Event_logs!$H$2:$H$1588="side_align_complete"),Event_logs!$I$2:$I$1588,""),IFERROR(_xlfn.NUMBERVALUE(_xlfn.TEXTBEFORE(_xlfn.TEXTAFTER(_xlpm.d,"yaw="),"deg"),".",","),"")),"")} -> 179.75 | X44: {=IF(OR($G44="success",$G44="sucess"),_xlfn.XLOOKUP(1,(Event_logs!$A$2:$A$1588=$A44)*(Event_logs!$H$2:$H$1588="side_align_complete"),Event_logs!$I$2:$I$1588,""),"")} -> side_align_left_done | final camera=left ids=[16, 17, 18, 19, 20] target_pair=[18, 19] target_x=+0.3554 target_y=+0.2576 center_x=+0.3169 center_y=+0.5635 yaw=+179.75deg error_x=-0.0006 yaw_error=-0.25deg tolerance_x=0.0060 tolerance_yaw=2.00deg | Z44: {=IF(OR($G44="success",$G44="sucess",$G44="unsuccessfull",$G44="partial"),_xlfn.LET(_xlpm.d,_xlfn.XLOOKUP(1,(Event_logs!$A$2:$A$1588=$A44)*(Event_logs!$H$2:$H$1588="fine_align_complete"),Event_logs!$I$2:$I$1588,""),IFERROR(_xlfn.NUMBERVALUE(_xlfn.TEXTBEFORE(_xlfn.TEXTAFTER(_xlpm.d,"error_x=")&" "," "),".",","),"")),"")} -> -0.0039 | AA44: {=IF(AND($G44="success",$I44="success"),_xlfn.LET(_xlpm.d,_xlfn.XLOOKUP(1,(Event_logs!$A$2:$A$1588=$A44)*(Event_logs!$H$2:$H$1588="fine_align_complete"),Event_logs!$I$2:$I$1588,""),IFERROR(_xlfn.NUMBERVALUE(_xlfn.TEXTBEFORE(_xlfn.TEXTAFTER(_xlpm.d,"error_x=")&" "," "),".",","),"")),"")} -> -0.0039 | AB44: {=IF($G44="success",_xlfn.LET(_xlpm.d,_xlfn.XLOOKUP(1,(Event_logs!$A$2:$A$1588=$A44)*(Event_logs!$H$2:$H$1588="fine_align_complete"),Event_logs!$I$2:$I$1588,""),IFERROR(_xlfn.NUMBERVALUE(_xlfn.TEXTBEFORE(_xlfn.TEXTAFTER(_xlpm.d,"error_y=")&" "," "),".",","),"")),"")} -> -0.0057 | AC44: {=IF(AND($G44="success",$I44="success"),_xlfn.LET(_xlpm.d,_xlfn.XLOOKUP(1,(Event_logs!$A$2:$A$1588=$A44)*(Event_logs!$H$2:$H$1588="fine_align_complete"),Event_logs!$I$2:$I$1588,""),IFERROR(_xlfn.NUMBERVALUE(_xlfn.TEXTBEFORE(_xlfn.TEXTAFTER(_xlpm.d,"error_y=")&" "," "),".",","),"")),"")} -> -0.0057 | AD44: {=IF(AND($G44="success",$I44="success"),_xlfn.LET(_xlpm.d,_xlfn.XLOOKUP(1,(Event_logs!$A$2:$A$1588=$A44)*(Event_logs!$H$2:$H$1588="fine_align_complete"),Event_logs!$I$2:$I$1588,""),IFERROR(_xlfn.NUMBERVALUE(_xlfn.TEXTBEFORE(_xlfn.TEXTAFTER(_xlpm.d,"yaw_error="),"deg"),".",","),"")),"")} -> 2.59 | AE44: {=IF($G44="success",_xlfn.LET(_xlpm.d,_xlfn.XLOOKUP(1,(Event_logs!$A$2:$A$1588=$A44)*(Event_logs!$H$2:$H$1588="fine_align_complete"),Event_logs!$I$2:$I$1588,""),IFERROR(_xlfn.NUMBERVALUE(_xlfn.TEXTBEFORE(_xlfn.TEXTAFTER(_xlpm.d,"yaw_error="),"deg"),".",","),"")),"")} -> 2.59
